version 3
run Highway-0-20260611-18:17:39-730643
attr configname Highway
attr datetime 20260611-18:17:39
attr datetimef 20260611-181739
attr experiment Highway
attr inifile omnetpp.ini
attr iterationvars ""
attr iterationvarsd ""
attr iterationvarsf ""
attr measurement ""
attr network SwarmNetwork
attr processid 730643
attr repetition 0
attr replication #0
attr resultdir results
attr runnumber 0
attr seedset 0
config description "Highway: 8 vehicles, 5km, sparse"
config SwarmNetwork.manager.launchConfig "xmldoc(\"sumo_highway.launchd.xml\")"
config **.maliciousRatio 0.0
config **.maliciousMode "\"NONE\""
config network SwarmNetwork
config sim-time-limit 300s
config record-eventlog false
config **.vector-recording true
config **.scalar-recording true
config SwarmNetwork.playgroundSizeX 6000m
config SwarmNetwork.playgroundSizeY 1200m
config SwarmNetwork.playgroundSizeZ 50m
config SwarmNetwork.connectionManager.sendDirect true
config SwarmNetwork.connectionManager.maxInterfDist 300m
config SwarmNetwork.connectionManager.drawMaxIntfDist false
config SwarmNetwork.manager.updateInterval 0.1s
config SwarmNetwork.manager.host "\"localhost\""
config SwarmNetwork.manager.port 9999
config SwarmNetwork.manager.autoShutdown true
config SwarmNetwork.manager.launchConfig "xmldoc(\"sumo_highway.launchd.xml\")"
config SwarmNetwork.node[*].applType "\"SwarmVehicle\""
config SwarmNetwork.node[*].appl.headerLength 80bit
config SwarmNetwork.node[*].appl.sendBeacons true
config SwarmNetwork.node[*].appl.dataOnSch false
config SwarmNetwork.node[*].appl.beaconInterval 0.1s
config SwarmNetwork.node[*].veinsmobility.x 0
config SwarmNetwork.node[*].veinsmobility.y 0
config SwarmNetwork.node[*].veinsmobility.z 0
config SwarmNetwork.node[*].veinsmobility.setHostSpeed false
config SwarmNetwork.node[*].nic.phy80211p.usePropagationDelay false
config SwarmNetwork.node[*].nic.phy80211p.useNoiseFloor true
config SwarmNetwork.node[*].nic.phy80211p.noiseFloor -98dBm
config SwarmNetwork.node[*].nic.phy80211p.useThermalNoise true
config SwarmNetwork.node[*].nic.phy80211p.thermalNoise -110dBm
config SwarmNetwork.node[*].nic.phy80211p.sensitivity -89dBm
config SwarmNetwork.node[*].nic.phy80211p.maxTXPower 20mW
config SwarmNetwork.node[*].nic.phy80211p.initialRadioState 0
config SwarmNetwork.node[*].nic.phy80211p.collectCollisionStatistics false
config SwarmNetwork.node[*].nic.phy80211p.channelNumber 180
config SwarmNetwork.node[*].nic.phy80211p.headerLength 46bit
config SwarmNetwork.node[*].nic.phy80211p.decider "xmldoc(\"config.xml\")"
config SwarmNetwork.node[*].nic.phy80211p.analogueModels "xmldoc(\"config.xml\")"
config SwarmNetwork.node[*].nic.phy80211p.antenna default
config SwarmNetwork.node[*].nic.phy80211p.minPowerLevel -110dBm
config SwarmNetwork.node[*].nic.phy80211p.carrierFrequency "5.890e9 Hz"
config SwarmNetwork.node[*].nic.phy80211p.drawCommunicationRange false
config SwarmNetwork.node[*].nic.mac1609_4.useServiceChannel false
config SwarmNetwork.node[*].nic.mac1609_4.queueSize 14
config SwarmNetwork.node[*].nic.mac1609_4.contentionWindowMin 15
config SwarmNetwork.node[*].nic.mac1609_4.contentionWindowMax 1007
config SwarmNetwork.node[*].nic.mac1609_4.AIFS 2
config SwarmNetwork.node[*].nic.mac1609_4.slotDuration 13us
config SwarmNetwork.node[*].nic.mac1609_4.guardSize 4us
config SwarmNetwork.node[*].nic.mac1609_4.txPower 20mW
config SwarmNetwork.node[*].nic.mac1609_4.bitrate 6Mbps
config SwarmNetwork.node[*].nic.mac1609_4.headerLength 88bit
config SwarmNetwork.node[*].nic.mac1609_4.bandwidth 10MHz
config SwarmNetwork.node[*].nic.mac1609_4.centerFrequency "5.890e9 Hz"
config **.epochDuration 600s
config **.beaconInterval 0.1s
config **.preActivationLead 60s
config **.trustCacheTTL 30
config **.acfMaxStaleness 3
config **.proofPoolPrecompute 100
config **.dashboardPort 8765
config **.maliciousRatio 0.0
config **.maliciousMode "\"NONE\""

vector 0 SwarmNetwork.node[0].nic.phy80211p RadioState ETV
vector 1 SwarmNetwork.node[0].nic.phy80211p RadioChannel ETV
vector 2 SwarmNetwork.manager posx ETV
vector 3 SwarmNetwork.manager posy ETV
vector 4 SwarmNetwork.manager speed ETV
vector 5 SwarmNetwork.manager acceleration ETV
vector 6 SwarmNetwork.manager co2emission ETV
vector 7 SwarmNetwork.node[1].nic.phy80211p RadioState ETV
vector 8 SwarmNetwork.node[1].nic.phy80211p RadioChannel ETV
vector 9 SwarmNetwork.manager posx ETV
vector 10 SwarmNetwork.manager posy ETV
vector 11 SwarmNetwork.manager speed ETV
vector 12 SwarmNetwork.manager acceleration ETV
vector 13 SwarmNetwork.manager co2emission ETV
vector 14 SwarmNetwork.node[2].nic.phy80211p RadioState ETV
vector 15 SwarmNetwork.node[2].nic.phy80211p RadioChannel ETV
vector 16 SwarmNetwork.manager posx ETV
vector 17 SwarmNetwork.manager posy ETV
vector 18 SwarmNetwork.manager speed ETV
vector 19 SwarmNetwork.manager acceleration ETV
vector 20 SwarmNetwork.manager co2emission ETV
vector 21 SwarmNetwork.node[3].nic.phy80211p RadioState ETV
vector 22 SwarmNetwork.node[3].nic.phy80211p RadioChannel ETV
vector 23 SwarmNetwork.manager posx ETV
vector 24 SwarmNetwork.manager posy ETV
vector 25 SwarmNetwork.manager speed ETV
vector 26 SwarmNetwork.manager acceleration ETV
vector 27 SwarmNetwork.manager co2emission ETV
vector 28 SwarmNetwork.node[4].nic.phy80211p RadioState ETV
vector 29 SwarmNetwork.node[4].nic.phy80211p RadioChannel ETV
vector 30 SwarmNetwork.manager posx ETV
vector 31 SwarmNetwork.manager posy ETV
vector 32 SwarmNetwork.manager speed ETV
vector 33 SwarmNetwork.manager acceleration ETV
vector 34 SwarmNetwork.manager co2emission ETV
vector 35 SwarmNetwork.node[5].nic.phy80211p RadioState ETV
vector 36 SwarmNetwork.node[5].nic.phy80211p RadioChannel ETV
vector 37 SwarmNetwork.manager posx ETV
vector 38 SwarmNetwork.manager posy ETV
vector 39 SwarmNetwork.manager speed ETV
vector 40 SwarmNetwork.manager acceleration ETV
vector 41 SwarmNetwork.manager co2emission ETV
2	2	0.1	25
2	5	0.2	25.025286542447
2	8	0.3	25.075052837365
2	11	0.4	25.148109769865
2	14	0.5	25.242985183624
2	17	0.6	25.360217633794
2	20	0.7	25.497305801301
2	23	0.8	25.655950768863
2	26	0.9	25.832773697948
2	29	1	26.031300281693
2	33	1.1	26.248826534113
2	36	1.2	26.484488177867
2	40	1.3	26.741152859415
2	44	1.4	27.018128907232
2	47	1.5	27.317237005182
2	51	1.6	27.630752054108
2	55	1.7	27.96952983435
2	58	1.8	28.32177999866
2	62	1.9	28.69648563114
2	66	2	29.092206523844
2	69	2.1	29.507717770096
2	73	2.2	29.938936590913
2	77	2.3	30.385597218287
2	80	2.4	30.85138221168
2	84	2.5	31.336927501845
2	88	2.6	31.841088212682
2	91	2.7	32.366142721207
2	95	2.8	32.9051644735
2	99	2.9	33.459317201799
2	102	3	34.038546461334
2	106	3.1	34.639389570768
2	110	3.2	35.265099999342
2	113	3.3	35.90838419352
2	117	3.4	36.57740554851
2	121	3.5	37.267639763514
2	124	3.6	37.973049920561
2	128	3.7	38.692017060602
2	132	3.8	39.426868162803
2	135	3.9	40.185894704898
2	139	4	40.959611089104
2	143	4.1	41.748016339047
2	146	4.2	42.549699550532
2	150	4.3	43.371225857497
2	154	4.4	44.208363103132
2	157	4.5	45.061088508984
2	161	4.6	45.93381468312
2	165	4.7	46.82577465001
2	168	4.8	47.733587737616
2	172	4.9	48.658575391284
2	176	5	49.608025477444
2	179	5.1	50.574107339133
2	185	5.2	51.558622943536
2	191	5.3	52.562152695972
2	196	5.4	53.581820445342
2	202	5.5	54.626111395829
2	208	5.6	55.69024554082
2	213	5.7	56.777957365333
2	219	5.8	57.882089253532
2	225	5.9	59.009405987094
2	230	6	60.160964884403
2	237	6.1	61.334309948659
2	243	6.2	62.531709239686
2	249	6.3	63.752218352701
2	256	6.4	64.993703109001
2	262	6.5	66.249454085174
2	268	6.6	67.525355711482
2	275	6.7	68.819287512786
2	281	6.8	70.127488782573
2	287	6.9	71.460399407791
2	294	7	72.806702515116
2	300	7.1	74.170514802023
2	306	7.2	75.55810526431
2	313	7.3	76.967039748385
2	319	7.4	78.392215312654
2	325	7.5	79.835489078257
2	332	7.6	81.300537229901
2	338	7.7	82.791085851013
2	344	7.8	84.299388909434
2	351	7.9	85.821225627355
2	357	8	87.360576071129
2	363	8.1	88.917670749502
2	370	8.2	90.487826533522
2	376	8.3	92.076418263223
2	382	8.4	93.68562320128
2	389	8.5	95.31465707177
2	395	8.6	96.961585310882
2	401	8.7	98.630119450967
2	408	8.8	100.31588181086
2	414	8.9	102.02352054808
2	420	9	103.74704079403
2	427	9.1	105.48421661631
2	433	9.2	107.23877958931
2	439	9.3	109.01916613096
2	446	9.4	110.8174556734
2	452	9.5	112.63298764064
2	458	9.6	114.46188432289
2	465	9.7	116.30536449005
2	471	9.8	118.16821954038
2	477	9.9	120.0563502997
2	484	10	121.96461598924
2	490	10.1	123.89862183903
2	498	10.2	125.85495119836
2	507	10.3	127.83260777959
2	515	10.4	129.83472090053
2	523	10.5	131.85138783486
2	532	10.6	133.89322085168
2	540	10.7	135.95370641324
2	548	10.8	138.03674191143
2	557	10.9	140.13386001117
2	565	11	142.24949080648
2	574	11.1	144.38751126045
2	583	11.2	146.54285537954
2	592	11.3	148.71578623482
2	601	11.4	150.91095481092
2	610	11.5	153.12695171725
2	619	11.6	155.36868722542
2	628	11.7	157.63161522835
2	637	11.8	159.91173161626
2	646	11.9	162.20869941953
2	655	12	164.51915877171
2	664	12.1	166.8457887369
2	673	12.2	169.19072215705
2	682	12.3	171.55334960316
2	691	12.4	173.92959131215
2	700	12.5	176.32599345062
2	709	12.6	178.73930235848
2	718	12.7	181.16863995821
2	727	12.8	183.61882298334
2	736	12.9	186.09175865689
2	745	13	188.57923177077
2	754	13.1	191.08505483856
2	763	13.2	193.61036068937
2	772	13.3	196.15866961088
2	781	13.4	198.72746841682
2	790	13.5	201.31609394498
2	799	13.6	203.92679900053
2	808	13.7	206.55976017303
2	817	13.8	209.21068714498
2	826	13.9	211.87619423844
2	835	14	214.56382366164
2	844	14.1	217.27285047821
2	853	14.2	220.00041106645
2	862	14.3	222.74137515173
2	871	14.4	225.50273079736
2	880	14.5	228.28825001226
2	889	14.6	231.0941029832
2	898	14.7	233.92257152207
2	907	14.8	236.76788950934
2	916	14.9	239.63791309849
2	925	15	242.52465155077
2	934	15.1	245.42645518136
2	945	15.2	248.35377053996
2	956	15.3	251.30491688082
2	967	15.4	254.27081908887
2	978	15.5	257.26090165334
2	989	15.6	260.26421074338
2	1000	15.7	263.28805885363
2	1011	15.8	266.33315551459
2	1022	15.9	269.40125252511
2	1033	16	272.48307592985
2	1045	16.1	275.58648708499
2	1056	16.2	278.71149143362
2	1068	16.3	281.86027295654
2	1080	16.4	285.02368503095
2	1091	16.5	288.20518981808
2	1103	16.6	291.40250722999
2	1115	16.7	294.62516983114
2	1126	16.8	297.86093127914
2	1138	16.9	301.11386454911
2	1150	17	304.38303684387
2	1161	17.1	307.67100398695
2	1173	17.2	310.98207936814
2	1185	17.3	314.30767491222
2	1196	17.4	317.62806183532
2	1208	17.5	320.95995299295
2	1220	17.6	324.28661110277
2	1231	17.7	327.60691784569
2	1243	17.8	330.93286536159
2	1255	17.9	334.25619551254
2	1266	18	337.58039345205
2	1278	18.1	340.90410239192
2	1290	18.2	344.23117420182
2	1301	18.3	347.56239033635
2	1313	18.4	350.8839297261
2	1325	18.5	354.2085345263
2	1336	18.6	357.5347782808
2	1348	18.7	360.86372409793
2	1360	18.8	364.1852147083
2	1371	18.9	367.51228502126
2	1383	19	370.83503140878
2	1395	19.1	374.15658753992
2	1406	19.2	377.47714067879
2	1418	19.3	380.80089008911
2	1430	19.4	384.12439434077
2	1441	19.5	387.45460089119
2	1453	19.6	390.77710234775
2	1465	19.7	394.10132933226
2	1476	19.8	397.43205551692
2	1488	19.9	400.75903456437
2	1500	20	404.08937130947
2	1511	20.1	407.42074847968
2	1525	20.2	410.74379925139
2	1539	20.3	414.07397239497
2	1552	20.4	417.39937420603
2	1566	20.5	420.72864431044
2	1580	20.6	424.06143072523
2	1593	20.7	427.38360123
2	1607	20.8	430.70897789779
2	1621	20.9	434.03443208509
2	1634	21	437.36303601866
2	1649	21.1	440.68461071206
2	1663	21.2	444.00722107846
2	1677	21.3	447.33374525549
2	1692	21.4	450.65871285849
2	1706	21.5	453.98050283134
2	1720	21.6	457.30728401736
2	1735	21.7	460.63678078468
2	1749	21.8	463.95909325413
2	1763	21.9	467.29052471318
2	1778	22	470.61231622349
2	1792	22.1	473.93506087743
2	1806	22.2	477.2637299904
2	1821	22.3	480.58665213323
2	1835	22.4	483.91895757992
2	1849	22.5	487.24502252613
2	1864	22.6	490.576988739
2	1878	22.7	493.89945322577
2	1892	22.8	497.22520743154
2	1907	22.9	500.55695228656
2	1921	23	503.88923242044
2	1935	23.1	507.21627173124
2	1950	23.2	510.54022860044
2	1964	23.3	513.86247928566
2	1978	23.4	517.19474026071
2	1993	23.5	520.51672568159
2	2007	23.6	523.84486611078
2	2021	23.7	527.16626946518
2	2036	23.8	530.49329133875
2	2050	23.9	533.81991069673
2	2064	24	537.14892216543
2	2079	24.1	540.4796587101
2	2093	24.2	543.80706347838
2	2107	24.3	547.13819369661
2	2122	24.4	550.46951850923
2	2136	24.5	553.80044019836
2	2150	24.6	557.12637072096
2	2165	24.7	560.45829208828
2	2179	24.8	563.78610475903
2	2193	24.9	567.11295289033
2	2208	25	570.43611476793
2	2222	25.1	573.75914424235
2	2238	25.2	577.08911699118
2	2255	25.3	580.41486544428
2	2271	25.4	583.73664615026
2	2287	25.5	587.06854113636
2	2304	25.6	590.38920026912
2	2320	25.7	593.71274021674
2	2336	25.8	597.04418318921
2	2353	25.9	600.37026914985
2	2369	26	603.69442563782
2	2386	26.1	607.02622927924
2	2403	26.2	610.35614602646
2	2420	26.3	613.6824760532
2	2437	26.4	617.01505400435
2	2454	26.5	620.34316305879
2	2471	26.6	623.67298259047
2	2488	26.7	627.0019517111
2	2505	26.8	630.32663139709
2	2522	26.9	633.64920752713
2	2539	27	636.97725804695
2	2556	27.1	640.29915682546
2	2573	27.2	643.62146355265
2	2590	27.3	646.94186781318
2	2607	27.4	650.26526493862
2	2624	27.5	653.59492090334
2	2641	27.6	656.91625899196
2	2658	27.7	660.24629156498
2	2675	27.8	663.5746361678
2	2692	27.9	666.90615655149
2	2709	28	670.23429137192
2	2726	28.1	673.55694942021
2	2743	28.2	676.87843191075
2	2760	28.3	680.20421221437
2	2777	28.4	683.53045685764
2	2794	28.5	686.86152207678
2	2811	28.6	690.18530413923
2	2828	28.7	693.51248643293
2	2845	28.8	696.84418601625
3	2	0.1	28.2
3	5	0.2	28.2
3	8	0.3	28.2
3	11	0.4	28.2
3	14	0.5	28.2
3	17	0.6	28.2
3	20	0.7	28.2
3	23	0.8	28.2
3	26	0.9	28.2
3	29	1	28.2
3	33	1.1	28.2
3	36	1.2	28.2
3	40	1.3	28.2
3	44	1.4	28.2
3	47	1.5	28.2
3	51	1.6	28.2
3	55	1.7	28.2
3	58	1.8	28.2
3	62	1.9	28.2
3	66	2	28.2
3	69	2.1	28.2
3	73	2.2	28.2
3	77	2.3	28.2
3	80	2.4	28.2
3	84	2.5	28.2
3	88	2.6	28.2
3	91	2.7	28.2
3	95	2.8	28.2
3	99	2.9	28.2
3	102	3	28.2
3	106	3.1	28.2
3	110	3.2	28.2
3	113	3.3	28.2
3	117	3.4	28.2
3	121	3.5	28.2
3	124	3.6	28.2
3	128	3.7	28.2
3	132	3.8	28.2
3	135	3.9	28.2
3	139	4	28.2
3	143	4.1	28.2
3	146	4.2	28.2
3	150	4.3	28.2
3	154	4.4	28.2
3	157	4.5	28.2
3	161	4.6	28.2
3	165	4.7	28.2
3	168	4.8	28.2
3	172	4.9	28.2
3	176	5	28.2
3	179	5.1	28.2
3	185	5.2	28.2
3	191	5.3	28.2
3	196	5.4	28.2
3	202	5.5	28.2
3	208	5.6	28.2
3	213	5.7	28.2
3	219	5.8	28.2
3	225	5.9	28.2
3	230	6	28.2
3	237	6.1	28.2
3	243	6.2	28.2
3	249	6.3	28.2
3	256	6.4	28.2
3	262	6.5	28.2
3	268	6.6	28.2
3	275	6.7	28.2
3	281	6.8	28.2
3	287	6.9	28.2
3	294	7	28.2
3	300	7.1	28.2
3	306	7.2	28.2
3	313	7.3	28.2
3	319	7.4	28.2
3	325	7.5	28.2
3	332	7.6	28.2
3	338	7.7	28.2
3	344	7.8	28.2
3	351	7.9	28.2
3	357	8	28.2
3	363	8.1	28.2
3	370	8.2	28.2
3	376	8.3	28.2
3	382	8.4	28.2
3	389	8.5	28.2
3	395	8.6	28.2
3	401	8.7	28.2
3	408	8.8	28.2
3	414	8.9	28.2
3	420	9	28.2
3	427	9.1	28.2
3	433	9.2	28.2
3	439	9.3	28.2
3	446	9.4	28.2
3	452	9.5	28.2
3	458	9.6	28.2
3	465	9.7	28.2
3	471	9.8	28.2
3	477	9.9	28.2
3	484	10	28.2
3	490	10.1	28.2
3	498	10.2	28.2
3	507	10.3	28.2
3	515	10.4	28.2
3	523	10.5	28.2
3	532	10.6	28.2
3	540	10.7	28.2
3	548	10.8	28.2
3	557	10.9	28.2
3	565	11	28.2
3	574	11.1	28.2
3	583	11.2	28.2
3	592	11.3	28.2
3	601	11.4	28.2
3	610	11.5	28.2
3	619	11.6	28.2
3	628	11.7	28.2
3	637	11.8	28.2
3	646	11.9	28.2
3	655	12	28.2
3	664	12.1	28.2
3	673	12.2	28.2
3	682	12.3	28.2
3	691	12.4	28.2
3	700	12.5	28.2
3	709	12.6	28.2
3	718	12.7	28.2
3	727	12.8	28.2
3	736	12.9	28.2
3	745	13	28.2
3	754	13.1	28.2
3	763	13.2	28.2
3	772	13.3	28.2
3	781	13.4	28.2
3	790	13.5	28.2
3	799	13.6	28.2
3	808	13.7	28.2
3	817	13.8	28.2
3	826	13.9	28.2
3	835	14	28.2
3	844	14.1	28.2
3	853	14.2	28.2
3	862	14.3	28.2
3	871	14.4	28.2
3	880	14.5	28.2
3	889	14.6	28.2
3	898	14.7	28.2
3	907	14.8	28.2
3	916	14.9	28.2
3	925	15	28.2
3	934	15.1	28.2
3	945	15.2	28.2
3	956	15.3	28.2
3	967	15.4	28.2
3	978	15.5	28.2
3	989	15.6	28.2
3	1000	15.7	28.2
3	1011	15.8	28.2
3	1022	15.9	28.2
3	1033	16	28.2
3	1045	16.1	28.2
3	1056	16.2	28.2
3	1068	16.3	28.2
3	1080	16.4	28.2
3	1091	16.5	28.2
3	1103	16.6	28.2
3	1115	16.7	28.2
3	1126	16.8	28.2
3	1138	16.9	28.2
3	1150	17	28.2
3	1161	17.1	28.2
3	1173	17.2	28.2
3	1185	17.3	28.2
3	1196	17.4	28.2
3	1208	17.5	28.2
3	1220	17.6	28.2
3	1231	17.7	28.2
3	1243	17.8	28.2
3	1255	17.9	28.2
3	1266	18	28.2
3	1278	18.1	28.2
3	1290	18.2	28.2
3	1301	18.3	28.2
3	1313	18.4	28.2
3	1325	18.5	28.2
3	1336	18.6	28.2
3	1348	18.7	28.2
3	1360	18.8	28.2
3	1371	18.9	28.2
3	1383	19	28.2
3	1395	19.1	28.2
3	1406	19.2	28.2
3	1418	19.3	28.2
3	1430	19.4	28.2
3	1441	19.5	28.2
3	1453	19.6	28.2
3	1465	19.7	28.2
3	1476	19.8	28.2
3	1488	19.9	28.2
3	1500	20	28.2
3	1511	20.1	28.2
3	1525	20.2	28.2
3	1539	20.3	28.2
3	1552	20.4	28.2
3	1566	20.5	28.2
3	1580	20.6	28.2
3	1593	20.7	28.2
3	1607	20.8	28.2
3	1621	20.9	28.2
3	1634	21	28.2
3	1649	21.1	28.2
3	1663	21.2	28.2
3	1677	21.3	28.2
3	1692	21.4	28.2
3	1706	21.5	28.2
3	1720	21.6	28.2
3	1735	21.7	28.2
3	1749	21.8	28.2
3	1763	21.9	28.2
3	1778	22	28.2
3	1792	22.1	28.2
3	1806	22.2	28.2
3	1821	22.3	28.2
3	1835	22.4	28.2
3	1849	22.5	28.2
3	1864	22.6	28.2
3	1878	22.7	28.2
3	1892	22.8	28.2
3	1907	22.9	28.2
3	1921	23	28.2
3	1935	23.1	28.2
3	1950	23.2	28.2
3	1964	23.3	28.2
3	1978	23.4	28.2
3	1993	23.5	28.2
3	2007	23.6	28.2
3	2021	23.7	28.2
3	2036	23.8	28.2
3	2050	23.9	28.2
3	2064	24	28.2
3	2079	24.1	28.2
3	2093	24.2	28.2
3	2107	24.3	28.2
3	2122	24.4	28.2
3	2136	24.5	28.2
3	2150	24.6	28.2
3	2165	24.7	28.2
3	2179	24.8	28.2
3	2193	24.9	28.2
3	2208	25	28.2
3	2222	25.1	28.2
3	2238	25.2	28.2
3	2255	25.3	28.2
3	2271	25.4	28.2
3	2287	25.5	28.2
3	2304	25.6	28.2
3	2320	25.7	28.2
3	2336	25.8	28.2
3	2353	25.9	28.2
3	2369	26	28.2
3	2386	26.1	28.2
3	2403	26.2	28.2
3	2420	26.3	28.2
3	2437	26.4	28.2
3	2454	26.5	28.2
3	2471	26.6	28.2
3	2488	26.7	28.2
3	2505	26.8	28.2
3	2522	26.9	28.2
3	2539	27	28.2
3	2556	27.1	28.2
3	2573	27.2	28.2
3	2590	27.3	28.2
3	2607	27.4	28.2
3	2624	27.5	28.2
3	2641	27.6	28.2
3	2658	27.7	28.2
3	2675	27.8	28.2
3	2692	27.9	28.2
3	2709	28	28.2
3	2726	28.1	28.2
3	2743	28.2	28.2
3	2760	28.3	28.2
3	2777	28.4	28.2
3	2794	28.5	28.2
3	2811	28.6	28.2
3	2828	28.7	28.2
3	2845	28.8	28.2
4	5	0.2	0.25286542447004
4	8	0.3	0.49766294917859
4	11	0.4	0.73056932500431
4	14	0.5	0.94875413759194
4	17	0.6	1.1723245016953
4	20	0.7	1.3708816750736
4	23	0.8	1.5864496756212
4	26	0.9	1.7682292908497
4	29	1	1.985265837447
4	33	1.1	2.1752625241973
4	36	1.2	2.3566164375431
4	40	1.3	2.5666468154741
4	44	1.4	2.769760478177
4	47	1.5	2.9910809794938
4	51	1.6	3.1351504892655
4	55	1.7	3.3877778024212
4	58	1.8	3.5225016430937
4	62	1.9	3.7470563248065
4	66	2	3.9572089270348
4	69	2.1	4.1551124625196
4	73	2.2	4.3121882081739
4	77	2.3	4.4666062737335
4	80	2.4	4.6578499339343
4	84	2.5	4.855452901652
4	88	2.6	5.0416071083638
4	91	2.7	5.2505450852527
4	95	2.8	5.3902175229331
4	99	2.9	5.5415272829853
4	102	3	5.7922925953529
4	106	3.1	6.0084310943409
4	110	3.2	6.2571042857351
4	113	3.3	6.4328419417827
4	117	3.4	6.690213549897
4	121	3.5	6.9023421500399
4	124	3.6	7.0541015704707
4	128	3.7	7.1896714004091
4	132	3.8	7.3485110220135
4	135	3.9	7.5902654209486
4	139	4	7.7371638420652
4	143	4.1	7.8840524994265
4	146	4.2	8.0168321148501
4	150	4.3	8.2152630696478
4	154	4.4	8.3713724563489
4	157	4.5	8.527254058524
4	161	4.6	8.7272617413601
4	165	4.7	8.9195996688967
4	168	4.8	9.0781308760619
4	172	4.9	9.2498765366859
4	176	5	9.4945008615972
4	179	5.1	9.6608186168907
4	185	5.2	9.8451560440296
4	191	5.3	10.035297524359
4	196	5.4	10.196677493703
4	202	5.5	10.442909504868
4	208	5.6	10.641341449913
4	213	5.7	10.877118245122
4	219	5.8	11.041318881992
4	225	5.9	11.27316733562
4	230	6	11.515588973096
4	237	6.1	11.73345064256
4	243	6.2	11.973992910267
4	249	6.3	12.20509113015
4	256	6.4	12.414847563003
4	262	6.5	12.557509761724
4	268	6.6	12.759016263081
4	275	6.7	12.939318013041
4	281	6.8	13.082012697874
4	287	6.9	13.329106252173
4	294	7	13.463031073255
4	300	7.1	13.63812286907
4	306	7.2	13.875904622873
4	313	7.3	14.089344840747
4	319	7.4	14.251755642694
4	325	7.5	14.432737656022
4	332	7.6	14.65048151644
4	338	7.7	14.905486211121
4	344	7.8	15.083030584211
4	351	7.9	15.218367179207
4	357	8	15.393504437745
4	363	8.1	15.570946783727
4	370	8.2	15.701557840198
4	376	8.3	15.885917297011
4	382	8.4	16.09204938057
4	389	8.5	16.290338704904
4	395	8.6	16.469282391123
4	401	8.7	16.685341400847
4	408	8.8	16.857623598954
4	414	8.9	17.076387372134
4	420	9	17.23520245951
4	427	9.1	17.371758222828
4	433	9.2	17.545629729981
4	439	9.3	17.803865416537
4	446	9.4	17.982895424413
4	452	9.5	18.155319672377
4	458	9.6	18.288966822513
4	465	9.7	18.434801671601
4	471	9.8	18.628550503271
4	477	9.9	18.881307593191
4	484	10	19.082656895384
4	490	10.1	19.340058497981
4	498	10.2	19.56329359325
4	507	10.3	19.776565812282
4	515	10.4	20.021131209425
4	523	10.5	20.166669343315
4	532	10.6	20.418330168182
4	540	10.7	20.604855615649
4	548	10.8	20.830354981805
4	557	10.9	20.97118099745
4	565	11	21.156307953078
4	574	11.1	21.380204539754
4	583	11.2	21.553441190842
4	592	11.3	21.729308552827
4	601	11.4	21.951685761
4	610	11.5	22.159969063286
4	619	11.6	22.417355081715
4	628	11.7	22.629280029268
4	637	11.8	22.801163879159
4	646	11.9	22.969678032655
4	655	12	23.104593521816
4	664	12.1	23.26629965193
4	673	12.2	23.44933420149
4	682	12.3	23.62627446107
4	691	12.4	23.762417089868
4	700	12.5	23.964021384719
4	709	12.6	24.133089078647
4	718	12.7	24.293375997307
4	727	12.8	24.501830251257
4	736	12.9	24.729356735501
4	745	13	24.874731138759
4	754	13.1	25.058230677919
4	763	13.2	25.253058508119
4	772	13.3	25.483089215111
4	781	13.4	25.687988059398
4	790	13.5	25.886255281596
4	799	13.6	26.107050555487
4	808	13.7	26.329611724989
4	817	13.8	26.50926971949
4	826	13.9	26.655070934644
4	835	14	26.876294232026
4	844	14.1	27.090268165649
4	853	14.2	27.275605882393
4	862	14.3	27.409640852815
4	871	14.4	27.613556456332
4	880	14.5	27.855192148956
4	889	14.6	28.058529709443
4	898	14.7	28.28468538873
4	907	14.8	28.453179872607
4	916	14.9	28.700235891581
4	925	15	28.867384522791
4	934	15.1	29.018036305912
4	945	15.2	29.27315358593
4	956	15.3	29.511463408597
4	967	15.4	29.659022080527
4	978	15.5	29.900825644716
4	989	15.6	30.033090900342
4	1000	15.7	30.238481102545
4	1011	15.8	30.450966609585
4	1022	15.9	30.680970105176
4	1033	16	30.818234047479
4	1045	16.1	31.034111551394
4	1056	16.2	31.250043486255
4	1068	16.3	31.487815229195
4	1080	16.4	31.634120744128
4	1091	16.5	31.815047871341
4	1103	16.6	31.973174119097
4	1115	16.7	32.22662601146
4	1126	16.8	32.357614480025
4	1138	16.9	32.529332699665
4	1150	17	32.691722947563
4	1161	17.1	32.879671430873
4	1173	17.2	33.110753811822
4	1185	17.3	33.255955440858
4	1196	17.4	33.203869230964
4	1208	17.5	33.318911576283
4	1220	17.6	33.266581098221
4	1231	17.7	33.203067429261
4	1243	17.8	33.259475159
4	1255	17.9	33.233301509495
4	1266	18	33.241979395079
4	1278	18.1	33.237089398734
4	1290	18.2	33.270718098958
4	1301	18.3	33.312161345286
4	1313	18.4	33.215393897474
4	1325	18.5	33.246048002038
4	1336	18.6	33.26243754501
4	1348	18.7	33.289458171334
4	1360	18.8	33.214906103644
4	1371	18.9	33.270703129594
4	1383	19	33.227463875217
4	1395	19.1	33.215561311417
4	1406	19.2	33.205531388721
4	1418	19.3	33.237494103196
4	1430	19.4	33.235042516531
4	1441	19.5	33.302065504249
4	1453	19.6	33.225014565552
4	1465	19.7	33.242269845137
4	1476	19.8	33.30726184661
4	1488	19.9	33.269790474458
4	1500	20	33.303367450996
4	1511	20.1	33.313771702084
4	1525	20.2	33.230507717184
4	1539	20.3	33.301731435726
4	1552	20.4	33.254018110596
4	1566	20.5	33.29270104409
4	1580	20.6	33.327864147935
4	1593	20.7	33.221705047691
4	1607	20.8	33.253766677906
4	1621	20.9	33.254541873022
4	1634	21	33.286039335716
4	1649	21.1	33.215746933944
4	1663	21.2	33.226103663994
4	1677	21.3	33.265241770302
4	1692	21.4	33.249676030043
4	1706	21.5	33.217899728513
4	1720	21.6	33.267811860149
4	1735	21.7	33.294967673277
4	1749	21.8	33.223124694459
4	1763	21.9	33.314314590455
4	1778	22	33.217915103165
4	1792	22.1	33.227446539381
4	1806	22.2	33.286691129685
4	1821	22.3	33.229221428307
4	1835	22.4	33.323054466927
4	1849	22.5	33.260649462088
4	1864	22.6	33.31966212872
4	1878	22.7	33.224644867647
4	1892	22.8	33.25754205775
4	1907	22.9	33.317448550137
4	1921	23	33.322801338807
4	1935	23.1	33.270393108015
4	1950	23.2	33.239568691985
4	1964	23.3	33.222506852208
4	1978	23.4	33.322609750521
4	1993	23.5	33.219854208827
4	2007	23.6	33.281404291864
4	2021	23.7	33.214033543961
4	2036	23.8	33.270218735766
4	2050	23.9	33.266193579829
4	2064	24	33.290114686957
4	2079	24.1	33.307365446654
4	2093	24.2	33.274047682858
4	2107	24.3	33.311302182244
4	2122	24.4	33.313248126199
4	2136	24.5	33.309216891332
4	2150	24.6	33.259305226034
4	2165	24.7	33.319213673188
4	2179	24.8	33.278126707482
4	2193	24.9	33.268481313004
4	2208	25	33.231618775986
4	2222	25.1	33.230294744205
4	2238	25.2	33.299727488295
4	2255	25.3	33.257484531056
4	2271	25.4	33.217807059782
4	2287	25.5	33.318949860954
4	2304	25.6	33.206591327654
4	2320	25.7	33.235399476185
4	2336	25.8	33.314429724719
4	2353	25.9	33.260859606343
4	2369	26	33.241564879734
4	2386	26.1	33.318036414159
4	2403	26.2	33.299167472241
4	2420	26.3	33.263300267356
4	2437	26.4	33.325779511507
4	2454	26.5	33.281090544418
4	2471	26.6	33.298195316847
4	2488	26.7	33.289691206296
4	2505	26.8	33.246796859831
4	2522	26.9	33.22576130047
4	2539	27	33.280505198177
4	2556	27.1	33.21898778504
4	2573	27.2	33.223067271917
4	2590	27.3	33.204042605339
4	2607	27.4	33.233971254437
4	2624	27.5	33.296559647147
4	2641	27.6	33.213380886174
4	2658	27.7	33.30032573021
4	2675	27.8	33.283446028237
4	2692	27.9	33.315203836907
4	2709	28	33.281348204231
4	2726	28.1	33.226580482896
4	2743	28.2	33.214824905479
4	2760	28.3	33.257803036175
4	2777	28.4	33.262446432658
4	2794	28.5	33.31065219146
4	2811	28.6	33.237820624458
4	2828	28.7	33.271822937024
4	2845	28.8	33.316995833206
5	8	0.3	2.4479752470855
5	11	0.4	2.3290637582572
5	14	0.5	2.1818481258762
5	17	0.6	2.2357036410334
5	20	0.7	1.9855717337837
5	23	0.8	2.1556800054752
5	26	0.9	1.8177961522857
5	29	1	2.1703654659723
5	33	1.1	1.8999668675033
5	36	1.2	1.8135391334582
5	40	1.3	2.1003037793096
5	44	1.4	2.0311366270296
5	47	1.5	2.213205013168
5	51	1.6	1.4406950977165
5	55	1.7	2.5262731315568
5	58	1.8	1.3472384067252
5	62	1.9	2.2455468171276
5	66	2	2.1015260222834
5	69	2.1	1.979035354848
5	73	2.2	1.5707574565429
5	77	2.3	1.5441806555958
5	80	2.4	1.9124366020085
5	84	2.5	1.9760296771768
5	88	2.6	1.861542067118
5	91	2.7	2.0893797688885
5	95	2.8	1.3967243768042
5	99	2.9	1.5130976005224
5	102	3	2.5076531236758
5	106	3.1	2.16138498988
5	110	3.2	2.4867319139419
5	113	3.3	1.7573765604757
5	117	3.4	2.5737160811434
5	121	3.5	2.121286001429
5	124	3.6	1.5175942043075
5	128	3.7	1.3556982993847
5	132	3.8	1.5883962160442
5	135	3.9	2.4175439893501
5	139	4	1.4689842111664
5	143	4.1	1.4688865736127
5	146	4.2	1.3277961542364
5	150	4.3	1.9843095479766
5	154	4.4	1.5610938670114
5	157	4.5	1.5588160217507
5	161	4.6	2.0000768283615
5	165	4.7	1.9233792753657
5	168	4.8	1.5853120716521
5	172	4.9	1.71745660624
5	176	5	2.4462432491127
5	179	5.1	1.6631775529357
5	185	5.2	1.8433742713882
5	191	5.3	1.9014148032991
5	196	5.4	1.6137996934354
5	202	5.5	2.4623201116454
5	208	5.6	1.9843194504501
5	213	5.7	2.3577679520939
5	219	5.8	1.6420063687023
5	225	5.9	2.318484536279
5	230	6	2.4242163747549
5	237	6.1	2.1786166946404
5	243	6.2	2.4054226770764
5	249	6.3	2.310982198827
5	256	6.4	2.0975643285317
5	262	6.5	1.426621987205
5	268	6.6	2.0150650135707
5	275	6.7	1.8030174996005
5	281	6.8	1.4269468483282
5	287	6.9	2.4709355429979
5	294	7	1.3392482108204
5	300	7.1	1.7509179581422
5	306	7.2	2.3778175380314
5	313	7.3	2.1344021787401
5	319	7.4	1.6241080194712
5	325	7.5	1.8098201332847
5	332	7.6	2.1774386041798
5	338	7.7	2.5500469468068
5	344	7.8	1.7754437308991
5	351	7.9	1.3533659499604
5	357	8	1.7513725853758
5	363	8.1	1.7744234598242
5	370	8.2	1.3061105647124
5	376	8.3	1.8435945681296
5	382	8.4	2.0613208355848
5	389	8.5	1.9828932433389
5	395	8.6	1.7894368621986
5	401	8.7	2.1605900972383
5	408	8.8	1.7228219810641
5	414	8.9	2.1876377318054
5	420	9	1.588150873757
5	427	9.1	1.3655576331774
5	433	9.2	1.7387150715338
5	439	9.3	2.5823568655644
5	446	9.4	1.7903000787599
5	452	9.5	1.7242424796336
5	458	9.6	1.3364715013653
5	465	9.7	1.4583484908799
5	471	9.8	1.937488316698
5	477	9.9	2.5275708992034
5	484	10	2.0134930219269
5	490	10.1	2.5740160259651
5	498	10.2	2.2323509526905
5	507	10.3	2.1327221903251
5	515	10.4	2.4456539714243
5	523	10.5	1.4553813389037
5	532	10.6	2.5166082486743
5	540	10.7	1.8652544746641
5	548	10.8	2.2549936615629
5	557	10.9	1.4082601564471
5	565	11	1.8512695562793
5	574	11.1	2.2389658667613
5	583	11.2	1.7323665108765
5	592	11.3	1.7586736198515
5	601	11.4	2.2237720817328
5	610	11.5	2.0828330228571
5	619	11.6	2.5738601842895
5	628	11.7	2.1192494755378
5	637	11.8	1.7188384989044
5	646	11.9	1.6851415349636
5	655	12	1.3491548916092
5	664	12.1	1.6170613011345
5	673	12.2	1.830345495604
5	682	12.3	1.7694025957957
5	691	12.4	1.3614262879826
5	700	12.5	2.0160429485142
5	709	12.6	1.6906769392779
5	718	12.7	1.602869186597
5	727	12.8	2.0845425395062
5	736	12.9	2.2752648424357
5	745	13	1.4537440325832
5	754	13.1	1.8349953915924
5	763	13.2	1.9482783020009
5	772	13.3	2.3003070699284
5	781	13.4	2.048988442868
5	790	13.5	1.9826722219819
5	799	13.6	2.2079527389025
5	808	13.7	2.2256116950186
5	817	13.8	1.7965799450176
5	826	13.9	1.4580121515319
5	835	14	2.2122329738224
5	844	14.1	2.1397393362364
5	853	14.2	1.8533771674382
5	862	14.3	1.3403497042135
5	871	14.4	2.0391560351709
5	880	14.5	2.4163569262484
5	889	14.6	2.0333756048698
5	898	14.7	2.2615567928646
5	907	14.8	1.6849448387744
5	916	14.9	2.4705601897324
5	925	15	1.6714863121044
5	934	15.1	1.5065178312129
5	945	15.2	2.5511728001759
5	956	15.3	2.3830982266693
5	967	15.4	1.4755867192988
5	978	15.5	2.4180356418947
5	989	15.6	1.3226525562583
5	1000	15.7	2.0539020220284
5	1011	15.8	2.1248550703982
5	1022	15.9	2.3000349559123
5	1033	16	1.3726394230267
5	1045	16.1	2.1587750391569
5	1056	16.2	2.15931934861
5	1068	16.3	2.3777174293995
5	1080	16.4	1.4630551493261
5	1091	16.5	1.8092712721322
5	1103	16.6	1.5812624775572
5	1115	16.7	2.5345189236338
5	1126	16.8	1.3098846856504
5	1138	16.9	1.7171821963973
5	1150	17	1.6239024789771
5	1161	17.1	1.8794848331017
5	1173	17.2	2.3108238094952
5	1185	17.3	1.4520162903607
5	1196	17.4	-0.52086209894625
5	1208	17.5	1.1504234531894
5	1220	17.6	-0.52330478061918
5	1231	17.7	-0.63513668959494
5	1243	17.8	0.56407729738858
5	1255	17.9	-0.26173649504784
5	1266	18	0.086778855836016
5	1278	18.1	-0.048899963451561
5	1290	18.2	0.3362870022422
5	1301	18.3	0.41443246328271
5	1313	18.4	-0.96767447812013
5	1325	18.5	0.30654104563872
5	1336	18.6	0.16389542971737
5	1348	18.7	0.2702062632423
5	1360	18.8	-0.74552067690533
5	1371	18.9	0.55797025950163
5	1383	19	-0.43239254376388
5	1395	19.1	-0.11902563800099
5	1406	19.2	-0.10029922695836
5	1418	19.3	0.31962714474652
5	1430	19.4	-0.024515866651242
5	1441	19.5	0.67022987718232
5	1453	19.6	-0.7705093869707
5	1465	19.7	0.17255279584788
5	1476	19.8	0.64992001473442
5	1488	19.9	-0.37471372152211
5	1500	20	0.33576976538164
5	1511	20.1	0.10404251087458
5	1525	20.2	-0.83263984899965
5	1539	20.3	0.71223718542605
5	1552	20.4	-0.47713325130751
5	1566	20.5	0.3868293349398
5	1580	20.6	0.35163103844972
5	1593	20.7	-1.0615910024382
5	1607	20.8	0.32061630215026
5	1621	20.9	0.0077519511571467
5	1634	21	0.31497462694531
5	1649	21.1	-0.70292401772456
5	1663	21.2	0.10356730050404
5	1677	21.3	0.39138106307945
5	1692	21.4	-0.15565740258893
5	1706	21.5	-0.31776301530194
5	1720	21.6	0.49912131635942
5	1735	21.7	0.27155813127756
5	1749	21.8	-0.71842978817877
5	1763	21.9	0.91189895996358
5	1778	22	-0.96399487289602
5	1792	22.1	0.095314362156174
5	1806	22.2	0.59244590303862
5	1821	22.3	-0.57469701378139
5	1835	22.4	0.93833038620652
5	1849	22.5	-0.62405004838951
5	1864	22.6	0.59012666631027
5	1878	22.7	-0.95017261072066
5	1892	22.8	0.32897190102382
5	1907	22.9	0.59906492386943
5	1921	23	0.053527886699882
5	1935	23.1	-0.52408230791336
5	1950	23.2	-0.30824416030661
5	1964	23.3	-0.17061839776581
5	1978	23.4	1.001028983132
5	1993	23.5	-1.0275554169435
5	2007	23.6	0.61550083036998
5	2021	23.7	-0.67370747902892
5	2036	23.8	0.56185191804545
5	2050	23.9	-0.040251559368372
5	2064	24	0.23921107128267
5	2079	24.1	0.17250759697049
5	2093	24.2	-0.33317763796077
5	2107	24.3	0.37254499385604
5	2122	24.4	0.019459439557963
5	2136	24.5	-0.040312348678739
5	2150	24.6	-0.4991166529711
5	2165	24.7	0.59908447153866
5	2179	24.8	-0.41086965706199
5	2193	24.9	-0.096453944779924
5	2208	25	-0.36862537018024
5	2222	25.1	-0.013240317814081
5	2238	25.2	0.69432744090449
5	2255	25.3	-0.42242957239509
5	2271	25.4	-0.3967747127404
5	2287	25.5	1.011428011721
5	2304	25.6	-1.1235853329999
5	2320	25.7	0.2880814853124
5	2336	25.8	0.79030248534401
5	2353	25.9	-0.5357011837652
5	2369	26	-0.19294726608784
5	2386	26.1	0.76471534424925
5	2403	26.2	-0.18868941918484
5	2420	26.3	-0.35867204884994
5	2437	26.4	0.62479244151618
5	2454	26.5	-0.44688967089172
5	2471	26.6	0.17104772429448
5	2488	26.7	-0.085041105514421
5	2505	26.8	-0.42894346464891
5	2522	26.9	-0.2103555936133
5	2539	27	0.54743897707667
5	2556	27.1	-0.6151741313748
5	2573	27.2	0.040794868767264
5	2590	27.3	-0.19024666578048
5	2607	27.4	0.29928649098146
5	2624	27.5	0.62588392710317
5	2641	27.6	-0.83178760972807
5	2658	27.7	0.86944844035898
5	2675	27.8	-0.1687970197294
5	2692	27.9	0.31757808669937
5	2709	28	-0.33855632676278
5	2726	28.1	-0.5476772133494
5	2743	28.2	-0.11755577416622
5	2760	28.3	0.4297813069541
5	2777	28.4	0.046433964837362
5	2794	28.5	0.48205758801195
5	2811	28.6	-0.72831567001998
5	2828	28.7	0.34002312566159
5	2845	28.8	0.45172896182628
6	8	0.3	1.4276208928798
6	11	0.4	1.5553504369406
6	14	0.5	1.6547258140606
6	17	0.6	1.7983555805977
6	20	0.7	1.8323674505787
6	23	0.8	2.0110897446338
6	26	0.9	1.970451684244
6	29	1	2.244901373431
6	33	1.1	2.2119208452933
6	36	1.2	2.2548819012347
6	40	1.3	2.5345448660167
6	44	1.4	2.6013847819414
6	47	1.5	2.852151772081
6	51	1.6	2.3526342216865
6	55	1.7	3.339605186172
6	58	1.8	2.4276646371033
6	62	1.9	3.3234379637286
6	66	2	3.3108190720898
6	69	2.1	3.2988402737822
6	73	2.2	2.9578171889378
6	77	2.3	2.9959376211745
6	80	2.4	3.4908200907348
6	84	2.5	3.6670806850063
6	88	2.6	3.6268696198063
6	91	2.7	4.0205201967415
6	95	2.8	3.1988957479633
6	99	2.9	3.4137976506977
6	102	3	4.907912272511
6	106	3.1	4.5496391886597
6	110	3.2	5.1843707050129
6	113	3.3	4.1693986672107
6	117	3.4	5.6101076366628
6	121	3.5	5.0020310617087
6	124	3.6	4.0626847333335
6	128	3.7	3.8401948998282
6	132	3.8	4.3141859897661
6	135	3.9	5.9388528208016
6	139	4	4.2651793352288
6	143	4.1	4.3265655158527
6	146	4.2	4.1097063864491
6	150	4.3	5.4862156132822
6	154	4.4	4.7175385060907
6	157	4.5	4.7821076581853
6	161	4.6	5.7991102751104
6	165	4.7	5.7403782632813
6	168	4.8	5.0854349763795
6	172	4.9	5.4579137069299
6	176	5	7.2445125326224
6	179	5.1	5.5316372922509
6	185	5.2	6.0468260905076
6	191	5.3	6.2860477609225
6	196	5.4	5.6655753594063
6	202	5.5	7.9159936113612
6	208	5.6	6.823568214539
6	213	5.7	7.9342123898338
6	219	5.8	6.1362900287997
6	225	5.9	8.0850995694148
6	230	6	8.5344041966926
6	237	6.1	7.9858581714477
6	243	6.2	8.7876263814937
6	249	6.3	8.6643150415512
6	256	6.4	8.1615243617866
6	262	6.5	6.2161750749901
6	268	6.6	8.1135421334916
6	275	6.7	7.5568060903579
6	281	6.8	6.4467262958648
6	287	6.9	9.9091823858466
6	294	7	6.3301931890683
6	300	7.1	7.757133139045
6	306	7.2	9.9778231666361
6	313	7.3	9.2954729083582
6	319	7.4	7.6431949271214
6	325	7.5	8.3790416035197
6	332	7.6	9.7952536469239
6	338	7.7	11.295298147939
6	344	7.8	8.6083466357199
6	351	7.9	7.1333691972431
6	357	8	8.686850527662
6	363	8.1	8.8685935504256
6	370	8.2	7.1674668692757
6	376	8.3	9.3048972849091
6	382	8.4	10.265413902227
6	389	8.5	10.079987147909
6	395	8.6	9.4195908956081
6	401	8.7	11.032114305802
6	408	8.8	9.3650481171531
6	414	8.9	11.396792741428
6	420	9	9.0110599325241
6	427	9.1	8.1493369935939
6	433	9.2	9.8075281363356
6	439	9.3	13.570392045202
6	446	9.4	10.273655865548
6	452	9.5	10.082939235979
6	458	9.6	8.4480657399212
6	465	9.7	9.0571729773547
6	471	9.8	11.304143989756
6	477	9.9	14.144106613886
6	484	10	11.9323736091
6	490	10.1	14.708595853265
6	498	10.2	13.270387797834
6	507	10.3	12.943438435534
6	515	10.4	14.617702310543
6	523	10.5	9.913898448741
6	532	10.6	15.26513196424
6	540	10.7	12.174533680849
6	548	10.8	14.270139371473
6	557	10.9	10.09107698131
6	565	11	12.444360127338
6	574	11.1	14.580776915912
6	583	11.2	12.073265935805
6	592	11.3	12.315765691716
6	601	11.4	14.910679840458
6	610	11.5	14.307740134224
6	619	11.6	17.13760599137
6	628	11.7	14.829790758276
6	637	11.8	12.750158742632
6	646	11.9	12.666016796529
6	655	12	10.876316988685
6	664	12.1	12.462985735832
6	673	12.2	13.776152168927
6	682	12.3	13.54290153118
6	691	12.4	11.292331116456
6	700	12.5	15.180646958228
6	709	12.6	13.405691967677
6	718	12.7	12.990688738869
6	727	12.8	15.95990903186
6	736	12.9	17.260058066043
6	745	13	12.446707262848
6	754	13.1	14.853937531634
6	763	13.2	15.67310170509
6	772	13.3	17.99518983393
6	781	13.4	16.599972871531
6	790	13.5	16.330261991688
6	799	13.6	17.905188560738
6	808	13.7	18.188806231471
6	817	13.8	15.587619565326
6	826	13.9	13.511417241972
6	835	14	18.528974122869
6	844	14.1	18.223259277964
6	853	14.2	16.483348833334
6	862	14.3	13.1885368345
6	871	14.4	17.957480500438
6	880	14.5	20.671583778641
6	889	14.6	18.254088985038
6	898	14.7	19.980989275394
6	907	14.8	16.164580829427
6	916	14.9	21.766645105726
6	925	15	16.353419901248
6	934	15.1	15.30266652541
6	945	15.2	22.837521848262
6	956	15.3	21.85720462638
6	967	15.4	15.49813088258
6	978	15.5	22.446595083487
6	989	15.6	14.634614816078
6	1000	15.7	20.090648329963
6	1011	15.8	20.781002823705
6	1022	15.9	22.26473413318
6	1033	16	15.495464538669
6	1045	16.1	21.514194984074
6	1056	16.2	21.699090028759
6	1068	16.3	23.556465179916
6	1080	16.4	16.714525318153
6	1091	16.5	19.49209921248
6	1103	16.6	17.85632388459
6	1115	16.7	25.441091278458
6	1126	16.8	16.015350740789
6	1138	16.9	19.32097155719
6	1150	17	18.70894534531
6	1161	17.1	20.872791387051
6	1173	17.2	24.500282082695
6	1185	17.3	17.749389175994
6	1196	17.4	1.9254759357947
6	1208	17.5	15.37204194186
6	1220	17.6	1.920242835811
6	1231	17.7	1.0108745945991
6	1243	17.8	10.634564800648
6	1255	17.9	4.0075973972484
6	1266	18	6.8021924550753
6	1278	18.1	5.7135508414447
6	1290	18.2	8.8136054755467
6	1301	18.3	9.4590628226682
6	1313	18.4	-1.6485851351196
6	1325	18.5	8.5645200126141
6	1336	18.6	7.4280617943717
6	1348	18.7	8.2916306200872
6	1360	18.8	0.1296510020979
6	1371	18.9	10.591108387723
6	1383	19	2.639314810935
6	1395	19.1	5.1448268531944
6	1406	19.2	5.2914236451157
6	1418	19.3	8.6656786365127
6	1430	19.4	5.9081575646048
6	1441	19.5	11.507441843422
6	1453	19.6	-0.068676312673072
6	1465	19.7	7.4894697209128
6	1476	19.8	11.347100929102
6	1488	19.9	3.1123833137338
6	1500	20	8.823700950369
6	1511	20.1	6.9677939534329
6	1525	20.2	-0.56532561342943
6	1539	20.3	11.844407871239
6	1552	20.4	2.2873983324061
6	1566	20.5	9.2287242693709
6	1580	20.6	8.9617981853282
6	1593	20.7	-2.3997586407766
6	1607	20.8	8.6806288422031
6	1621	20.9	6.1735609894188
6	1634	21	8.6493221037666
6	1649	21.1	0.47078362214415
6	1663	21.2	6.9306683816891
6	1677	21.3	9.2529026078994
6	1692	21.4	4.8623988813632
6	1706	21.5	3.5545927960297
6	1720	21.6	10.117869321535
6	1735	21.7	8.3047950382097
6	1749	21.8	0.34799484510201
6	1763	21.9	13.454078050073
6	1778	22	-1.6188234089095
6	1792	22.1	6.8650895509898
6	1806	22.2	10.875503424894
6	1821	22.3	1.5001455599617
6	1835	22.4	13.671376286969
6	1849	22.5	1.1113302950215
6	1864	22.6	10.873312352303
6	1878	22.7	-1.5073270776533
6	1892	22.8	8.7492305138566
6	1907	22.9	10.943979515505
6	1921	23	6.5655613397431
6	1935	23.1	1.9148808960643
6	1950	23.2	3.6368624181405
6	1964	23.3	4.7340029310195
6	1978	23.4	14.17463410308
6	1993	23.5	-2.1274521036761
6	2007	23.6	11.057789758841
6	2021	23.7	0.70433354601549
6	2036	23.8	10.621994901218
6	2050	23.9	5.7928655789821
6	2064	24	8.0432348029232
6	2079	24.1	7.51492868745
6	2093	24.2	3.4465900679752
6	2107	24.3	9.1223977434534
6	2122	24.4	6.2885199561206
6	2136	24.5	5.8072475914895
6	2150	24.6	2.1124582080687
6	2165	24.7	10.945019514976
6	2179	24.8	2.8246188431615
6	2193	24.9	5.3430413306962
6	2208	25	3.1510535601077
6	2222	25.1	5.996803665174
6	2238	25.2	11.699621460257
6	2255	25.3	2.7266823304453
6	2271	25.4	2.9220396119169
6	2287	25.5	14.255951285024
6	2304	25.6	0.973
6	2320	25.7	8.4121027337576
6	2336	25.8	12.477873272616
6	2353	25.9	1.8195660186806
6	2369	26	4.5610901471694
6	2386	26.1	12.274387962077
6	2403	26.2	4.6130306013875
6	2420	26.3	3.2392631575235
6	2437	26.4	11.154778615666
6	2454	26.5	2.5364707869726
6	2471	26.6	7.4995712167795
6	2488	26.7	5.4416444818758
6	2505	26.8	2.6717873651909
6	2522	26.9	4.4168297328208
6	2539	27	10.511440010891
6	2556	27.1	1.1738879068427
6	2573	27.2	6.4269134683121
6	2590	27.3	4.571157821403
6	2607	27.4	8.5012427132993
6	2624	27.5	11.148742162886
6	2641	27.6	-0.56113202067567
6	2658	27.7	13.105346577541
6	2675	27.8	4.7677213322508
6	2692	27.9	8.6828089251541
6	2709	28	3.4054551788929
6	2726	28.1	1.7159397611987
6	2743	28.2	5.1563532222982
6	2760	28.3	9.5573443403395
6	2777	28.4	6.486464879588
6	2794	28.5	10.001260706754
6	2811	28.6	0.27146770132222
6	2828	28.7	8.8440454018603
6	2845	28.8	9.7607342617088
9	179	5.1	525
9	185	5.2	525.02516810268
9	191	5.3	525.07596944957
9	196	5.4	525.1491432042
9	202	5.5	525.24572927593
9	208	5.6	525.36577375874
9	213	5.7	525.50988639717
9	219	5.8	525.67341368884
9	225	5.9	525.85861833363
9	230	6	526.06382018391
9	237	6.1	526.29480482238
9	243	6.2	526.54385331906
9	249	6.3	526.81094457135
9	256	6.4	527.09601568166
9	262	6.5	527.39481806698
9	268	6.6	527.71075678844
9	275	6.7	528.04802190717
9	281	6.8	528.40560561051
9	287	6.9	528.78012010831
9	294	7	529.17985167505
9	300	7.1	529.59691527454
9	306	7.2	530.03126058168
9	313	7.3	530.48887091551
9	319	7.4	530.97080520746
9	325	7.5	531.47463893087
9	332	7.6	531.99974441423
9	338	7.7	532.54343733949
9	344	7.8	533.10742844509
9	351	7.9	533.68457069086
9	357	8	534.28638635415
9	363	8.1	534.91148661958
9	370	8.2	535.56048986137
9	376	8.3	536.22700269496
9	382	8.4	536.91622273774
9	389	8.5	537.62538074047
9	395	8.6	538.35736121056
9	401	8.7	539.11327507603
9	408	8.8	539.89375406468
9	414	8.9	540.69170076864
9	420	9	541.51385109425
9	427	9.1	542.35944584923
9	433	9.2	543.22624717706
9	439	9.3	544.10837559288
9	446	9.4	545.01524169217
9	452	9.5	545.93721450768
9	458	9.6	546.88393804398
9	465	9.7	547.84396760723
9	471	9.8	548.8239047049
9	477	9.9	549.81714390838
9	484	10	550.82852012014
9	490	10.1	551.85628590534
9	498	10.2	552.90430944856
9	507	10.3	553.97677043643
9	515	10.4	555.06897980834
9	523	10.5	556.183055399
9	532	10.6	557.3111939285
9	540	10.7	558.45633032046
9	548	10.8	559.61622037908
9	557	10.9	560.79530821302
9	565	11	561.988420998
9	574	11.1	563.19545293241
9	583	11.2	564.42836322969
9	592	11.3	565.68556015477
9	601	11.4	566.95781906026
9	610	11.5	568.25369647803
9	619	11.6	569.5683872165
9	628	11.7	570.89830173461
9	637	11.8	572.25231250979
9	646	11.9	573.62881318138
9	655	12	575.02756365934
9	664	12.1	576.44908034649
9	673	12.2	577.89144775603
9	682	12.3	579.35237589084
9	691	12.4	580.82771381805
9	700	12.5	582.32323911535
9	709	12.6	583.83204299063
9	718	12.7	585.36298018554
9	727	12.8	586.9145637186
9	736	12.9	588.48069291006
9	745	13	590.0687502632
9	754	13.1	591.67380470565
9	763	13.2	593.29628345871
9	772	13.3	594.93233312446
9	781	13.4	596.58924948941
9	790	13.5	598.26428274253
9	799	13.6	599.95920427722
9	808	13.7	601.6715435559
9	817	13.8	603.40489782564
9	826	13.9	605.1586781023
9	835	14	606.93712115528
9	844	14.1	608.73415466442
9	853	14.2	610.55001456223
9	862	14.3	612.38338284945
9	871	14.4	614.23857817249
9	880	14.5	616.10811838976
9	889	14.6	618.00239422798
9	898	14.7	619.91107506255
9	907	14.8	621.83877460439
9	916	14.9	623.79117119671
9	925	15	625.76498773744
9	934	15.1	627.75181926713
9	945	15.2	629.75336515803
9	956	15.3	631.77290877456
9	967	15.4	633.80742828413
9	978	15.5	635.86054948403
9	989	15.6	637.93877151305
9	1000	15.7	640.03709748723
9	1011	15.8	642.15016049117
9	1022	15.9	644.27809805165
9	1033	16	646.42735589737
9	1045	16.1	648.60038255728
9	1056	16.2	650.79870282336
9	1068	16.3	653.02278230613
9	1080	16.4	655.26995076802
9	1091	16.5	657.5310541731
9	1103	16.6	659.81774367218
9	1115	16.7	662.12235395197
9	1126	16.8	664.44987162516
9	1138	16.9	666.79540774097
9	1150	17	669.15927502707
9	1161	17.1	671.54508702822
9	1173	17.2	673.95417106058
9	1185	17.3	676.37697825188
9	1196	17.4	678.81940947876
9	1208	17.5	681.28453407136
9	1220	17.6	683.77001124779
9	1231	17.7	686.2724359589
9	1243	17.8	688.79852582221
9	1255	17.9	691.34974144032
9	1266	18	693.92105899951
9	1278	18.1	696.50671983193
9	1290	18.2	699.11556100359
9	1301	18.3	701.74697898434
9	1313	18.4	704.39453804262
9	1325	18.5	707.06311207031
9	1336	18.6	709.74688246805
9	1348	18.7	712.44530840724
9	1360	18.8	715.15935973764
9	1371	18.9	717.88702477648
9	1383	19	720.63788821551
9	1395	19.1	723.4052505291
9	1406	19.2	726.19583978703
9	1418	19.3	729.01209542967
9	1430	19.4	731.84883016127
9	1441	19.5	734.70553841238
9	1453	19.6	737.580618467
9	1465	19.7	740.48017060746
9	1476	19.8	743.40400586251
9	1488	19.9	746.3486923414
9	1500	20	749.31699618238
9	1511	20.1	752.30495529166
9	1525	20.2	755.31851851238
9	1539	20.3	758.34633337649
9	1552	20.4	761.39063622175
9	1566	20.5	764.4571411491
9	1580	20.6	767.54882657865
9	1593	20.7	770.65780309315
9	1607	20.8	773.78363417544
9	1621	20.9	776.92915209901
9	1634	21	780.09278584158
9	1649	21.1	783.27940746301
9	1663	21.2	786.48272678946
9	1677	21.3	789.70068037231
9	1692	21.4	792.9421075063
9	1706	21.5	796.20502060464
9	1720	21.6	799.48112828333
9	1735	21.7	802.77492281931
9	1749	21.8	806.08915044553
9	1763	21.9	809.41550329876
9	1778	22	812.74322373243
9	1792	22.1	816.06373288192
9	1806	22.2	819.39206235349
9	1821	22.3	822.71976821831
9	1835	22.4	826.0485391843
9	1849	22.5	829.38139062738
9	1864	22.6	832.7029134474
9	1878	22.7	836.02717682596
9	1892	22.8	839.35039907723
9	1907	22.9	842.6739475018
9	1921	23	845.99925234467
9	1935	23.1	849.32884480874
9	1950	23.2	852.65609860959
9	1964	23.3	855.98415955923
9	1978	23.4	859.31603665848
9	1993	23.5	862.63891361832
9	2007	23.6	865.96959484272
9	2021	23.7	869.29904815806
9	2036	23.8	872.62191866244
9	2050	23.9	875.94452131596
9	2064	24	879.26604609523
9	2079	24.1	882.58657346175
9	2093	24.2	885.90938603817
9	2107	24.3	889.23541573068
9	2122	24.4	892.56140582392
9	2136	24.5	895.88197254947
9	2150	24.6	899.20744655843
9	2165	24.7	902.52898002004
9	2179	24.8	905.85057731745
9	2193	24.9	909.17460699219
9	2208	25	912.49829581796
9	2222	25.1	915.8281755544
9	2238	25.2	919.14870638856
9	2255	25.3	922.47055599419
9	2271	25.4	925.79607122915
9	2287	25.5	929.11846941943
9	2304	25.6	932.44628977407
9	2320	25.7	935.77592688121
9	2336	25.8	939.09646010583
9	2353	25.9	942.42924783527
9	2369	26	945.7501670469
9	2386	26.1	949.07186369597
9	2403	26.2	952.40183802225
9	2420	26.3	955.73463514337
9	2437	26.4	959.06435991049
9	2454	26.5	962.39565619244
9	2471	26.6	965.72061594901
9	2488	26.7	969.04829824579
9	2505	26.8	972.37492427633
9	2522	26.9	975.69774222863
9	2539	27	979.02212966921
9	2556	27.1	982.34840465854
9	2573	27.2	985.67767298879
9	2590	27.3	989.00598589651
9	2607	27.4	992.33838780147
9	2624	27.5	995.66079323721
9	2641	27.6	998.98202890877
9	2658	27.7	1002.3117864482
9	2675	27.8	1005.6417519849
9	2692	27.9	1008.9652527665
9	2709	28	1012.2933250269
9	2726	28.1	1015.6232335328
9	2743	28.2	1018.9522754435
9	2760	28.3	1022.2787443806
9	2777	28.4	1025.6004696183
9	2794	28.5	1028.9243751425
9	2811	28.6	1032.2515014606
9	2828	28.7	1035.5825208495
9	2845	28.8	1038.907667318
10	179	5.1	28.2
10	185	5.2	28.2
10	191	5.3	28.2
10	196	5.4	28.2
10	202	5.5	28.2
10	208	5.6	28.2
10	213	5.7	28.2
10	219	5.8	28.2
10	225	5.9	28.2
10	230	6	28.2
10	237	6.1	28.2
10	243	6.2	28.2
10	249	6.3	28.2
10	256	6.4	28.2
10	262	6.5	28.2
10	268	6.6	28.2
10	275	6.7	28.2
10	281	6.8	28.2
10	287	6.9	28.2
10	294	7	28.2
10	300	7.1	28.2
10	306	7.2	28.2
10	313	7.3	28.2
10	319	7.4	28.2
10	325	7.5	28.2
10	332	7.6	28.2
10	338	7.7	28.2
10	344	7.8	28.2
10	351	7.9	28.2
10	357	8	28.2
10	363	8.1	28.2
10	370	8.2	28.2
10	376	8.3	28.2
10	382	8.4	28.2
10	389	8.5	28.2
10	395	8.6	28.2
10	401	8.7	28.2
10	408	8.8	28.2
10	414	8.9	28.2
10	420	9	28.2
10	427	9.1	28.2
10	433	9.2	28.2
10	439	9.3	28.2
10	446	9.4	28.2
10	452	9.5	28.2
10	458	9.6	28.2
10	465	9.7	28.2
10	471	9.8	28.2
10	477	9.9	28.2
10	484	10	28.2
10	490	10.1	28.2
10	498	10.2	28.2
10	507	10.3	28.2
10	515	10.4	28.2
10	523	10.5	28.2
10	532	10.6	28.2
10	540	10.7	28.2
10	548	10.8	28.2
10	557	10.9	28.2
10	565	11	28.2
10	574	11.1	28.2
10	583	11.2	28.2
10	592	11.3	28.2
10	601	11.4	28.2
10	610	11.5	28.2
10	619	11.6	28.2
10	628	11.7	28.2
10	637	11.8	28.2
10	646	11.9	28.2
10	655	12	28.2
10	664	12.1	28.2
10	673	12.2	28.2
10	682	12.3	28.2
10	691	12.4	28.2
10	700	12.5	28.2
10	709	12.6	28.2
10	718	12.7	28.2
10	727	12.8	28.2
10	736	12.9	28.2
10	745	13	28.2
10	754	13.1	28.2
10	763	13.2	28.2
10	772	13.3	28.2
10	781	13.4	28.2
10	790	13.5	28.2
10	799	13.6	28.2
10	808	13.7	28.2
10	817	13.8	28.2
10	826	13.9	28.2
10	835	14	28.2
10	844	14.1	28.2
10	853	14.2	28.2
10	862	14.3	28.2
10	871	14.4	28.2
10	880	14.5	28.2
10	889	14.6	28.2
10	898	14.7	28.2
10	907	14.8	28.2
10	916	14.9	28.2
10	925	15	28.2
10	934	15.1	28.2
10	945	15.2	28.2
10	956	15.3	28.2
10	967	15.4	28.2
10	978	15.5	28.2
10	989	15.6	28.2
10	1000	15.7	28.2
10	1011	15.8	28.2
10	1022	15.9	28.2
10	1033	16	28.2
10	1045	16.1	28.2
10	1056	16.2	28.2
10	1068	16.3	28.2
10	1080	16.4	28.2
10	1091	16.5	28.2
10	1103	16.6	28.2
10	1115	16.7	28.2
10	1126	16.8	28.2
10	1138	16.9	28.2
10	1150	17	28.2
10	1161	17.1	28.2
10	1173	17.2	28.2
10	1185	17.3	28.2
10	1196	17.4	28.2
10	1208	17.5	28.2
10	1220	17.6	28.2
10	1231	17.7	28.2
10	1243	17.8	28.2
10	1255	17.9	28.2
10	1266	18	28.2
10	1278	18.1	28.2
10	1290	18.2	28.2
10	1301	18.3	28.2
10	1313	18.4	28.2
10	1325	18.5	28.2
10	1336	18.6	28.2
10	1348	18.7	28.2
10	1360	18.8	28.2
10	1371	18.9	28.2
10	1383	19	28.2
10	1395	19.1	28.2
10	1406	19.2	28.2
10	1418	19.3	28.2
10	1430	19.4	28.2
10	1441	19.5	28.2
10	1453	19.6	28.2
10	1465	19.7	28.2
10	1476	19.8	28.2
10	1488	19.9	28.2
10	1500	20	28.2
10	1511	20.1	28.2
10	1525	20.2	28.2
10	1539	20.3	28.2
10	1552	20.4	28.2
10	1566	20.5	28.2
10	1580	20.6	28.2
10	1593	20.7	28.2
10	1607	20.8	28.2
10	1621	20.9	28.2
10	1634	21	28.2
10	1649	21.1	28.2
10	1663	21.2	28.2
10	1677	21.3	28.2
10	1692	21.4	28.2
10	1706	21.5	28.2
10	1720	21.6	28.2
10	1735	21.7	28.2
10	1749	21.8	28.2
10	1763	21.9	28.2
10	1778	22	28.2
10	1792	22.1	28.2
10	1806	22.2	28.2
10	1821	22.3	28.2
10	1835	22.4	28.2
10	1849	22.5	28.2
10	1864	22.6	28.2
10	1878	22.7	28.2
10	1892	22.8	28.2
10	1907	22.9	28.2
10	1921	23	28.2
10	1935	23.1	28.2
10	1950	23.2	28.2
10	1964	23.3	28.2
10	1978	23.4	28.2
10	1993	23.5	28.2
10	2007	23.6	28.2
10	2021	23.7	28.2
10	2036	23.8	28.2
10	2050	23.9	28.2
10	2064	24	28.2
10	2079	24.1	28.2
10	2093	24.2	28.2
10	2107	24.3	28.2
10	2122	24.4	28.2
10	2136	24.5	28.2
10	2150	24.6	28.2
10	2165	24.7	28.2
10	2179	24.8	28.2
10	2193	24.9	28.2
10	2208	25	28.2
10	2222	25.1	28.2
10	2238	25.2	28.2
10	2255	25.3	28.2
10	2271	25.4	28.2
10	2287	25.5	28.2
10	2304	25.6	28.2
10	2320	25.7	28.2
10	2336	25.8	28.2
10	2353	25.9	28.2
10	2369	26	28.2
10	2386	26.1	28.2
10	2403	26.2	28.2
10	2420	26.3	28.2
10	2437	26.4	28.2
10	2454	26.5	28.2
10	2471	26.6	28.2
10	2488	26.7	28.2
10	2505	26.8	28.2
10	2522	26.9	28.2
10	2539	27	28.2
10	2556	27.1	28.2
10	2573	27.2	28.2
10	2590	27.3	28.2
10	2607	27.4	28.2
10	2624	27.5	28.2
10	2641	27.6	28.2
10	2658	27.7	28.2
10	2675	27.8	28.2
10	2692	27.9	28.2
10	2709	28	28.2
10	2726	28.1	28.2
10	2743	28.2	28.2
10	2760	28.3	28.2
10	2777	28.4	28.2
10	2794	28.5	28.2
10	2811	28.6	28.2
10	2828	28.7	28.2
10	2845	28.8	28.2
11	185	5.2	0.25168102677912
11	191	5.3	0.50801346896326
11	196	5.4	0.73173754630288
11	202	5.5	0.96586071727637
11	208	5.6	1.200444828048
11	213	5.7	1.4411263843269
11	219	5.8	1.6352729167395
11	225	5.9	1.8520464478544
11	230	6	2.0520185027842
11	237	6.1	2.3098463847497
11	243	6.2	2.4904849668021
11	249	6.3	2.6709125228819
11	256	6.4	2.8507111030572
11	262	6.5	2.9880238532705
11	268	6.6	3.1593872145504
11	275	6.7	3.3726511872827
11	281	6.8	3.5758370334363
11	287	6.9	3.7451449780317
11	294	7	3.9973156673868
11	300	7.1	4.1706359949207
11	306	7.2	4.3434530713397
11	313	7.3	4.5761033383232
11	319	7.4	4.819342919538
11	325	7.5	5.0383372340828
11	332	7.6	5.2510548335395
11	338	7.7	5.4369292526656
11	344	7.8	5.6399110559245
11	351	7.9	5.7714224577846
11	357	8	6.0181566328985
11	363	8.1	6.251002654283
11	370	8.2	6.4900324178312
11	376	8.3	6.6651283359632
11	382	8.4	6.8922004277922
11	389	8.5	7.0915800273266
11	395	8.6	7.3198047008795
11	401	8.7	7.5591386546368
11	408	8.8	7.8047898865455
11	414	8.9	7.9794670395867
11	420	9	8.2215032561507
11	427	9.1	8.4559475497796
11	433	9.2	8.6680132782354
11	439	9.3	8.8212841582169
11	446	9.4	9.0686609929671
11	452	9.5	9.2197281550999
11	458	9.6	9.4672353629546
11	465	9.7	9.6002956324757
11	471	9.8	9.7993709766945
11	477	9.9	9.9323920348903
11	484	10	10.113762117549
11	490	10.1	10.277657851974
11	498	10.2	10.480235432183
11	507	10.3	10.724609878786
11	515	10.4	10.922093719075
11	523	10.5	11.140755906546
11	532	10.6	11.281385295073
11	540	10.7	11.451363919558
11	548	10.8	11.59890058624
11	557	10.9	11.79087833936
11	565	11	11.9311278498
11	574	11.1	12.070319344081
11	583	11.2	12.329102972854
11	592	11.3	12.571969250793
11	601	11.4	12.722589054912
11	610	11.5	12.958774177661
11	619	11.6	13.14690738472
11	628	11.7	13.299145181038
11	637	11.8	13.540107751813
11	646	11.9	13.765006715889
11	655	12	13.987504779672
11	664	12.1	14.215166871505
11	673	12.2	14.423674095335
11	682	12.3	14.60928134814
11	691	12.4	14.753379272133
11	700	12.5	14.955252972924
11	709	12.6	15.088038752816
11	718	12.7	15.3093719491
11	727	12.8	15.515835330662
11	736	12.9	15.661291914553
11	745	13	15.880573531376
11	754	13.1	16.05054442448
11	763	13.2	16.224787530639
11	772	13.3	16.360496657471
11	781	13.4	16.569163649491
11	790	13.5	16.750332531297
11	799	13.6	16.949215346804
11	808	13.7	17.123392786815
11	817	13.8	17.333542697433
11	826	13.9	17.537802766616
11	835	14	17.784430529821
11	844	14.1	17.970335091319
11	853	14.2	18.158598978157
11	862	14.3	18.333682872151
11	871	14.4	18.551953230464
11	880	14.5	18.695402172686
11	889	14.6	18.942758382227
11	898	14.7	19.086808345661
11	907	14.8	19.276995418413
11	916	14.9	19.523965923159
11	925	15	19.738165407289
11	934	15.1	19.868315296917
11	945	15.2	20.015458909041
11	956	15.3	20.195436165271
11	967	15.4	20.345195095722
11	978	15.5	20.53121199896
11	989	15.6	20.78222029023
11	1000	15.7	20.983259741798
11	1011	15.8	21.130630039418
11	1022	15.9	21.279375604828
11	1033	16	21.492578457148
11	1045	16.1	21.73026659907
11	1056	16.2	21.983202660884
11	1068	16.3	22.240794827648
11	1080	16.4	22.471684618896
11	1091	16.5	22.61103405085
11	1103	16.6	22.86689499074
11	1115	16.7	23.046102797867
11	1126	16.8	23.275176731929
11	1138	16.9	23.455361158099
11	1150	17	23.638672860992
11	1161	17.1	23.858120011572
11	1173	17.2	24.090840323543
11	1185	17.3	24.228071913033
11	1196	17.4	24.424312268792
11	1208	17.5	24.651245926033
11	1220	17.6	24.854771764275
11	1231	17.7	25.02424711113
11	1243	17.8	25.260898633058
11	1255	17.9	25.512156181053
11	1266	18	25.713175591916
11	1278	18.1	25.85660832418
11	1290	18.2	26.08841171665
11	1301	18.3	26.314179807504
11	1313	18.4	26.475590582754
11	1325	18.5	26.685740276895
11	1336	18.6	26.837703977401
11	1348	18.7	26.984259391919
11	1360	18.8	27.140513303975
11	1371	18.9	27.276650388405
11	1383	19	27.508634390297
11	1395	19.1	27.673623135966
11	1406	19.2	27.905892579231
11	1418	19.3	28.162556426482
11	1430	19.4	28.36734731601
11	1441	19.5	28.56708251105
11	1453	19.6	28.750800546157
11	1465	19.7	28.995521404688
11	1476	19.8	29.238352550428
11	1488	19.9	29.446864788936
11	1500	20	29.683038409791
11	1511	20.1	29.879591092792
11	1525	20.2	30.135632207243
11	1539	20.3	30.278148641106
11	1552	20.4	30.443028452514
11	1566	20.5	30.665049273522
11	1580	20.6	30.916854295487
11	1593	20.7	31.089765144995
11	1607	20.8	31.258310822899
11	1621	20.9	31.455179235748
11	1634	21	31.636337425661
11	1649	21.1	31.866216214345
11	1663	21.2	32.033193264528
11	1677	21.3	32.179535828441
11	1692	21.4	32.414271339906
11	1706	21.5	32.629130983379
11	1720	21.6	32.761076786922
11	1735	21.7	32.937945359779
11	1749	21.8	33.142276262279
11	1763	21.9	33.263528532295
11	1778	22	33.277204336626
11	1792	22.1	33.205091494913
11	1806	22.2	33.283294715772
11	1821	22.3	33.277058648195
11	1835	22.4	33.287709659806
11	1849	22.5	33.328514430835
11	1864	22.6	33.21522820021
11	1878	22.7	33.242633785617
11	1892	22.8	33.23222251266
11	1907	22.9	33.235484245699
11	1921	23	33.253048428702
11	1935	23.1	33.295924640771
11	1950	23.2	33.272538008483
11	1964	23.3	33.280609496322
11	1978	23.4	33.318770992516
11	1993	23.5	33.22876959841
11	2007	23.6	33.306812244044
11	2021	23.7	33.294533153397
11	2036	23.8	33.228705043793
11	2050	23.9	33.226026535179
11	2064	24	33.215247792676
11	2079	24.1	33.205273665285
11	2093	24.2	33.228125764194
11	2107	24.3	33.260296925071
11	2122	24.4	33.2599009324
11	2136	24.5	33.205667255495
11	2150	24.6	33.254740089632
11	2165	24.7	33.215334616054
11	2179	24.8	33.215972974126
11	2193	24.9	33.240296747379
11	2208	25	33.236888257661
11	2222	25.1	33.298797364417
11	2238	25.2	33.205308341619
11	2255	25.3	33.218496056341
11	2271	25.4	33.255152349558
11	2287	25.5	33.223981902795
11	2304	25.6	33.278203546361
11	2320	25.7	33.296371071464
11	2336	25.8	33.205332246213
11	2353	25.9	33.327877294379
11	2369	26	33.209192116258
11	2386	26.1	33.216966490694
11	2403	26.2	33.299743262818
11	2420	26.3	33.327971211271
11	2437	26.4	33.297247671166
11	2454	26.5	33.312962819489
11	2471	26.6	33.249597565713
11	2488	26.7	33.27682296775
11	2505	26.8	33.266260305417
11	2522	26.9	33.228179523009
11	2539	27	33.243874405827
11	2556	27.1	33.262749893288
11	2573	27.2	33.29268330245
11	2590	27.3	33.283129077288
11	2607	27.4	33.324019049574
11	2624	27.5	33.224054357416
11	2641	27.6	33.212356715524
11	2658	27.7	33.297575394399
11	2675	27.8	33.299655366773
11	2692	27.9	33.235007816649
11	2709	28	33.280722603539
11	2726	28.1	33.299085058575
11	2743	28.2	33.290419107415
11	2760	28.3	33.264689370671
11	2777	28.4	33.217252377279
11	2794	28.5	33.239055242012
11	2811	28.6	33.271263181395
11	2828	28.7	33.310193888634
11	2845	28.8	33.251464685302
12	191	5.3	2.5633244218414
12	196	5.4	2.2372407733963
12	202	5.5	2.3412317097349
12	208	5.6	2.3458411077166
12	213	5.7	2.4068155627891
12	219	5.8	1.9414653241259
12	225	5.9	2.1677353111484
12	230	6	1.9997205492982
12	237	6.1	2.5782788196556
12	243	6.2	1.8063858205236
12	249	6.3	1.8042755607981
12	256	6.4	1.7979858017527
12	262	6.5	1.3731275021331
12	268	6.6	1.7136336127995
12	275	6.7	2.1326397273224
12	281	6.8	2.0318584615365
12	287	6.9	1.6930794459535
12	294	7	2.5217068935512
12	300	7.1	1.7332032753387
12	306	7.2	1.7281707641901
12	313	7.3	2.3265026698355
12	319	7.4	2.4323958121473
12	325	7.5	2.1899431454483
12	332	7.6	2.1271759945666
12	338	7.7	1.8587441912619
12	344	7.8	2.0298180325888
12	351	7.9	1.3151140186004
12	357	8	2.4673417511396
12	363	8.1	2.3284602138447
12	370	8.2	2.3902976354817
12	376	8.3	1.7509591813199
12	382	8.4	2.2707209182903
12	389	8.5	1.9937959953444
12	395	8.6	2.282246735529
12	401	8.7	2.393339537573
12	408	8.8	2.4565123190871
12	414	8.9	1.7467715304112
12	420	9	2.4203621656401
12	427	9.1	2.3444429362891
12	433	9.2	2.1206572845578
12	439	9.3	1.5327087998157
12	446	9.4	2.4737683475018
12	452	9.5	1.5106716213282
12	458	9.6	2.4750720785465
12	465	9.7	1.3306026952108
12	471	9.8	1.9907534421887
12	477	9.9	1.3302105819574
12	484	10	1.8137008265825
12	490	10.1	1.6389573442517
12	498	10.2	2.0257758020889
12	507	10.3	2.4437444660347
12	515	10.4	1.9748384028906
12	523	10.5	2.1866218747105
12	532	10.6	1.4062938852701
12	540	10.7	1.699786244845
12	548	10.8	1.4753666668199
12	557	10.9	1.9197775312001
12	565	11	1.4024951044004
12	574	11.1	1.391914942814
12	583	11.2	2.5878362877294
12	592	11.3	2.4286627793917
12	601	11.4	1.5061980411876
12	610	11.5	2.361851227493
12	619	11.6	1.88133207059
12	628	11.7	1.5223779631779
12	637	11.8	2.409625707753
12	646	11.9	2.2489896407584
12	655	12	2.224980637827
12	664	12.1	2.2766209183261
12	673	12.2	2.0850722383009
12	682	12.3	1.8560725280549
12	691	12.4	1.4409792399267
12	700	12.5	2.0187370079104
12	709	12.6	1.32785779892
12	718	12.7	2.2133319628425
12	727	12.8	2.0646338156192
12	736	12.9	1.4545658389106
12	745	13	2.1928161682328
12	754	13.1	1.6997089310317
12	763	13.2	1.7424310615985
12	772	13.3	1.357091268315
12	781	13.4	2.0866699201986
12	790	13.5	1.8116888180608
12	799	13.6	1.9888281550724
12	808	13.7	1.7417744001141
12	817	13.8	2.1014991061762
12	826	13.9	2.0426006918307
12	835	14	2.4662776320474
12	844	14.1	1.8590456149774
12	853	14.2	1.8826388683869
12	862	14.3	1.7508389399387
12	871	14.4	2.1827035831287
12	880	14.5	1.4344894222217
12	889	14.6	2.4735620954074
12	898	14.7	1.4404996343423
12	907	14.8	1.9018707275158
12	916	14.9	2.4697050474584
12	925	15	2.1419948413037
12	934	15.1	1.3014988962794
12	945	15.2	1.4714361212449
12	956	15.3	1.7997725622962
12	967	15.4	1.4975893045077
12	978	15.5	1.8601690323791
12	989	15.6	2.5100829127012
12	1000	15.7	2.0103945156792
12	1011	15.8	1.4737029762007
12	1022	15.9	1.4874556540977
12	1033	16	2.1320285232039
12	1045	16.1	2.3768814192154
12	1056	16.2	2.5293606181396
12	1068	16.3	2.5759216676466
12	1080	16.4	2.308897912479
12	1091	16.5	1.3934943195433
12	1103	16.6	2.5586093988968
12	1115	16.7	1.7920780712739
12	1126	16.8	2.2907393406145
12	1138	16.9	1.8018442617031
12	1150	17	1.8331170289312
12	1161	17.1	2.1944715057965
12	1173	17.2	2.3272031197092
12	1185	17.3	1.3723158949055
12	1196	17.4	1.9624035575893
12	1208	17.5	2.2693365724059
12	1220	17.6	2.0352583824191
12	1231	17.7	1.6947534685489
12	1243	17.8	2.3665152192815
12	1255	17.9	2.5125754799461
12	1266	18	2.0101941086352
12	1278	18.1	1.4343273226405
12	1290	18.2	2.3180339246989
12	1301	18.3	2.257680908544
12	1313	18.4	1.6141077524983
12	1325	18.5	2.10149694141
12	1336	18.6	1.5196370050544
12	1348	18.7	1.4655541451881
12	1360	18.8	1.562539120554
12	1371	18.9	1.3613708443009
12	1383	19	2.3198400189169
12	1395	19.1	1.6498874566983
12	1406	19.2	2.3226944326423
12	1418	19.3	2.5666384725133
12	1430	19.4	2.0479088952765
12	1441	19.5	1.9973519504071
12	1453	19.6	1.8371803510701
12	1465	19.7	2.4472085853107
12	1476	19.8	2.4283114573918
12	1488	19.9	2.0851223850856
12	1500	20	2.3617362085497
12	1511	20.1	1.9655268300092
12	1525	20.2	2.5604111445136
12	1539	20.3	1.4251643386204
12	1552	20.4	1.6487981140846
12	1566	20.5	2.220208210079
12	1580	20.6	2.5180502196541
12	1593	20.7	1.729108495079
12	1607	20.8	1.6854567790404
12	1621	20.9	1.9686841284856
12	1634	21	1.8115818991326
12	1649	21.1	2.2987878868356
12	1663	21.2	1.6697705018334
12	1677	21.3	1.463425639132
12	1692	21.4	2.3473551146453
12	1706	21.5	2.1485964347375
12	1720	21.6	1.3194580354262
12	1735	21.7	1.7686857285676
12	1749	21.8	2.0433090250008
12	1763	21.9	1.2125227001609
12	1778	22	0.13675804331434
12	1792	22.1	-0.72112841713242
12	1806	22.2	0.78203220858704
12	1821	22.3	-0.062360675772624
12	1835	22.4	0.1065101161133
12	1849	22.5	0.40804771028924
12	1864	22.6	-1.1328623062465
12	1878	22.7	0.27405585406818
12	1892	22.8	-0.10411272956993
12	1907	22.9	0.032617330388192
12	1921	23	0.17564183003266
12	1935	23.1	0.42876212068371
12	1950	23.2	-0.23386632287874
12	1964	23.3	0.080714878393309
12	1978	23.4	0.38161496194078
12	1993	23.5	-0.90001394106075
12	2007	23.6	0.78042645633687
12	2021	23.7	-0.12279090646189
12	2036	23.8	-0.65828109604773
12	2050	23.9	-0.026785086141885
12	2064	24	-0.10778742502445
12	2079	24.1	-0.099741273908833
12	2093	24.2	0.22852098909205
12	2107	24.3	0.3217116087675
12	2122	24.4	-0.0039599267067558
12	2136	24.5	-0.54233676905277
12	2150	24.6	0.49072834136894
12	2165	24.7	-0.39405473577787
12	2179	24.8	0.0063835807144841
12	2193	24.9	0.24323773253705
12	2208	25	-0.034084897185664
12	2222	25.1	0.61909106755628
12	2238	25.2	-0.93489022797435
12	2255	25.3	0.13187714722001
12	2271	25.4	0.36656293217099
12	2287	25.5	-0.31170446763284
12	2304	25.6	0.5422164356569
12	2320	25.7	0.18167525103777
12	2336	25.8	-0.91038825251161
12	2353	25.9	1.2254504816607
12	2369	26	-1.1868517812108
12	2386	26.1	0.077743744361172
12	2403	26.2	0.82776772123765
12	2420	26.3	0.28227948453278
12	2437	26.4	-0.30723540105392
12	2454	26.5	0.15715148323217
12	2471	26.6	-0.63365253775849
12	2488	26.7	0.27225402037146
12	2505	26.8	-0.1056266233325
12	2522	26.9	-0.38080782408358
12	2539	27	0.15694882818494
12	2556	27.1	0.18875487460754
12	2573	27.2	0.29933409162332
12	2590	27.3	-0.095542251621339
12	2607	27.4	0.40889972285363
12	2624	27.5	-0.99964692157222
12	2641	27.6	-0.1169764189283
12	2658	27.7	0.85218678875826
12	2675	27.8	0.020799723733234
12	2692	27.9	-0.64647550124207
12	2709	28	0.4571478689089
12	2726	28.1	0.18362455035096
12	2743	28.2	-0.086659511597844
12	2760	28.3	-0.25729736743955
12	2777	28.4	-0.47436993392189
12	2794	28.5	0.21802864733623
12	2811	28.6	0.32207939382637
12	2828	28.7	0.3893070723862
12	2845	28.8	-0.58729203331751
13	191	5.3	1.448349684175
13	196	5.4	1.5398698242485
13	202	5.5	1.7016505589322
13	208	5.6	1.8467379976646
13	213	5.7	2.0157110501922
13	219	5.8	1.9544225150743
13	225	5.9	2.1674834746537
13	230	6	2.1987223011528
13	237	6.1	2.6578236111602
13	243	6.2	2.3157731884112
13	249	6.3	2.4019989660382
13	256	6.4	2.4849130742296
13	262	6.5	2.2454147411883
13	268	6.6	2.570103855286
13	275	6.7	3.0096692662035
13	281	6.8	3.037730533575
13	287	6.9	2.8236579838152
13	294	7	3.73802495354
13	300	7.1	3.059976048581
13	306	7.2	3.1360989620017
13	313	7.3	3.9053659161682
13	319	7.4	4.1779599127557
13	325	7.5	4.0239793800293
13	332	7.6	4.0686366437599
13	338	7.7	3.8226367179006
13	344	7.8	4.1576082163086
13	351	7.9	3.2353814712031
13	357	8	4.999024049216
13	363	8.1	4.941918507158
13	370	8.2	5.1869914853407
13	376	8.3	4.2714369721382
13	382	8.4	5.2444377950964
13	389	8.5	4.8925822364625
13	395	8.6	5.5253873080683
13	401	8.7	5.8746264702263
13	408	8.8	6.151010021747
13	414	8.9	4.9009959330774
13	420	9	6.3536045507617
13	427	9.1	6.3514708325817
13	433	9.2	6.0183426312325
13	439	9.3	4.8573810877983
13	446	9.4	7.0229072359669
13	452	9.5	4.9838013497732
13	458	9.6	7.2922197716649
13	465	9.7	4.7334339306998
13	471	9.8	6.3711108698599
13	477	9.9	4.8637901365902
13	484	10	6.114200161886
13	490	10.1	5.7656425632145
13	498	10.2	6.8384802700337
13	507	10.3	8.0574835902685
13	515	10.4	6.9554622743328
13	523	10.5	7.6460766087771
13	532	10.6	5.6103008917157
13	540	10.7	6.492169357227
13	548	10.8	5.9378279361509
13	557	10.9	7.2854647653007
13	565	11	5.8751924934546
13	574	11.1	5.9037324123432
13	583	11.2	9.5671575721291
13	592	11.3	9.2585045116094
13	601	11.4	6.532196566782
13	610	11.5	9.312376830262
13	619	11.6	7.9149431631829
13	628	11.7	6.8482072900038
13	637	11.8	9.8555018832923
13	646	11.9	9.4756832386929
13	655	12	9.537951238556
13	664	12.1	9.8604690945662
13	673	12.2	9.3309336001328
13	682	12.3	8.637724478793
13	691	12.4	7.2418494638388
13	700	12.5	9.4164023606413
13	709	12.6	6.9835272676853
13	718	12.7	10.346212617739
13	727	12.8	9.9238656354591
13	736	12.9	7.7104310441098
13	745	13	10.638438892904
13	754	13.1	8.8410416130942
13	763	13.2	9.1004490220128
13	772	13.3	7.6546185908398
13	781	13.4	10.661938733154
13	790	13.5	9.6656692520968
13	799	13.6	10.501319737113
13	808	13.7	9.5876906630144
13	817	13.8	11.206037668992
13	826	13.9	11.087609502517
13	835	14	13.058132688509
13	844	14.1	10.564232409839
13	853	14.2	10.777937551622
13	862	14.3	10.299629039758
13	871	14.4	12.35370923055
13	880	14.5	9.0787289306334
13	889	14.6	13.944033301741
13	898	14.7	9.2992832156669
13	907	14.8	11.53729449048
13	916	14.9	14.359985989155
13	925	15	12.961803575864
13	934	15.1	9.0248969058705
13	945	15.2	9.9140958772635
13	956	15.3	11.604809531801
13	967	15.4	10.212381929189
13	978	15.5	12.104079427134
13	989	15.6	15.513501891342
13	1000	15.7	13.142204843411
13	1011	15.8	10.505732806541
13	1022	15.9	10.654801408449
13	1033	16	14.107239981405
13	1045	16.1	15.553894026673
13	1056	16.2	16.552299378021
13	1068	16.3	17.006221287472
13	1080	16.4	15.746562578639
13	1091	16.5	10.862176338773
13	1103	16.6	17.417967701999
13	1115	16.7	13.30589042675
13	1126	16.8	16.24707979317
13	1138	16.9	13.618910037628
13	1150	17	13.91368168218
13	1161	17.1	16.133234025801
13	1173	17.2	17.075234815078
13	1185	17.3	11.605467114176
13	1196	17.4	15.185428393301
13	1208	17.5	17.165042769743
13	1220	17.6	15.918602695936
13	1231	17.7	13.985586638195
13	1243	17.8	18.224721908639
13	1255	17.9	19.323060505018
13	1266	18	16.377832711601
13	1278	18.1	12.89218662915
13	1290	18.2	18.58296743989
13	1301	18.3	18.380195315374
13	1313	18.4	14.400576536265
13	1325	18.5	17.668139389529
13	1336	18.6	14.019191855736
13	1348	18.7	13.75763716837
13	1360	18.8	14.486443544102
13	1371	18.9	13.249792569965
13	1383	19	19.739585799103
13	1395	19.1	15.406452209178
13	1406	19.2	20.084566456668
13	1418	19.3	21.952215105682
13	1430	19.4	18.587801204083
13	1441	19.5	18.392805260346
13	1453	19.6	17.422101205331
13	1465	19.7	21.86162821232
13	1476	19.8	21.940455947818
13	1488	19.9	19.686786405925
13	1500	20	21.852859449898
13	1511	20.1	19.169431114404
13	1525	20.2	23.687421284553
13	1539	20.3	15.534341915906
13	1552	20.4	17.281795107476
13	1566	20.5	21.661048118574
13	1580	20.6	24.093299761837
13	1593	20.7	18.341381839604
13	1607	20.8	18.13630263388
13	1621	20.9	20.426473112619
13	1634	21	19.373321128102
13	1649	21.1	23.290624605385
13	1663	21.2	18.582409572311
13	1677	21.3	17.089906663859
13	1692	21.4	24.156990509219
13	1706	21.5	22.788920462448
13	1720	21.6	16.35630221362
13	1735	21.7	20.039959894363
13	1749	21.8	22.392226683166
13	1763	21.9	15.834823441385
13	1778	22	7.2162506548387
13	1792	22.1	0.32313833491291
13	1806	22.2	12.394535527059
13	1821	22.3	5.6193075588845
13	1835	22.4	6.977669609385
13	1849	22.5	9.4152332521384
13	1864	22.6	0.973
13	1878	22.7	8.3028030569342
13	1892	22.8	5.2696864742518
13	1907	22.9	6.3659342083236
13	1921	23	7.51849538769
13	1935	23.1	9.5666526171363
13	1950	23.2	4.2425210824332
13	1964	23.3	6.7680709619832
13	1978	23.4	9.1985562029513
13	1993	23.5	-1.105133293887
13	2007	23.6	12.39443819596
13	2021	23.7	5.1403623738738
13	2036	23.8	0.83068296731634
13	2050	23.9	5.8868460005623
13	2064	24	5.234685349517
13	2079	24.1	5.2958036926464
13	2093	24.2	7.9320615292349
13	2107	24.3	8.6922297887912
13	2122	24.4	6.0815940566167
13	2136	24.5	1.7540339120429
13	2150	24.6	10.044393963162
13	2165	24.7	2.9431738805231
13	2179	24.8	6.1488677756255
13	2193	24.9	8.0549390361071
13	2208	25	5.8321519442408
13	2222	25.1	11.095362462386
13	2238	25.2	-1.3874470980639
13	2255	25.3	7.1544234179196
13	2271	25.4	9.0494663139339
13	2287	25.5	3.604791362563
13	2304	25.6	10.468433834785
13	2320	25.7	7.5841272863003
13	2336	25.8	-1.1913673334538
13	2353	25.9	15.980337851003
13	2369	26	0.973
13	2386	26.1	6.7204797507802
13	2403	26.2	12.770519733792
13	2420	26.3	8.4048108514307
13	2437	26.4	3.6611469377658
13	2454	26.5	7.3938672206092
13	2471	26.6	1.032125841658
13	2488	26.7	8.3027416794895
13	2505	26.8	5.2687656959117
13	2522	26.9	3.0525837194245
13	2539	27	7.3650898122176
13	2556	27.1	7.6274663059044
13	2573	27.2	8.5266950159566
13	2590	27.3	5.355215274887
13	2607	27.4	9.4200332356968
13	2624	27.5	-1.9035416540004
13	2641	27.6	5.1601867673031
13	2658	27.7	12.96527259437
13	2675	27.8	6.2943777015772
13	2692	27.9	0.92647464405175
13	2709	28	9.7873521641724
13	2726	28.1	7.6008542520517
13	2743	28.2	5.4289037807609
13	2760	28.3	4.0523356083573
13	2777	28.4	2.3007187649225
13	2794	28.5	7.8524860091835
13	2811	28.6	8.6999212423963
13	2828	28.7	9.2564658476505
13	2845	28.8	1.4040175487042
16	490	10.1	1025
16	498	10.2	1025.0259490559
16	507	10.3	1025.0753536815
16	515	10.4	1025.14964179
16	523	10.5	1025.2464766722
16	532	10.6	1025.366767257
16	540	10.7	1025.5114718901
16	548	10.8	1025.6773404485
16	557	10.9	1025.8643262499
16	565	11	1026.0763116516
16	574	11.1	1026.3133080754
16	583	11.2	1026.5721631027
16	592	11.3	1026.8460676831
16	601	11.4	1027.1366600098
16	610	11.5	1027.4498108444
16	619	11.6	1027.7813370109
16	628	11.7	1028.1367189514
16	637	11.8	1028.5180398506
16	646	11.9	1028.9179557106
16	655	12	1029.3343140483
16	664	12.1	1029.7710396412
16	673	12.2	1030.2262751887
16	682	12.3	1030.6958622372
16	691	12.4	1031.1885492244
16	700	12.5	1031.6983954892
16	709	12.6	1032.2232384414
16	718	12.7	1032.7725707687
16	727	12.8	1033.3373237244
16	736	12.9	1033.919295972
16	745	13	1034.5197116723
16	754	13.1	1035.1335769617
16	763	13.2	1035.7640139455
16	772	13.3	1036.413519248
16	781	13.4	1037.080652678
16	790	13.5	1037.7657415966
16	799	13.6	1038.4765810036
16	808	13.7	1039.2041114418
16	817	13.8	1039.9538708709
16	826	13.9	1040.7198910922
16	835	14	1041.5101501507
16	844	14.1	1042.3252083486
16	853	14.2	1043.1585852005
16	862	14.3	1044.0175249263
16	871	14.4	1044.8939873095
16	880	14.5	1045.7935732778
16	889	14.6	1046.7143809418
16	898	14.7	1047.6483960567
16	907	14.8	1048.5979306497
16	916	14.9	1049.5676422025
16	925	15	1050.5514004813
16	934	15.1	1051.5550585209
16	945	15.2	1052.5729561398
16	956	15.3	1053.6102456578
16	967	15.4	1054.6634075126
16	978	15.5	1055.73722121
16	989	15.6	1056.8366030164
16	1000	15.7	1057.9571320429
16	1011	15.8	1059.103003424
16	1022	15.9	1060.2746586416
16	1033	16	1061.462370007
16	1045	16.1	1062.6663313822
16	1056	16.2	1063.8899286212
16	1068	16.3	1065.1371924867
16	1080	16.4	1066.4044314895
16	1091	16.5	1067.6853969355
16	1103	16.6	1068.9846058612
16	1115	16.7	1070.303314445
16	1126	16.8	1071.6389347538
16	1138	16.9	1072.9970806497
16	1150	17	1074.3699908869
16	1161	17.1	1075.7563627571
16	1173	17.2	1077.1659735507
16	1185	17.3	1078.5987406026
16	1196	17.4	1080.051630237
16	1208	17.5	1081.5216727904
16	1220	17.6	1083.0169819054
16	1231	17.7	1084.5268379611
16	1243	17.8	1086.0546644639
16	1255	17.9	1087.5973809901
16	1266	18	1089.1598757641
16	1278	18.1	1090.7404789523
16	1290	18.2	1092.340978677
16	1301	18.3	1093.9556949666
16	1313	18.4	1095.593431405
16	1325	18.5	1097.2454103187
16	1336	18.6	1098.9191683537
16	1348	18.7	1100.6189256692
16	1360	18.8	1102.3391521147
16	1371	18.9	1104.0765401273
16	1383	19	1105.8336438279
16	1395	19.1	1107.6137647847
16	1406	19.2	1109.4158077403
16	1418	19.3	1111.2377179254
16	1430	19.4	1113.0836300846
16	1441	19.5	1114.9471408061
16	1453	19.6	1116.8342275708
16	1465	19.7	1118.7376023024
16	1476	19.8	1120.6633774152
16	1488	19.9	1122.6059943626
16	1500	20	1124.563685739
16	1511	20.1	1126.5452326501
16	1525	20.2	1128.5405539458
16	1539	20.3	1130.5606714915
16	1552	20.4	1132.599610535
16	1566	20.5	1134.6618305372
16	1580	20.6	1136.7487467181
16	1593	20.7	1138.8615427781
16	1607	20.8	1140.9966763467
16	1621	20.9	1143.1511488003
16	1634	21	1145.3202266857
16	1649	21.1	1147.5093873765
16	1663	21.2	1149.7123101571
16	1677	21.3	1151.9320218118
16	1692	21.4	1154.1666972003
16	1706	21.5	1156.4147072261
16	1720	21.6	1158.6759534699
16	1735	21.7	1160.9631470883
16	1749	21.8	1163.2745610032
16	1763	21.9	1165.6067601976
16	1778	22	1167.9636874137
16	1792	22.1	1170.3421477583
16	1806	22.2	1172.7365454875
16	1821	22.3	1175.1530194153
16	1835	22.4	1177.593771004
16	1849	22.5	1180.0603412634
16	1864	22.6	1182.5510012165
16	1878	22.7	1185.0588548159
16	1892	22.8	1187.5872414023
16	1907	22.9	1190.1367005497
16	1921	23	1192.7104504207
16	1935	23.1	1195.3038571422
16	1950	23.2	1197.9143812065
16	1964	23.3	1200.545270564
16	1978	23.4	1203.1919088299
16	1993	23.5	1205.8618613658
16	2007	23.6	1208.5544414085
16	2021	23.7	1211.2728955048
16	2036	23.8	1214.0147878956
16	2050	23.9	1216.7733829626
16	2064	24	1219.5512331727
16	2079	24.1	1222.3496940056
16	2093	24.2	1225.1736951268
16	2107	24.3	1228.021617976
16	2122	24.4	1230.891932076
16	2136	24.5	1233.7863349954
16	2150	24.6	1236.6949861234
16	2165	24.7	1239.61780017
16	2179	24.8	1242.5572000374
16	2193	24.9	1245.5170579284
16	2208	25	1248.4986554542
16	2222	25.1	1251.4967448146
16	2238	25.2	1254.5168264548
16	2255	25.3	1257.5505097171
16	2271	25.4	1260.602111159
16	2287	25.5	1263.6668110172
16	2304	25.6	1266.7492739728
16	2320	25.7	1269.8519210105
16	2336	25.8	1272.9765772295
16	2353	25.9	1276.1221403823
16	2369	26	1279.2867319662
16	2386	26.1	1282.4760433359
16	2403	26.2	1285.6902297834
16	2420	26.3	1288.9236254139
16	2437	26.4	1292.175941363
16	2454	26.5	1295.4442331544
16	2471	26.6	1298.72576363
16	2488	26.7	1302.0327005302
16	2505	26.8	1305.3551461336
16	2522	26.9	1308.6840803408
16	2539	27	1312.0081938922
16	2556	27.1	1315.3291444641
16	2573	27.2	1318.6565826171
16	2590	27.3	1321.9837697472
16	2607	27.4	1325.3116018117
16	2624	27.5	1328.632417115
16	2641	27.6	1331.956354274
16	2658	27.7	1335.2862141801
16	2675	27.8	1338.6076243852
16	2692	27.9	1341.928706934
16	2709	28	1345.259980339
16	2726	28.1	1348.584138837
16	2743	28.2	1351.913287686
16	2760	28.3	1355.2366886116
16	2777	28.4	1358.5625578634
16	2794	28.5	1361.8952378039
16	2811	28.6	1365.2190348769
16	2828	28.7	1368.5433000857
16	2845	28.8	1371.8713818458
17	490	10.1	28.2
17	498	10.2	28.2
17	507	10.3	28.2
17	515	10.4	28.2
17	523	10.5	28.2
17	532	10.6	28.2
17	540	10.7	28.2
17	548	10.8	28.2
17	557	10.9	28.2
17	565	11	28.2
17	574	11.1	28.2
17	583	11.2	28.2
17	592	11.3	28.2
17	601	11.4	28.2
17	610	11.5	28.2
17	619	11.6	28.2
17	628	11.7	28.2
17	637	11.8	28.2
17	646	11.9	28.2
17	655	12	28.2
17	664	12.1	28.2
17	673	12.2	28.2
17	682	12.3	28.2
17	691	12.4	28.2
17	700	12.5	28.2
17	709	12.6	28.2
17	718	12.7	28.2
17	727	12.8	28.2
17	736	12.9	28.2
17	745	13	28.2
17	754	13.1	28.2
17	763	13.2	28.2
17	772	13.3	28.2
17	781	13.4	28.2
17	790	13.5	28.2
17	799	13.6	28.2
17	808	13.7	28.2
17	817	13.8	28.2
17	826	13.9	28.2
17	835	14	28.2
17	844	14.1	28.2
17	853	14.2	28.2
17	862	14.3	28.2
17	871	14.4	28.2
17	880	14.5	28.2
17	889	14.6	28.2
17	898	14.7	28.2
17	907	14.8	28.2
17	916	14.9	28.2
17	925	15	28.2
17	934	15.1	28.2
17	945	15.2	28.2
17	956	15.3	28.2
17	967	15.4	28.2
17	978	15.5	28.2
17	989	15.6	28.2
17	1000	15.7	28.2
17	1011	15.8	28.2
17	1022	15.9	28.2
17	1033	16	28.2
17	1045	16.1	28.2
17	1056	16.2	28.2
17	1068	16.3	28.2
17	1080	16.4	28.2
17	1091	16.5	28.2
17	1103	16.6	28.2
17	1115	16.7	28.2
17	1126	16.8	28.2
17	1138	16.9	28.2
17	1150	17	28.2
17	1161	17.1	28.2
17	1173	17.2	28.2
17	1185	17.3	28.2
17	1196	17.4	28.2
17	1208	17.5	28.2
17	1220	17.6	28.2
17	1231	17.7	28.2
17	1243	17.8	28.2
17	1255	17.9	28.2
17	1266	18	28.2
17	1278	18.1	28.2
17	1290	18.2	28.2
17	1301	18.3	28.2
17	1313	18.4	28.2
17	1325	18.5	28.2
17	1336	18.6	28.2
17	1348	18.7	28.2
17	1360	18.8	28.2
17	1371	18.9	28.2
17	1383	19	28.2
17	1395	19.1	28.2
17	1406	19.2	28.2
17	1418	19.3	28.2
17	1430	19.4	28.2
17	1441	19.5	28.2
17	1453	19.6	28.2
17	1465	19.7	28.2
17	1476	19.8	28.2
17	1488	19.9	28.2
17	1500	20	28.2
17	1511	20.1	28.2
17	1525	20.2	28.2
17	1539	20.3	28.2
17	1552	20.4	28.2
17	1566	20.5	28.2
17	1580	20.6	28.2
17	1593	20.7	28.2
17	1607	20.8	28.2
17	1621	20.9	28.2
17	1634	21	28.2
17	1649	21.1	28.2
17	1663	21.2	28.2
17	1677	21.3	28.2
17	1692	21.4	28.2
17	1706	21.5	28.2
17	1720	21.6	28.2
17	1735	21.7	28.2
17	1749	21.8	28.2
17	1763	21.9	28.2
17	1778	22	28.2
17	1792	22.1	28.2
17	1806	22.2	28.2
17	1821	22.3	28.2
17	1835	22.4	28.2
17	1849	22.5	28.2
17	1864	22.6	28.2
17	1878	22.7	28.2
17	1892	22.8	28.2
17	1907	22.9	28.2
17	1921	23	28.2
17	1935	23.1	28.2
17	1950	23.2	28.2
17	1964	23.3	28.2
17	1978	23.4	28.2
17	1993	23.5	28.2
17	2007	23.6	28.2
17	2021	23.7	28.2
17	2036	23.8	28.2
17	2050	23.9	28.2
17	2064	24	28.2
17	2079	24.1	28.2
17	2093	24.2	28.2
17	2107	24.3	28.2
17	2122	24.4	28.2
17	2136	24.5	28.2
17	2150	24.6	28.2
17	2165	24.7	28.2
17	2179	24.8	28.2
17	2193	24.9	28.2
17	2208	25	28.2
17	2222	25.1	28.2
17	2238	25.2	28.2
17	2255	25.3	28.2
17	2271	25.4	28.2
17	2287	25.5	28.2
17	2304	25.6	28.2
17	2320	25.7	28.2
17	2336	25.8	28.2
17	2353	25.9	28.2
17	2369	26	28.2
17	2386	26.1	28.2
17	2403	26.2	28.2
17	2420	26.3	28.2
17	2437	26.4	28.2
17	2454	26.5	28.2
17	2471	26.6	28.2
17	2488	26.7	28.2
17	2505	26.8	28.2
17	2522	26.9	28.2
17	2539	27	28.2
17	2556	27.1	28.2
17	2573	27.2	28.2
17	2590	27.3	28.2
17	2607	27.4	28.2
17	2624	27.5	28.2
17	2641	27.6	28.2
17	2658	27.7	28.2
17	2675	27.8	28.2
17	2692	27.9	28.2
17	2709	28	28.2
17	2726	28.1	28.2
17	2743	28.2	28.2
17	2760	28.3	28.2
17	2777	28.4	28.2
17	2794	28.5	28.2
17	2811	28.6	28.2
17	2828	28.7	28.2
17	2845	28.8	28.2
18	498	10.2	0.25949055874348
18	507	10.3	0.49404625584578
18	515	10.4	0.74288108542162
18	523	10.5	0.96834882152354
18	532	10.6	1.2029058488452
18	540	10.7	1.4470463305067
18	548	10.8	1.6586855843341
18	557	10.9	1.8698580139208
18	565	11	2.119854016945
18	574	11.1	2.3699642376858
18	583	11.2	2.5885502735432
18	592	11.3	2.7390458032535
18	601	11.4	2.9059232675331
18	610	11.5	3.131508346172
18	619	11.6	3.3152616648795
18	628	11.7	3.5538194050034
18	637	11.8	3.8132089923322
18	646	11.9	3.9991585997632
18	655	12	4.1635833771061
18	664	12.1	4.3672559288051
18	673	12.2	4.5523554751393
18	682	12.3	4.6958704845305
18	691	12.4	4.9268698725454
18	700	12.5	5.0984626480704
18	709	12.6	5.2484295214759
18	718	12.7	5.4933232731814
18	727	12.8	5.6475295566255
18	736	12.9	5.81972247659
18	745	13	6.0041570027242
18	754	13.1	6.1386528943037
18	763	13.2	6.3043698377185
18	772	13.3	6.4950530249998
18	781	13.4	6.6713342994521
18	790	13.5	6.8508891865215
18	799	13.6	7.10839407044
18	808	13.7	7.2753043810814
18	817	13.8	7.497594291789
18	826	13.9	7.660202213102
18	835	14	7.9025905841868
18	844	14.1	8.1505819789274
18	853	14.2	8.3337685197429
18	862	14.3	8.5893972575548
18	871	14.4	8.7646238318877
18	880	14.5	8.9958596831374
18	889	14.6	9.2080766398227
18	898	14.7	9.3401511492184
18	907	14.8	9.4953459302848
18	916	14.9	9.6971155277057
18	925	15	9.837582788018
18	934	15.1	10.036580395701
18	945	15.2	10.178976188947
18	956	15.3	10.372895180411
18	967	15.4	10.531618548047
18	978	15.5	10.738136973875
18	989	15.6	10.993818063645
18	1000	15.7	11.205290265786
18	1011	15.8	11.458713811124
18	1022	15.9	11.716552175095
18	1033	16	11.877113654362
18	1045	16.1	12.039613752158
18	1056	16.2	12.235972389688
18	1068	16.3	12.472638654849
18	1080	16.4	12.672390027945
18	1091	16.5	12.809654460317
18	1103	16.6	12.992089256651
18	1115	16.7	13.187085838458
18	1126	16.8	13.356203088369
18	1138	16.9	13.581458958948
18	1150	17	13.729102371426
18	1161	17.1	13.863718701885
18	1173	17.2	14.096107936627
18	1185	17.3	14.327670518805
18	1196	17.4	14.528896343848
18	1208	17.5	14.700425533603
18	1220	17.6	14.953091150105
18	1231	17.7	15.098560557482
18	1243	17.8	15.278265027988
18	1255	17.9	15.427165262189
18	1266	18	15.624947739753
18	1278	18.1	15.806031881829
18	1290	18.2	16.004997247451
18	1301	18.3	16.147162895903
18	1313	18.4	16.37736438391
18	1325	18.5	16.519789136867
18	1336	18.6	16.737580350426
18	1348	18.7	16.997573154878
18	1360	18.8	17.202264455021
18	1371	18.9	17.373880125885
18	1383	19	17.571037005603
18	1395	19.1	17.80120956783
18	1406	19.2	18.020429556163
18	1418	19.3	18.219101851305
18	1430	19.4	18.459121591854
18	1441	19.5	18.635107215301
18	1453	19.6	18.870867646881
18	1465	19.7	19.033747315665
18	1476	19.8	19.257751127884
18	1488	19.9	19.426169473859
18	1500	20	19.576913764263
18	1511	20.1	19.815469110976
18	1525	20.2	19.953212957275
18	1539	20.3	20.201175456655
18	1552	20.4	20.389390435366
18	1566	20.5	20.622200021725
18	1580	20.6	20.869161808928
18	1593	20.7	21.127960599812
18	1607	20.8	21.351335686261
18	1621	20.9	21.544724535747
18	1634	21	21.690778854231
18	1649	21.1	21.891606907996
18	1663	21.2	22.029227806351
18	1677	21.3	22.197116546999
18	1692	21.4	22.346753884966
18	1706	21.5	22.480100258123
18	1720	21.6	22.612462437826
18	1735	21.7	22.871936184103
18	1749	21.8	23.114139148472
18	1763	21.9	23.32199194408
18	1778	22	23.569272160884
18	1792	22.1	23.784603445951
18	1806	22.2	23.943977292231
18	1821	22.3	24.164739278574
18	1835	22.4	24.407515886279
18	1849	22.5	24.665702594516
18	1864	22.6	24.906599531106
18	1878	22.7	25.078535993926
18	1892	22.8	25.283865863895
18	1907	22.9	25.494591473469
18	1921	23	25.737498710014
18	1935	23.1	25.934067215724
18	1950	23.2	26.105240642319
18	1964	23.3	26.308893575401
18	1978	23.4	26.466382658521
18	1993	23.5	26.699525359781
18	2007	23.6	26.925800426256
18	2021	23.7	27.184540963681
18	2036	23.8	27.418923907587
18	2050	23.9	27.58595067024
18	2064	24	27.778502101051
18	2079	24.1	27.984608328911
18	2093	24.2	28.240011212204
18	2107	24.3	28.479228491935
18	2122	24.4	28.703140999661
18	2136	24.5	28.944029193798
18	2150	24.6	29.086511280097
18	2165	24.7	29.228140466646
18	2179	24.8	29.393998673949
18	2193	24.9	29.598578909813
18	2208	25	29.815975258122
18	2222	25.1	29.980893603701
18	2238	25.2	30.200816402477
18	2255	25.3	30.336832622914
18	2271	25.4	30.516014419128
18	2287	25.5	30.646998581346
18	2304	25.6	30.82462955595
18	2320	25.7	31.026470377024
18	2336	25.8	31.246562190193
18	2353	25.9	31.455631528224
18	2369	26	31.645915838357
18	2386	26.1	31.893113697914
18	2403	26.2	32.141864474232
18	2420	26.3	32.333956304991
18	2437	26.4	32.523159491024
18	2454	26.5	32.682917914253
18	2471	26.6	32.815304755825
18	2488	26.7	33.069369002369
18	2505	26.8	33.224456033469
18	2522	26.9	33.289342071945
18	2539	27	33.241135514886
18	2556	27.1	33.209505718055
18	2573	27.2	33.274381530213
18	2590	27.3	33.271871300933
18	2607	27.4	33.278320645229
18	2624	27.5	33.208153032693
18	2641	27.6	33.239371590659
18	2658	27.7	33.298599060574
18	2675	27.8	33.214102051274
18	2692	27.9	33.210825488134
18	2709	28	33.312734049982
18	2726	28.1	33.241584979976
18	2743	28.2	33.291488489716
18	2760	28.3	33.234009256102
18	2777	28.4	33.258692517537
18	2794	28.5	33.326799405655
18	2811	28.6	33.237970729987
18	2828	28.7	33.242652087547
18	2845	28.8	33.280817601392
19	507	10.3	2.3455569710231
19	515	10.4	2.4883482957583
19	523	10.5	2.2546773610192
19	532	10.6	2.3455702732164
19	540	10.7	2.4414048166157
19	548	10.8	2.1163925382737
19	557	10.9	2.1117242958668
19	565	11	2.4999600302419
19	574	11.1	2.501102207408
19	583	11.2	2.1858603585744
19	592	11.3	1.5049552971032
19	601	11.4	1.6687746427953
19	610	11.5	2.2558507863898
19	619	11.6	1.8375331870746
19	628	11.7	2.3855774012394
19	637	11.8	2.5938958732877
19	646	11.9	1.8594960743096
19	655	12	1.6442477734294
19	664	12.1	2.0367255169898
19	673	12.2	1.8509954633424
19	682	12.3	1.4351500939112
19	691	12.4	2.309993880149
19	700	12.5	1.7159277552506
19	709	12.6	1.499668734055
19	718	12.7	2.4489375170553
19	727	12.8	1.5420628344407
19	736	12.9	1.7219291996444
19	745	13	1.8443452613428
19	754	13.1	1.3449589157943
19	763	13.2	1.6571694341488
19	772	13.3	1.9068318728125
19	781	13.4	1.7628127445234
19	790	13.5	1.7955488706939
19	799	13.6	2.5750488391845
19	808	13.7	1.669103106414
19	817	13.8	2.2228991070762
19	826	13.9	1.6260792131303
19	835	14	2.4238837108482
19	844	14.1	2.4799139474053
19	853	14.2	1.8318654081551
19	862	14.3	2.5562873781193
19	871	14.4	1.7522657433292
19	880	14.5	2.3123585124966
19	889	14.6	2.122169566853
19	898	14.7	1.3207450939575
19	907	14.8	1.5519478106638
19	916	14.9	2.0176959742093
19	925	15	1.4046726031229
19	934	15.1	1.9899760768283
19	945	15.2	1.4239579324611
19	956	15.3	1.9391899146372
19	967	15.4	1.5872336763656
19	978	15.5	2.0651842582738
19	989	15.6	2.5568108977051
19	1000	15.7	2.114722021413
19	1011	15.8	2.5342354533728
19	1022	15.9	2.5783836397109
19	1033	16	1.605614792672
19	1045	16.1	1.6250009779585
19	1056	16.2	1.9635863753036
19	1068	16.3	2.3666626516031
19	1080	16.4	1.9975137309637
19	1091	16.5	1.3726443237159
19	1103	16.6	1.8243479633471
19	1115	16.7	1.9499658180634
19	1126	16.8	1.6911724991165
19	1138	16.9	2.2525587057928
19	1150	17	1.4764341247734
19	1161	17.1	1.3461633045925
19	1173	17.2	2.3238923474215
19	1185	17.3	2.3156258217758
19	1196	17.4	2.0122582504293
19	1208	17.5	1.7152918975567
19	1220	17.6	2.5266561650205
19	1231	17.7	1.4546940737637
19	1243	17.8	1.797044705064
19	1255	17.9	1.4890023420099
19	1266	18	1.9778247756418
19	1278	18.1	1.8108414207585
19	1290	18.2	1.9896536562126
19	1301	18.3	1.4216564845294
19	1313	18.4	2.3020148800686
19	1325	18.5	1.4242475295672
19	1336	18.6	2.1779121355852
19	1348	18.7	2.5999280445278
19	1360	18.8	2.0469130014302
19	1371	18.9	1.7161567086354
19	1383	19	1.9715687971795
19	1395	19.1	2.3017256222666
19	1406	19.2	2.1921998833306
19	1418	19.3	1.986722951429
19	1430	19.4	2.4001974054845
19	1441	19.5	1.7598562344676
19	1453	19.6	2.3576043158071
19	1465	19.7	1.6287966878386
19	1476	19.8	2.2400381221902
19	1488	19.9	1.6841834597523
19	1500	20	1.5074429040309
19	1511	20.1	2.385553467134
19	1525	20.2	1.3774384629913
19	1539	20.3	2.4796249937965
19	1552	20.4	1.8821497871075
19	1566	20.5	2.3280958635965
19	1580	20.6	2.4696178720333
19	1593	20.7	2.5879879088374
19	1607	20.8	2.2337508644909
19	1621	20.9	1.933888494852
19	1634	21	1.4605431848439
19	1649	21.1	2.00828053765
19	1663	21.2	1.376208983548
19	1677	21.3	1.6788874064805
19	1692	21.4	1.4963733796729
19	1706	21.5	1.3334637315711
19	1720	21.6	1.3236217970261
19	1735	21.7	2.5947374627693
19	1749	21.8	2.4220296436921
19	1763	21.9	2.0785279560834
19	1778	22	2.4728021680378
19	1792	22.1	2.1533128506737
19	1806	22.2	1.5937384627992
19	1821	22.3	2.2076198634226
19	1835	22.4	2.4277660770575
19	1849	22.5	2.5818670823704
19	1864	22.6	2.4089693658985
19	1878	22.7	1.7193646281958
19	1892	22.8	2.0532986996928
19	1907	22.9	2.10725609574
19	1921	23	2.4290723654442
19	1935	23.1	1.9656850571046
19	1950	23.2	1.7117342659505
19	1964	23.3	2.0365293308161
19	1978	23.4	1.574890831206
19	1993	23.5	2.3314270125935
19	2007	23.6	2.2627506647492
19	2021	23.7	2.5874053742504
19	2036	23.8	2.3438294390682
19	2050	23.9	1.6702676265268
19	2064	24	1.9255143081071
19	2079	24.1	2.0610622785986
19	2093	24.2	2.5540288329357
19	2107	24.3	2.3921727973037
19	2122	24.4	2.2391250772635
19	2136	24.5	2.4088819413679
19	2150	24.6	1.4248208629899
19	2165	24.7	1.4162918654969
19	2179	24.8	1.658582073031
19	2193	24.9	2.0458023586311
19	2208	25	2.1739634830971
19	2222	25.1	1.6491834557848
19	2238	25.2	2.1992279877653
19	2255	25.3	1.3601622043643
19	2271	25.4	1.7918179621455
19	2287	25.5	1.3098416221794
19	2304	25.6	1.7763097460382
19	2320	25.7	2.0184082107386
19	2336	25.8	2.2009181316942
19	2353	25.9	2.0906933803111
19	2369	26	1.9028431013227
19	2386	26.1	2.4719785955735
19	2403	26.2	2.487507763179
19	2420	26.3	1.9209183075931
19	2437	26.4	1.8920318603283
19	2454	26.5	1.5975842322921
19	2471	26.6	1.3238684157142
19	2488	26.7	2.5406424654415
19	2505	26.8	1.5508703110041
19	2522	26.9	0.64886038475578
19	2539	27	-0.48206557058727
19	2556	27.1	-0.31629796831403
19	2573	27.2	0.64875812157986
19	2590	27.3	-0.02510229279288
19	2607	27.4	0.064493442955467
19	2624	27.5	-0.70167612535883
19	2641	27.6	0.31218557965481
19	2658	27.7	0.59227469915058
19	2675	27.8	-0.84497009299234
19	2692	27.9	-0.032765631400977
19	2709	28	1.0190856184811
19	2726	28.1	-0.71149070006797
19	2743	28.2	0.49903509740254
19	2760	28.3	-0.57479233613705
19	2777	28.4	0.24683261434546
19	2794	28.5	0.68106888118201
19	2811	28.6	-0.88828675667756
19	2828	28.7	0.04681357559754
19	2845	28.8	0.38165513845158
20	507	10.3	1.4131180182312
20	515	10.4	1.5913742554074
20	523	10.5	1.6829757429101
20	532	10.6	1.8481705196477
20	540	10.7	2.0314964633674
20	548	10.8	2.0364501382946
20	557	10.9	2.1524244253239
20	565	11	2.4903333990188
20	574	11.1	2.6540897632154
20	583	11.2	2.600102432713
20	592	11.3	2.2374659938288
20	601	11.4	2.4211373867472
20	610	11.5	2.9663767445234
20	619	11.6	2.7414430191135
20	628	11.7	3.3287591431485
20	637	11.8	3.6828184237744
20	646	11.9	3.101005080781
20	655	12	2.9673959481951
20	664	12.1	3.4720425318326
20	673	12.2	3.3690807341071
20	682	12.3	2.9702608171725
20	691	12.4	4.101550721415
20	700	12.5	3.4766039601939
20	709	12.6	3.2734280232564
20	718	12.7	4.6324376603581
20	727	12.8	3.4979083807152
20	736	12.9	3.8240493024364
20	745	13	4.0884068571485
20	754	13.1	3.4172508575504
20	763	13.2	3.9550955305787
20	772	13.3	4.4334117914812
20	781	13.4	4.2934896823377
20	790	13.5	4.4347574260166
20	799	13.6	5.897465072776
20	808	13.7	4.4230533379034
20	817	13.8	5.527220151434
20	826	13.9	4.522970637936
20	835	14	6.153157684403
20	844	14.1	6.4244742881296
20	853	14.2	5.2446778565377
20	862	14.3	6.8745228463685
20	871	14.4	5.2962688701032
20	880	14.5	6.6244098797129
20	889	14.6	6.3357266647146
20	898	14.7	4.6088071286373
20	907	14.8	5.1985862813381
20	916	14.9	6.3773906318519
20	925	15	5.002793917317
20	934	15.1	6.5009467342682
20	945	15.2	5.1916206478089
20	956	15.3	6.5612100923561
20	967	15.4	5.7545440247468
20	978	15.5	7.0868619856812
20	989	15.6	8.5373873206178
20	1000	15.7	7.491266728945
20	1011	15.8	8.8001753044804
20	1022	15.9	9.1043442371337
20	1033	16	6.433615328099
20	1045	16.1	6.5670243626187
20	1056	16.2	7.6598571879334
20	1068	16.3	9.0048906280893
20	1080	16.4	8.0098107685625
20	1091	16.5	6.1596359614905
20	1103	16.6	7.6515285717857
20	1115	16.7	8.1551528524604
20	1126	16.8	7.4180261433875
20	1138	16.9	9.3695165857481
20	1150	17	6.8964453827266
20	1161	17.1	6.5226845100561
20	1173	17.2	9.9433790836514
20	1185	17.3	10.068656204664
20	1196	17.4	9.1400394724136
20	1208	17.5	8.1895581640433
20	1220	17.6	11.245498044317
20	1231	17.7	7.4495921312179
20	1243	17.8	8.7933073148526
20	1255	17.9	7.7294186525971
20	1266	18	9.6638629145984
20	1278	18.1	9.1352259266116
20	1290	18.2	9.9353203212015
20	1301	18.3	7.8101883587039
20	1313	18.4	11.391762921729
20	1325	18.5	7.9936997920053
20	1336	18.6	11.135751269225
20	1348	18.7	13.034010601473
20	1360	18.8	10.896068890158
20	1371	18.9	9.6183103360869
20	1383	19	10.807618021589
20	1395	19.1	12.364444080583
20	1406	19.2	12.040452089516
20	1418	19.3	11.270867380486
20	1430	19.4	13.259141811526
20	1441	19.5	10.510396152627
20	1453	19.6	13.363225182099
20	1465	19.7	10.136704208811
20	1476	19.8	13.09504040958
20	1488	19.9	10.609198562635
20	1500	20	9.8596756613234
20	1511	20.1	14.17693883119
20	1525	20.2	9.4301214352781
20	1539	20.3	14.918074890777
20	1552	20.4	12.12521558289
20	1566	20.5	14.485508279227
20	1580	20.6	15.377221959276
20	1593	20.7	16.178084591829
20	1607	20.8	14.533319973479
20	1621	20.9	13.114442761722
20	1634	21	10.734073560384
20	1649	21.1	13.730675364421
20	1663	21.2	10.46661983193
20	1677	21.3	12.172333602893
20	1692	21.4	11.277726318752
20	1706	21.5	10.468215751473
20	1720	21.6	10.48214980169
20	1735	21.7	17.62119293543
20	1749	21.8	16.857750865319
20	1763	21.9	15.089470743389
20	1778	22	17.502494042898
20	1792	22.1	15.843320502918
20	1806	22.2	12.729846469157
20	1821	22.3	16.435751609941
20	1835	22.4	17.911260197639
20	1849	22.5	19.033899845808
20	1864	22.6	18.198612496865
20	1878	22.7	14.1685692051
20	1892	22.8	16.334436878014
20	1907	22.9	16.818049113559
20	1921	23	18.993442331927
20	1935	23.1	16.258137981946
20	1950	23.2	14.78190577633
20	1964	23.3	16.973850791113
20	1978	23.4	14.144621205716
20	1993	23.5	19.15801270099
20	2007	23.6	18.895500380831
20	2021	23.7	21.228534450088
20	2036	23.8	19.824871389195
20	2050	23.9	15.484305381335
20	2064	24	17.320774518741
20	2079	24.1	18.384939256814
20	2093	24.2	21.935114559607
20	2107	24.3	21.03631967593
20	2122	24.4	20.168235770301
20	2136	24.5	21.549450976854
20	2150	24.6	14.774164781125
20	2165	24.7	14.802920739399
20	2179	24.8	16.623396873659
20	2193	24.9	19.526510366453
20	2208	25	20.61827417302
20	2222	25.1	16.9617480144
20	2238	25.2	21.118395245931
20	2255	25.3	15.097025342762
20	2271	25.4	18.384928050393
20	2287	25.5	14.921916799564
20	2304	25.6	18.4983326186
20	2320	25.7	20.458235874074
20	2336	25.8	22.009424728642
20	2353	25.9	21.351762160644
20	2369	26	20.076641334583
20	2386	26.1	24.645584861066
20	2403	26.2	24.996738964539
20	2420	26.3	20.761350617112
20	2437	26.4	20.686794964614
20	2454	26.5	18.495169532629
20	2471	26.6	16.427198217196
20	2488	26.7	26.2942697101
20	2505	26.8	18.518734818052
20	2522	26.9	11.329422128133
20	2539	27	2.2447983164676
20	2556	27.1	3.5639899353592
20	2573	27.2	11.320948332752
20	2590	27.3	5.9163007064364
20	2607	27.4	6.6371163622877
20	2624	27.5	0.47936943566023
20	2641	27.6	8.6068766160723
20	2658	27.7	10.880062024843
20	2675	27.8	-0.6665418065344
20	2692	27.9	5.8336950501239
20	2709	28	14.31370237261
20	2726	28.1	0.40692978159154
20	2743	28.2	10.128435016951
20	2760	28.3	1.5004152564015
20	2777	28.4	8.0913551744148
20	2794	28.5	11.607294090238
20	2811	28.6	-1.0099299924142
20	2828	28.7	6.4822639770264
20	2845	28.8	9.1818935634872
23	934	15.1	1525
23	945	15.2	1525.0258057172
23	956	15.3	1525.0771905313
23	967	15.4	1525.154096256
23	978	15.5	1525.2528480936
23	989	15.6	1525.375060088
23	1000	15.7	1525.5181037169
23	1011	15.8	1525.6810444008
23	1022	15.9	1525.8607692997
23	1033	16	1526.0663737046
23	1045	16.1	1526.2895246581
23	1056	16.2	1526.5321847732
23	1068	16.3	1526.7982449335
23	1080	16.4	1527.0799870236
23	1091	16.5	1527.383239542
23	1103	16.6	1527.7033346731
23	1115	16.7	1528.0472887802
23	1126	16.8	1528.4097389158
23	1138	16.9	1528.7860442692
23	1150	17	1529.1813863964
23	1161	17.1	1529.5932369371
23	1173	17.2	1530.025910604
23	1185	17.3	1530.4821637619
23	1196	17.4	1530.9548027593
23	1208	17.5	1531.4504853666
23	1220	17.6	1531.9714135948
23	1231	17.7	1532.5142884766
23	1243	17.8	1533.0782525845
23	1255	17.9	1533.6678958689
23	1266	18	1534.2747070473
23	1278	18.1	1534.9005426959
23	1290	18.2	1535.5395039382
23	1301	18.3	1536.1958451639
23	1313	18.4	1536.8779179266
23	1325	18.5	1537.5818304663
23	1336	18.6	1538.3040948835
23	1348	18.7	1539.0441825367
23	1360	18.8	1539.8067141434
23	1371	18.9	1540.5928324829
23	1383	19	1541.3960134749
23	1395	19.1	1542.2128786491
23	1406	19.2	1543.0524425819
23	1418	19.3	1543.9112699055
23	1430	19.4	1544.793400118
23	1441	19.5	1545.6966661208
23	1453	19.6	1546.6223229505
23	1465	19.7	1547.5627496573
23	1476	19.8	1548.5224504356
23	1488	19.9	1549.4988320381
23	1500	20	1550.4938631637
23	1511	20.1	1551.5130112683
23	1525	20.2	1552.5487723243
23	1539	20.3	1553.6008007532
23	1552	20.4	1554.6690888746
23	1566	20.5	1555.7508718231
23	1580	20.6	1556.8498503486
23	1593	20.7	1557.962744993
23	1607	20.8	1559.0888433548
23	1621	20.9	1560.240110298
23	1634	21	1561.4071391933
23	1649	21.1	1562.5876676765
23	1663	21.2	1563.7877966727
23	1677	21.3	1565.0057298456
23	1692	21.4	1566.2386838675
23	1706	21.5	1567.4974658103
23	1720	21.6	1568.7721022067
23	1735	21.7	1570.0662725153
23	1749	21.8	1571.381106426
23	1763	21.9	1572.7194723139
23	1778	22	1574.071089106
23	1792	22.1	1575.4360579448
23	1806	22.2	1576.8216789421
23	1821	22.3	1578.2322456213
23	1835	22.4	1579.6567715324
23	1849	22.5	1581.0978647168
23	1864	22.6	1582.5609983347
23	1878	22.7	1584.0489671132
23	1892	22.8	1585.5573179671
23	1907	22.9	1587.0804816558
23	1921	23	1588.6263155298
23	1935	23.1	1590.1942286217
23	1950	23.2	1591.7813220095
23	1964	23.3	1593.3907296523
23	1978	23.4	1595.0195158482
23	1993	23.5	1596.66524108
23	2007	23.6	1598.3281086431
23	2021	23.7	1600.0093374109
23	2036	23.8	1601.7148311309
23	2050	23.9	1603.4457448911
23	2064	24	1605.1965551733
23	2079	24.1	1606.9658573972
23	2093	24.2	1608.7549808583
23	2107	24.3	1610.5634741003
23	2122	24.4	1612.3895243229
23	2136	24.5	1614.2364697617
23	2150	24.6	1616.10773284
23	2165	24.7	1617.9990560699
23	2179	24.8	1619.9059743798
23	2193	24.9	1621.8271401125
23	2208	25	1623.7667632829
23	2222	25.1	1625.7241176595
23	2238	25.2	1627.697118947
23	2255	25.3	1629.6884374403
23	2271	25.4	1631.6933815655
23	2287	25.5	1633.7125107224
23	2304	25.6	1635.7494641996
23	2320	25.7	1637.8069052576
23	2336	25.8	1639.8899133553
23	2353	25.9	1641.9942842636
23	2369	26	1644.1194387983
23	2386	26.1	1646.2583044132
23	2403	26.2	1648.4189229165
23	2420	26.3	1650.6051114501
23	2437	26.4	1652.8164150207
23	2454	26.5	1655.0504271059
23	2471	26.6	1657.3089378953
23	2488	26.7	1659.5805741996
23	2505	26.8	1661.869906601
23	2522	26.9	1664.1843900478
23	2539	27	1666.5217350526
23	2556	27.1	1668.8764238888
23	2573	27.2	1671.2499017836
23	2590	27.3	1673.643986539
23	2607	27.4	1676.0520467245
23	2624	27.5	1678.4815761582
23	2641	27.6	1680.9245089599
23	2658	27.7	1683.3805456153
23	2675	27.8	1685.8502198869
23	2692	27.9	1688.3451355258
23	2709	28	1690.8625094851
23	2726	28.1	1693.3961491971
23	2743	28.2	1695.9499481177
23	2760	28.3	1698.5266563946
23	2777	28.4	1701.1211227015
23	2794	28.5	1703.7318290651
23	2811	28.6	1706.3556082184
23	2828	28.7	1709.0015810494
23	2845	28.8	1711.6718471191
24	934	15.1	28.2
24	945	15.2	28.2
24	956	15.3	28.2
24	967	15.4	28.2
24	978	15.5	28.2
24	989	15.6	28.2
24	1000	15.7	28.2
24	1011	15.8	28.2
24	1022	15.9	28.2
24	1033	16	28.2
24	1045	16.1	28.2
24	1056	16.2	28.2
24	1068	16.3	28.2
24	1080	16.4	28.2
24	1091	16.5	28.2
24	1103	16.6	28.2
24	1115	16.7	28.2
24	1126	16.8	28.2
24	1138	16.9	28.2
24	1150	17	28.2
24	1161	17.1	28.2
24	1173	17.2	28.2
24	1185	17.3	28.2
24	1196	17.4	28.2
24	1208	17.5	28.2
24	1220	17.6	28.2
24	1231	17.7	28.2
24	1243	17.8	28.2
24	1255	17.9	28.2
24	1266	18	28.2
24	1278	18.1	28.2
24	1290	18.2	28.2
24	1301	18.3	28.2
24	1313	18.4	28.2
24	1325	18.5	28.2
24	1336	18.6	28.2
24	1348	18.7	28.2
24	1360	18.8	28.2
24	1371	18.9	28.2
24	1383	19	28.2
24	1395	19.1	28.2
24	1406	19.2	28.2
24	1418	19.3	28.2
24	1430	19.4	28.2
24	1441	19.5	28.2
24	1453	19.6	28.2
24	1465	19.7	28.2
24	1476	19.8	28.2
24	1488	19.9	28.2
24	1500	20	28.2
24	1511	20.1	28.2
24	1525	20.2	28.2
24	1539	20.3	28.2
24	1552	20.4	28.2
24	1566	20.5	28.2
24	1580	20.6	28.2
24	1593	20.7	28.2
24	1607	20.8	28.2
24	1621	20.9	28.2
24	1634	21	28.2
24	1649	21.1	28.2
24	1663	21.2	28.2
24	1677	21.3	28.2
24	1692	21.4	28.2
24	1706	21.5	28.2
24	1720	21.6	28.2
24	1735	21.7	28.2
24	1749	21.8	28.2
24	1763	21.9	28.2
24	1778	22	28.2
24	1792	22.1	28.2
24	1806	22.2	28.2
24	1821	22.3	28.2
24	1835	22.4	28.2
24	1849	22.5	28.2
24	1864	22.6	28.2
24	1878	22.7	28.2
24	1892	22.8	28.2
24	1907	22.9	28.2
24	1921	23	28.2
24	1935	23.1	28.2
24	1950	23.2	28.2
24	1964	23.3	28.2
24	1978	23.4	28.2
24	1993	23.5	28.2
24	2007	23.6	28.2
24	2021	23.7	28.2
24	2036	23.8	28.2
24	2050	23.9	28.2
24	2064	24	28.2
24	2079	24.1	28.2
24	2093	24.2	28.2
24	2107	24.3	28.2
24	2122	24.4	28.2
24	2136	24.5	28.2
24	2150	24.6	28.2
24	2165	24.7	28.2
24	2179	24.8	28.2
24	2193	24.9	28.2
24	2208	25	28.2
24	2222	25.1	28.2
24	2238	25.2	28.2
24	2255	25.3	28.2
24	2271	25.4	28.2
24	2287	25.5	28.2
24	2304	25.6	28.2
24	2320	25.7	28.2
24	2336	25.8	28.2
24	2353	25.9	28.2
24	2369	26	28.2
24	2386	26.1	28.2
24	2403	26.2	28.2
24	2420	26.3	28.2
24	2437	26.4	28.2
24	2454	26.5	28.2
24	2471	26.6	28.2
24	2488	26.7	28.2
24	2505	26.8	28.2
24	2522	26.9	28.2
24	2539	27	28.2
24	2556	27.1	28.2
24	2573	27.2	28.2
24	2590	27.3	28.2
24	2607	27.4	28.2
24	2624	27.5	28.2
24	2641	27.6	28.2
24	2658	27.7	28.2
24	2675	27.8	28.2
24	2692	27.9	28.2
24	2709	28	28.2
24	2726	28.1	28.2
24	2743	28.2	28.2
24	2760	28.3	28.2
24	2777	28.4	28.2
24	2794	28.5	28.2
24	2811	28.6	28.2
24	2828	28.7	28.2
24	2845	28.8	28.2
25	945	15.2	0.25805717203929
25	956	15.3	0.51384814061459
25	967	15.4	0.76905724745702
25	978	15.5	0.98751837610087
25	989	15.6	1.2221199437862
25	1000	15.7	1.4304362891346
25	1011	15.8	1.6294068392489
25	1022	15.9	1.7972489884094
25	1033	16	2.0560440492923
25	1045	16.1	2.2315095344661
25	1056	16.2	2.4266011512543
25	1068	16.3	2.6606016029495
25	1080	16.4	2.817420901629
25	1091	16.5	3.0325251834172
25	1103	16.6	3.2009513115029
25	1115	16.7	3.4395410711582
25	1126	16.8	3.6245013550746
25	1138	16.9	3.7630535348466
25	1150	17	3.9534212711996
25	1161	17.1	4.1185054077821
25	1173	17.2	4.3267366690219
25	1185	17.3	4.562531578318
25	1196	17.4	4.7263899747639
25	1208	17.5	4.9568260729693
25	1220	17.6	5.2092822818489
25	1231	17.7	5.4287488178614
25	1243	17.8	5.6396410790186
25	1255	17.9	5.8964328442778
25	1266	18	6.0681117834298
25	1278	18.1	6.2583564863012
25	1290	18.2	6.389612423322
25	1301	18.3	6.5634122568586
25	1313	18.4	6.820727626242
25	1325	18.5	7.0391253974203
25	1336	18.6	7.2226441721556
25	1348	18.7	7.4008765317926
25	1360	18.8	7.6253160674668
25	1371	18.9	7.861183394851
25	1383	19	8.0318099193888
25	1395	19.1	8.1686517420908
25	1406	19.2	8.3956393281913
25	1418	19.3	8.5882732357162
25	1430	19.4	8.8213021254826
25	1441	19.5	9.0326600282717
25	1453	19.6	9.2565682961799
25	1465	19.7	9.4042670680124
25	1476	19.8	9.5970077835636
25	1488	19.9	9.7638160251764
25	1500	20	9.9503112551764
25	1511	20.1	10.191481046046
25	1525	20.2	10.357610560149
25	1539	20.3	10.520284288962
25	1552	20.4	10.682881214794
25	1566	20.5	10.817829484938
25	1580	20.6	10.989785255069
25	1593	20.7	11.128946443713
25	1607	20.8	11.260983617309
25	1621	20.9	11.512669432755
25	1634	21	11.670288952816
25	1649	21.1	11.805284832319
25	1663	21.2	12.001289961139
25	1677	21.3	12.179331729518
25	1692	21.4	12.329540219403
25	1706	21.5	12.587819428021
25	1720	21.6	12.746363963632
25	1735	21.7	12.941703085849
25	1749	21.8	13.148339107454
25	1763	21.9	13.38365887866
25	1778	22	13.516167921101
25	1792	22.1	13.649688387377
25	1806	22.2	13.856209973393
25	1821	22.3	14.105666792382
25	1835	22.4	14.245259111133
25	1849	22.5	14.410931843285
25	1864	22.6	14.631336179348
25	1878	22.7	14.879687785039
25	1892	22.8	15.083508538835
25	1907	22.9	15.231636886544
25	1921	23	15.45833874076
25	1935	23.1	15.679130918356
25	1950	23.2	15.87093387829
25	1964	23.3	16.094076427988
25	1978	23.4	16.287861959437
25	1993	23.5	16.457252318001
25	2007	23.6	16.628675630652
25	2021	23.7	16.812287677874
25	2036	23.8	17.054937200486
25	2050	23.9	17.309137601835
25	2064	24	17.508102822139
25	2079	24.1	17.693022238769
25	2093	24.2	17.891234610992
25	2107	24.3	18.084932420073
25	2122	24.4	18.260502225955
25	2136	24.5	18.46945438739
25	2150	24.6	18.712630783493
25	2165	24.7	18.913232298652
25	2179	24.8	19.069183099008
25	2193	24.9	19.211657327677
25	2208	25	19.396231703671
25	2222	25.1	19.573543766323
25	2238	25.2	19.730012874602
25	2255	25.3	19.913184933398
25	2271	25.4	20.049441251679
25	2287	25.5	20.191291569186
25	2304	25.6	20.369534772056
25	2320	25.7	20.574410579319
25	2336	25.8	20.830080977893
25	2353	25.9	21.043709082218
25	2369	26	21.251545347602
25	2386	26.1	21.388656148255
25	2403	26.2	21.606185032982
25	2420	26.3	21.861885336415
25	2437	26.4	22.113035706508
25	2454	26.5	22.340120851678
25	2471	26.6	22.585107893607
25	2488	26.7	22.716363042813
25	2505	26.8	22.893324014713
25	2522	26.9	23.144834467905
25	2539	27	23.373450047533
25	2556	27.1	23.546888362694
25	2573	27.2	23.734778947226
25	2590	27.3	23.940847554101
25	2607	27.4	24.080601854993
25	2624	27.5	24.295294337746
25	2641	27.6	24.429328016269
25	2658	27.7	24.560366554526
25	2675	27.8	24.696742715438
25	2692	27.9	24.949156389659
25	2709	28	25.173739592953
25	2726	28.1	25.336397120132
25	2743	28.2	25.537989205877
25	2760	28.3	25.767082768817
25	2777	28.4	25.944663068429
25	2794	28.5	26.107063636105
25	2811	28.6	26.237791533653
25	2828	28.7	26.459728309611
25	2845	28.8	26.70266069667
26	956	15.3	2.557909685753
26	967	15.4	2.5520910684244
26	978	15.5	2.1846112864384
26	989	15.6	2.3460156768533
26	1000	15.7	2.0831634534842
26	1011	15.8	1.9897055011432
26	1022	15.9	1.678421491605
26	1033	16	2.5879506088289
26	1045	16.1	1.754654851738
26	1056	16.2	1.950916167882
26	1068	16.3	2.3400045169517
26	1080	16.4	1.5681929867947
26	1091	16.5	2.1510428178823
26	1103	16.6	1.684261280857
26	1115	16.7	2.385897596553
26	1126	16.8	1.8496028391644
26	1138	16.9	1.3855217977194
26	1150	17	1.9036773635307
26	1161	17.1	1.6508413658245
26	1173	17.2	2.0823126123985
26	1185	17.3	2.3579490929609
26	1196	17.4	1.6385839644587
26	1208	17.5	2.3043609820539
26	1220	17.6	2.5245620887959
26	1231	17.7	2.1946653601248
26	1243	17.8	2.1089226115728
26	1255	17.9	2.5679176525911
26	1266	18	1.7167893915204
26	1278	18.1	1.9024470287142
26	1290	18.2	1.3125593702076
26	1301	18.3	1.7379983353661
26	1313	18.4	2.5731536938343
26	1325	18.5	2.1839777117828
26	1336	18.6	1.8351877473528
26	1348	18.7	1.7823235963704
26	1360	18.8	2.2443953567417
26	1371	18.9	2.3586732738418
26	1383	19	1.706265245378
26	1395	19.1	1.3684182270197
26	1406	19.2	2.2698758610059
26	1418	19.3	1.9263390752487
26	1430	19.4	2.3302888976643
26	1441	19.5	2.1135790278902
26	1453	19.6	2.2390826790826
26	1465	19.7	1.4769877183251
26	1476	19.8	1.9274071555119
26	1488	19.9	1.6680824161274
26	1500	20	1.8649523
26	1511	20.1	2.4116979087004
26	1525	20.2	1.6612951410236
26	1539	20.3	1.6267372881295
26	1552	20.4	1.6259692583233
26	1566	20.5	1.3494827014394
26	1580	20.6	1.7195577013073
26	1593	20.7	1.3916118864436
26	1607	20.8	1.3203717359574
26	1621	20.9	2.5168581544654
26	1634	21	1.5761952006025
26	1649	21.1	1.3499587950297
26	1663	21.2	1.9600512881996
26	1677	21.3	1.7804176837904
26	1692	21.4	1.5020848988555
26	1706	21.5	2.5827920861775
26	1720	21.6	1.5854453561129
26	1735	21.7	1.9533912221668
26	1749	21.8	2.0663602160523
26	1763	21.9	2.3531977120554
26	1778	22	1.3250904244138
26	1792	22.1	1.3352046627551
26	1806	22.2	2.0652158601675
26	1821	22.3	2.4945681898855
26	1835	22.4	1.3959231875138
26	1849	22.5	1.6567273215158
26	1864	22.6	2.2040433606366
26	1878	22.7	2.4835160569055
26	1892	22.8	2.0382075379603
26	1907	22.9	1.4812834770884
26	1921	23	2.2670185421593
26	1935	23.1	2.2079217759659
26	1950	23.2	1.9180295993341
26	1964	23.3	2.2314254969824
26	1978	23.4	1.9378553144867
26	1993	23.5	1.6939035856398
26	2007	23.6	1.7142331265146
26	2021	23.7	1.8361204722198
26	2036	23.8	2.4264952261234
26	2050	23.9	2.5420040134806
26	2064	24	1.9896522030467
26	2079	24.1	1.8491941662971
26	2093	24.2	1.9821237222292
26	2107	24.3	1.9369780908106
26	2122	24.4	1.7556980588241
26	2136	24.5	2.0895216143457
26	2150	24.6	2.4317639610265
26	2165	24.7	2.0060151515994
26	2179	24.8	1.5595080035506
26	2193	24.9	1.4247422866989
26	2208	25	1.8457437599311
26	2222	25.1	1.7731206265278
26	2238	25.2	1.564691082784
26	2255	25.3	1.8317205879605
26	2271	25.4	1.3625631828094
26	2287	25.5	1.4185031750705
26	2304	25.6	1.7824320286978
26	2320	25.7	2.0487580726389
26	2336	25.8	2.5567039857386
26	2353	25.9	2.1362810432445
26	2369	26	2.0783626538469
26	2386	26.1	1.371108006523
26	2403	26.2	2.1752888472751
26	2420	26.3	2.5570030343253
26	2437	26.4	2.5115037009353
26	2454	26.5	2.270851451694
26	2471	26.6	2.4498704192927
26	2488	26.7	1.3125514920568
26	2505	26.8	1.7696097190026
26	2522	26.9	2.5151045319159
26	2539	27	2.2861557962839
26	2556	27.1	1.7343831516104
26	2573	27.2	1.8789058453171
26	2590	27.3	2.0606860687491
26	2607	27.4	1.3975430089282
26	2624	27.5	2.1469248275273
26	2641	27.6	1.3403367852327
26	2658	27.7	1.3103853825713
26	2675	27.8	1.3637616091175
26	2692	27.9	2.5241367422045
26	2709	28	2.2458320329432
26	2726	28.1	1.6265752717853
26	2743	28.2	2.0159208574565
26	2760	28.3	2.2909356293967
26	2777	28.4	1.775802996126
26	2794	28.5	1.6240056767594
26	2811	28.6	1.3072789754719
26	2828	28.7	2.2193677595817
26	2845	28.8	2.4293238705956
27	956	15.3	1.4515654576868
27	967	15.4	1.6201530368008
27	978	15.5	1.6776467026124
27	989	15.6	1.8600978119244
27	1000	15.7	1.8974142854983
27	1011	15.8	1.9703337990316
27	1022	15.9	1.9242220384333
27	1033	16	2.492333128858
27	1045	16.1	2.1623170400852
27	1056	16.2	2.3692962171513
27	1068	16.3	2.7405098373093
27	1080	16.4	2.3127789601508
27	1091	16.5	2.8309303079219
27	1103	16.6	2.5667321066819
27	1115	16.7	3.2574231361788
27	1126	16.8	2.9048815832298
27	1138	16.9	2.5529763353333
27	1150	17	3.1201964458057
27	1161	17.1	2.9536889271906
27	1173	17.2	3.4975224227979
27	1185	17.3	3.9316007205151
27	1196	17.4	3.2141999959371
27	1208	17.5	4.1131463982639
27	1220	17.6	4.5437834010265
27	1231	17.7	4.2580059199885
27	1243	17.8	4.2649760092352
27	1255	17.9	5.0624967215446
27	1266	18	3.9340252942917
27	1278	18.1	4.3039393399849
27	1290	18.2	3.4635394525804
27	1301	18.3	4.2018734179055
27	1313	18.4	5.6980833046663
27	1325	18.5	5.1867512589981
27	1336	18.6	4.687659784017
27	1348	18.7	4.6834381342087
27	1360	18.8	5.6433319325439
27	1371	18.9	6.0027149201703
27	1383	19	4.8480788955118
27	1395	19.1	4.248338380475
27	1406	19.2	6.1624249760007
27	1418	19.3	5.569902649415
27	1430	19.4	6.5529914767976
27	1441	19.5	6.214804574809
27	1453	19.6	6.6248257085112
27	1465	19.7	4.9879816587396
27	1476	19.8	6.112473471258
27	1488	19.9	5.5921240274539
27	1500	20	6.1532139313771
27	1511	20.1	7.6229092473175
27	1525	20.2	5.859197945345
27	1539	20.3	5.8494706207087
27	1552	20.4	5.9241467736845
27	1566	20.5	5.2670323474597
27	1580	20.6	6.3170756504065
27	1593	20.7	5.5066005529681
27	1607	20.8	5.3685000864494
27	1621	20.9	8.7894899476579
27	1634	21	6.252917137464
27	1649	21.1	5.6722046104261
27	1663	21.2	7.5177020847119
27	1677	21.3	7.0903415834752
27	1692	21.4	6.3412472666149
27	1706	21.5	9.7368181148059
27	1720	21.6	6.7864798563203
27	1735	21.7	8.0270764014957
27	1749	21.8	8.5020378469586
27	1763	21.9	9.5672380146396
27	1778	22	6.3064690871767
27	1792	22.1	6.3956480260825
27	1806	22.2	8.9206522299159
27	1821	22.3	10.529927124485
27	1835	22.4	6.8565901585871
27	1849	22.5	7.8355251752994
27	1864	22.6	9.8769583854121
27	1878	22.7	11.038033105756
27	1892	22.8	9.5637837661587
27	1907	22.9	7.6087526349552
27	1921	23	10.642637292531
27	1935	23.1	10.565442948751
27	1950	23.2	9.581176505957
27	1964	23.3	10.926444429453
27	1978	23.4	9.9017112164516
27	1993	23.5	9.034015034568
27	2007	23.6	9.2067371473224
27	2021	23.7	9.7995351719325
27	2036	23.8	12.364479311071
27	2050	23.9	13.028038045174
27	2064	24	10.845615489862
27	2079	24.1	10.360166082829
27	2093	24.2	11.048615759356
27	2107	24.3	10.971091490969
27	2122	24.4	10.279814222091
27	2136	24.5	11.88373255455
27	2150	24.6	13.584639437005
27	2165	24.7	11.790955420775
27	2179	24.8	9.8374599019257
27	2193	24.9	9.2883795968333
27	2208	25	11.347689070542
27	2222	25.1	11.11119225509
27	2238	25.2	10.211281164967
27	2255	25.3	11.590630127439
27	2271	25.4	9.4055003859461
27	2287	25.5	9.7470480744039
27	2304	25.6	11.62344559837
27	2320	25.7	13.065692545729
27	2336	25.8	15.784545063194
27	2353	25.9	13.820244171322
27	2369	26	13.666397043972
27	2386	26.1	10.113298608887
27	2403	26.2	14.410974688214
27	2420	26.3	16.601976454192
27	2437	26.4	16.560033153407
27	2454	26.5	15.443862613669
27	2471	26.6	16.59841632833
27	2488	26.7	10.474490686866
27	2505	26.8	13.086232875661
27	2522	26.9	17.400862549609
27	2539	27	16.295071535381
27	2556	27.1	13.294251657368
27	2573	27.2	14.237635083422
27	2590	27.3	15.422164448231
27	2607	27.4	11.672139763329
27	2624	27.5	16.177372157089
27	2641	27.6	11.526473647385
27	2658	27.7	11.419628678476
27	2675	27.8	11.809891318437
27	2692	27.9	18.925173402034
27	2709	28	17.42327809896
27	2726	28.1	13.766688078609
27	2743	28.2	16.287875805791
27	2760	28.3	18.159814716464
27	2777	28.4	15.078375836716
27	2794	28.5	14.231119133095
27	2811	28.6	12.310647131525
27	2828	28.7	18.25018004169
27	2845	28.8	19.790544792788
30	1511	20.1	2025
30	1525	20.2	2025.0255377034
30	1539	20.3	2025.0751504885
30	1552	20.4	2025.1504478835
30	1566	20.5	2025.2515142462
30	1580	20.6	2025.3770505471
30	1593	20.7	2025.5243767965
30	1607	20.8	2025.6908986655
30	1621	20.9	2025.8816721355
30	1634	21	2026.0878508548
30	1649	21.1	2026.3174941495
30	1663	21.2	2026.5610030947
30	1677	21.3	2026.8241919655
30	1692	21.4	2027.1095715727
30	1706	21.5	2027.4108979417
30	1720	21.6	2027.7362984795
30	1735	21.7	2028.0779026124
30	1749	21.8	2028.4407151456
30	1763	21.9	2028.825655735
30	1778	22	2029.2336802031
30	1792	22.1	2029.6603049314
30	1806	22.2	2030.1011444382
30	1821	22.3	2030.562790459
30	1835	22.4	2031.0474174361
30	1849	22.5	2031.5456570944
30	1864	22.6	2032.059879203
30	1878	22.7	2032.5968432162
30	1892	22.8	2033.1566174557
30	1907	22.9	2033.731606866
30	1921	23	2034.3290820135
30	1935	23.1	2034.9463629574
30	1950	23.2	2035.583714074
30	1964	23.3	2036.2359809366
30	1978	23.4	2036.9118928367
30	1993	23.5	2037.6052242185
30	2007	23.6	2038.3144493021
30	2021	23.7	2039.0487662185
30	2036	23.8	2039.8042620485
30	2050	23.9	2040.5737307538
30	2064	24	2041.3681990255
30	2079	24.1	2042.1823179663
30	2093	24.2	2043.0140444939
30	2107	24.3	2043.8645374391
30	2122	24.4	2044.7321722816
30	2136	24.5	2045.6215732221
30	2150	24.6	2046.534541461
30	2165	24.7	2047.4723103177
30	2179	24.8	2048.4301173229
30	2193	24.9	2049.4127093553
30	2208	25	2050.4122063009
30	2222	25.1	2051.4373513497
30	2238	25.2	2052.4883694349
30	2255	25.3	2053.5588429635
30	2271	25.4	2054.6540493992
30	2287	25.5	2055.7732066154
30	2304	25.6	2056.9171358787
30	2320	25.7	2058.0748874377
30	2336	25.8	2059.2489899031
30	2353	25.9	2060.4433219456
30	2369	26	2061.6526643383
30	2386	26.1	2062.8800874224
30	2403	26.2	2064.1327829507
30	2420	26.3	2065.4005648104
30	2437	26.4	2066.6858988544
30	2454	26.5	2067.9896909261
30	2471	26.6	2069.3130996762
30	2488	26.7	2070.6576422247
30	2505	26.8	2072.017375021
30	2522	26.9	2073.398322486
30	2539	27	2074.8043541376
30	2556	27.1	2076.2281446869
30	2573	27.2	2077.6714654224
30	2590	27.3	2079.1311892123
30	2607	27.4	2080.612191906
30	2624	27.5	2082.1133565151
30	2641	27.6	2083.6355582468
30	2658	27.7	2085.1821862002
30	2675	27.8	2086.7484505323
30	2692	27.9	2088.3357067779
30	2709	28	2089.9407583915
30	2726	28.1	2091.5675927418
30	2743	28.2	2093.2138759552
30	2760	28.3	2094.8815848513
30	2777	28.4	2096.5726740171
30	2794	28.5	2098.2852290084
30	2811	28.6	2100.0220699232
30	2828	28.7	2101.7769581086
30	2845	28.8	2103.5487972907
31	1511	20.1	28.2
31	1525	20.2	28.2
31	1539	20.3	28.2
31	1552	20.4	28.2
31	1566	20.5	28.2
31	1580	20.6	28.2
31	1593	20.7	28.2
31	1607	20.8	28.2
31	1621	20.9	28.2
31	1634	21	28.2
31	1649	21.1	28.2
31	1663	21.2	28.2
31	1677	21.3	28.2
31	1692	21.4	28.2
31	1706	21.5	28.2
31	1720	21.6	28.2
31	1735	21.7	28.2
31	1749	21.8	28.2
31	1763	21.9	28.2
31	1778	22	28.2
31	1792	22.1	28.2
31	1806	22.2	28.2
31	1821	22.3	28.2
31	1835	22.4	28.2
31	1849	22.5	28.2
31	1864	22.6	28.2
31	1878	22.7	28.2
31	1892	22.8	28.2
31	1907	22.9	28.2
31	1921	23	28.2
31	1935	23.1	28.2
31	1950	23.2	28.2
31	1964	23.3	28.2
31	1978	23.4	28.2
31	1993	23.5	28.2
31	2007	23.6	28.2
31	2021	23.7	28.2
31	2036	23.8	28.2
31	2050	23.9	28.2
31	2064	24	28.2
31	2079	24.1	28.2
31	2093	24.2	28.2
31	2107	24.3	28.2
31	2122	24.4	28.2
31	2136	24.5	28.2
31	2150	24.6	28.2
31	2165	24.7	28.2
31	2179	24.8	28.2
31	2193	24.9	28.2
31	2208	25	28.2
31	2222	25.1	28.2
31	2238	25.2	28.2
31	2255	25.3	28.2
31	2271	25.4	28.2
31	2287	25.5	28.2
31	2304	25.6	28.2
31	2320	25.7	28.2
31	2336	25.8	28.2
31	2353	25.9	28.2
31	2369	26	28.2
31	2386	26.1	28.2
31	2403	26.2	28.2
31	2420	26.3	28.2
31	2437	26.4	28.2
31	2454	26.5	28.2
31	2471	26.6	28.2
31	2488	26.7	28.2
31	2505	26.8	28.2
31	2522	26.9	28.2
31	2539	27	28.2
31	2556	27.1	28.2
31	2573	27.2	28.2
31	2590	27.3	28.2
31	2607	27.4	28.2
31	2624	27.5	28.2
31	2641	27.6	28.2
31	2658	27.7	28.2
31	2675	27.8	28.2
31	2692	27.9	28.2
31	2709	28	28.2
31	2726	28.1	28.2
31	2743	28.2	28.2
31	2760	28.3	28.2
31	2777	28.4	28.2
31	2794	28.5	28.2
31	2811	28.6	28.2
31	2828	28.7	28.2
31	2845	28.8	28.2
32	1525	20.2	0.25537703444459
32	1539	20.3	0.49612785069728
32	1552	20.4	0.75297394938294
32	1566	20.5	1.0106636274821
32	1580	20.6	1.2553630091003
32	1593	20.7	1.4732624940928
32	1607	20.8	1.6652186895172
32	1621	20.9	1.9077346999358
32	1634	21	2.0617871937483
32	1649	21.1	2.2964329469569
32	1663	21.2	2.4350894512993
32	1677	21.3	2.6318887087063
32	1692	21.4	2.8537960717816
32	1706	21.5	3.0132636898489
32	1720	21.6	3.2540053780459
32	1735	21.7	3.4160413294484
32	1749	21.8	3.6281253310491
32	1763	21.9	3.8494058942155
32	1778	22	4.080244681096
32	1792	22.1	4.2662472827418
32	1806	22.2	4.4083950679994
32	1821	22.3	4.6164602087985
32	1835	22.4	4.8462697703962
32	1849	22.5	4.9823965831439
32	1864	22.6	5.1422210858006
32	1878	22.7	5.3696401322319
32	1892	22.8	5.5977423945826
32	1907	22.9	5.7498941030947
32	1921	23	5.9747514756315
32	1935	23.1	6.1728094391257
32	1950	23.2	6.3735111657984
32	1964	23.3	6.5226686257392
32	1978	23.4	6.7591190005711
32	1993	23.5	6.9333138185519
32	2007	23.6	7.0922508360201
32	2021	23.7	7.3431691637601
32	2036	23.8	7.5549582997489
32	2050	23.9	7.6946870538581
32	2064	24	7.944682716144
32	2079	24.1	8.1411894081242
32	2093	24.2	8.317265276775
32	2107	24.3	8.5049294513406
32	2122	24.4	8.6763484247739
32	2136	24.5	8.8940094051266
32	2150	24.6	9.1296823890519
32	2165	24.7	9.3776885669481
32	2179	24.8	9.5780700526026
32	2193	24.9	9.8259203234746
32	2208	25	9.994969456197
32	2222	25.1	10.251450487914
32	2238	25.2	10.510180851755
32	2255	25.3	10.704735286302
32	2271	25.4	10.952064357054
32	2287	25.5	11.191572161816
32	2304	25.6	11.439292632769
32	2320	25.7	11.577515590739
32	2336	25.8	11.74102465364
32	2353	25.9	11.94332042527
32	2369	26	12.093423926296
32	2386	26.1	12.274230841155
32	2403	26.2	12.526955283211
32	2420	26.3	12.677818596981
32	2437	26.4	12.853340440338
32	2454	26.5	13.037920716802
32	2471	26.6	13.234087500506
32	2488	26.7	13.445425485146
32	2505	26.8	13.597327963024
32	2522	26.9	13.809474650678
32	2539	27	14.060316516074
32	2556	27.1	14.237905492246
32	2573	27.2	14.433207355029
32	2590	27.3	14.597237899512
32	2607	27.4	14.810026936737
32	2624	27.5	15.011646091231
32	2641	27.6	15.222017317199
32	2658	27.7	15.466279533176
32	2675	27.8	15.662643321318
32	2692	27.9	15.872562456297
32	2709	28	16.0505161354
32	2726	28.1	16.26834350343
32	2743	28.2	16.4628321342
32	2760	28.3	16.677088960904
32	2777	28.4	16.910891658271
32	2794	28.5	17.125549912566
32	2811	28.6	17.368409147962
32	2828	28.7	17.548881853673
32	2845	28.8	17.718391821774
33	1539	20.3	2.4075081625268
33	1552	20.4	2.5684609868566
33	1566	20.5	2.5768967809917
33	1580	20.6	2.4469938161819
33	1593	20.7	2.1789948499246
33	1607	20.8	1.9195619542443
33	1621	20.9	2.4251601041863
33	1634	21	1.5405249381243
33	1649	21.1	2.3464575320862
33	1663	21.2	1.3865650434243
33	1677	21.3	1.9679925740697
33	1692	21.4	2.219073630753
33	1706	21.5	1.5946761806728
33	1720	21.6	2.4074168819701
33	1735	21.7	1.620359514025
33	1749	21.8	2.1208400160074
33	1763	21.9	2.2128056316637
33	1778	22	2.3083878688049
33	1792	22.1	1.8600260164589
33	1806	22.2	1.4214778525755
33	1821	22.3	2.0806514079915
33	1835	22.4	2.2980956159765
33	1849	22.5	1.3612681274768
33	1864	22.6	1.598245026567
33	1878	22.7	2.2741904643131
33	1892	22.8	2.2810226235073
33	1907	22.9	1.521517085121
33	1921	23	2.2485737253679
33	1935	23.1	1.9805796349421
33	1950	23.2	2.007017266727
33	1964	23.3	1.4915745994076
33	1978	23.4	2.3645037483191
33	1993	23.5	1.7419481798075
33	2007	23.6	1.5893701746827
33	2021	23.7	2.5091832773993
33	2036	23.8	2.117891359888
33	2050	23.9	1.3972875410924
33	2064	24	2.4999566228595
33	2079	24.1	1.9650669198018
33	2093	24.2	1.7607586865081
33	2107	24.3	1.8766417456558
33	2122	24.4	1.7141897343332
33	2136	24.5	2.1766098035267
33	2150	24.6	2.3567298392532
33	2165	24.7	2.4800617789617
33	2179	24.8	2.0038148565451
33	2193	24.9	2.47850270872
33	2208	25	1.6904913272243
33	2222	25.1	2.5648103171727
33	2238	25.2	2.5873036384117
33	2255	25.3	1.9455443454673
33	2271	25.4	2.4732907075202
33	2287	25.5	2.3950780476211
33	2304	25.6	2.4772047095234
33	2320	25.7	1.3822295797057
33	2336	25.8	1.6350906290114
33	2353	25.9	2.0229577163001
33	2369	26	1.5010350102559
33	2386	26.1	1.8080691485899
33	2403	26.2	2.5272444205591
33	2420	26.3	1.5086331377039
33	2437	26.4	1.7552184335655
33	2454	26.5	1.8458027646411
33	2471	26.6	1.9616678370396
33	2488	26.7	2.1133798463969
33	2505	26.8	1.5190247787861
33	2522	26.9	2.1214668765431
33	2539	27	2.5084186539519
33	2556	27.1	1.7758897617226
33	2573	27.2	1.953018627828
33	2590	27.3	1.640305444831
33	2607	27.4	2.127890372253
33	2624	27.5	2.0161915449425
33	2641	27.6	2.1037122596754
33	2658	27.7	2.4426221597707
33	2675	27.8	1.9636378814234
33	2692	27.9	2.0991913497914
33	2709	28	1.7795367910294
33	2726	28.1	2.1782736802939
33	2743	28.2	1.9448863076978
33	2760	28.3	2.1425682670437
33	2777	28.4	2.338026973675
33	2794	28.5	2.1465825429419
33	2811	28.6	2.4285923539661
33	2828	28.7	1.8047270571115
33	2845	28.8	1.6950996810105
34	1539	20.3	1.421802564572
34	1552	20.4	1.6124530964654
34	1566	20.5	1.7865043586238
34	1580	20.6	1.9110610617593
34	1593	20.7	1.9550313488025
34	1607	20.8	1.9611109123593
34	1621	20.9	2.3176719806517
34	1634	21	1.9757428130304
34	1649	21.1	2.5205229326737
34	1663	21.2	2.0425173857478
34	1677	21.3	2.486914961641
34	1692	21.4	2.7760150193637
34	1706	21.5	2.4159356389115
34	1720	21.6	3.1580892953508
34	1735	21.7	2.6124591591834
34	1749	21.8	3.1438488895813
34	1763	21.9	3.3537995280626
34	1778	22	3.5830340024799
34	1792	22.1	3.2353916892145
34	1806	22.2	2.8407863742457
34	1821	22.3	3.6566506115337
34	1835	22.4	4.0383618254256
34	1849	22.5	2.9963296540349
34	1864	22.6	3.3512873212479
34	1878	22.7	4.3263256543208
34	1892	22.8	4.4734657568224
34	1907	22.9	3.5133394822101
34	1921	23	4.6556802785954
34	1935	23.1	4.3759079052868
34	1950	23.2	4.5241863193315
34	1964	23.3	3.7949897276798
34	1978	23.4	5.3162389311804
34	1993	23.5	4.3859231221887
34	2007	23.6	4.2016885363774
34	2021	23.7	5.941323863246
34	2036	23.8	5.3704265618107
34	2050	23.9	4.1144358466767
34	2064	24	6.3261633845339
34	2079	24.1	5.4080913211566
34	2093	24.2	5.0937482307059
34	2107	24.3	5.4236387988625
34	2122	24.4	5.1732547222493
34	2136	24.5	6.2695077667458
34	2150	24.6	6.8061163223846
34	2165	24.7	7.2435595787195
34	2179	24.8	6.2786538432589
34	2193	24.9	7.5408507892797
34	2208	25	5.7564314746468
34	2222	25.1	8.0406734212595
34	2238	25.2	8.2777826230121
34	2255	25.3	6.7589103113182
34	2271	25.4	8.2878044167266
34	2287	25.5	8.2393043526376
34	2304	25.6	8.6294450950844
34	2320	25.7	5.6685273897397
34	2336	25.8	6.4525351619766
34	2353	25.9	7.6662857621086
34	2369	26	6.2315642106939
34	2386	26.1	7.2213661214158
34	2403	26.2	9.525638936475
34	2420	26.3	6.5192242495205
34	2437	26.4	7.3632710201303
34	2454	26.5	7.7434555938088
34	2471	26.6	8.2191041266406
34	2488	26.7	8.8312338728941
34	2505	26.8	6.9759505917239
34	2522	26.9	9.0798664766335
34	2539	27	10.544915386105
34	2556	27.1	8.1571408799733
34	2573	27.2	8.8773983138996
34	2590	27.3	7.871990097932
34	2607	27.4	9.7194193106027
34	2624	27.5	9.4408585879763
34	2641	27.6	9.8876202211023
34	2658	27.7	11.302425213755
34	2675	27.8	9.632654574133
34	2692	27.9	10.27511735753
34	2709	28	9.1498147241985
34	2726	28.1	10.83282200577
34	2743	28.2	10.032765648254
34	2760	28.3	10.954349790757
34	2777	28.4	11.901226409968
34	2794	28.5	11.259622978399
34	2811	28.6	12.597429708644
34	2828	28.7	10.088508472887
34	2845	28.8	9.7168962676269
37	2222	25.1	2525
37	2238	25.2	2525.0257912995
37	2255	25.3	2525.0763962188
37	2271	25.4	2525.1512498598
37	2287	25.5	2525.2479646332
37	2304	25.6	2525.369701281
37	2320	25.7	2525.5169746789
37	2336	25.8	2525.6828922891
37	2353	25.9	2525.8713998223
37	2369	26	2526.083920669
37	2386	26.1	2526.321253504
37	2403	26.2	2526.5786822277
37	2420	26.3	2526.8541229103
37	2437	26.4	2527.1499892485
37	2454	26.5	2527.4689804948
37	2471	26.6	2527.8138152703
37	2488	26.7	2528.1719847149
37	2505	26.8	2528.554035752
37	2522	26.9	2528.9492244621
37	2539	27	2529.3666639916
37	2556	27.1	2529.8069046997
37	2573	27.2	2530.267632251
37	2590	27.3	2530.7451743311
37	2607	27.4	2531.2379438713
37	2624	27.5	2531.7536892606
37	2641	27.6	2532.2826232613
37	2658	27.7	2532.8337020306
37	2675	27.8	2533.4094040198
37	2692	27.9	2534.0021390215
37	2709	28	2534.6094116605
37	2726	28.1	2535.2378184491
37	2743	28.2	2535.8899911474
37	2760	28.3	2536.5572543871
37	2777	28.4	2537.23826404
37	2794	28.5	2537.9330509669
37	2811	28.6	2538.6412543413
37	2828	28.7	2539.3745364086
37	2845	28.8	2540.1283911531
38	2222	25.1	28.2
38	2238	25.2	28.2
38	2255	25.3	28.2
38	2271	25.4	28.2
38	2287	25.5	28.2
38	2304	25.6	28.2
38	2320	25.7	28.2
38	2336	25.8	28.2
38	2353	25.9	28.2
38	2369	26	28.2
38	2386	26.1	28.2
38	2403	26.2	28.2
38	2420	26.3	28.2
38	2437	26.4	28.2
38	2454	26.5	28.2
38	2471	26.6	28.2
38	2488	26.7	28.2
38	2505	26.8	28.2
38	2522	26.9	28.2
38	2539	27	28.2
38	2556	27.1	28.2
38	2573	27.2	28.2
38	2590	27.3	28.2
38	2607	27.4	28.2
38	2624	27.5	28.2
38	2641	27.6	28.2
38	2658	27.7	28.2
38	2675	27.8	28.2
38	2692	27.9	28.2
38	2709	28	28.2
38	2726	28.1	28.2
38	2743	28.2	28.2
38	2760	28.3	28.2
38	2777	28.4	28.2
38	2794	28.5	28.2
38	2811	28.6	28.2
38	2828	28.7	28.2
38	2845	28.8	28.2
39	2238	25.2	0.25791299530864
39	2255	25.3	0.50604919275492
39	2271	25.4	0.74853640986171
39	2287	25.5	0.96714773364696
39	2304	25.6	1.2173664787421
39	2320	25.7	1.472733978293
39	2336	25.8	1.6591761022357
39	2353	25.9	1.8850753320552
39	2369	26	2.1252084675533
39	2386	26.1	2.3733283492861
39	2403	26.2	2.5742872374094
39	2420	26.3	2.754406825533
39	2437	26.4	2.958663382056
39	2454	26.5	3.1899124635019
39	2471	26.6	3.4483477544862
39	2488	26.7	3.5816944462744
39	2505	26.8	3.8205103712095
39	2522	26.9	3.9518871004888
39	2539	27	4.1743952950867
39	2556	27.1	4.4024070812584
39	2573	27.2	4.6072755129411
39	2590	27.3	4.7754208009628
39	2607	27.4	4.9276954019078
39	2624	27.5	5.1574538931235
39	2641	27.6	5.2893400071732
39	2658	27.7	5.5107876926203
39	2675	27.8	5.7570198920214
39	2692	27.9	5.9273500175107
39	2709	28	6.0727263896711
39	2726	28.1	6.2840678858812
39	2743	28.2	6.5217269829482
39	2760	28.3	6.6726323972441
39	2777	28.4	6.8100965289035
39	2794	28.5	6.9478692687474
39	2811	28.6	7.0820337445204
39	2828	28.7	7.332820673162
39	2845	28.8	7.5385474448403
40	2255	25.3	2.4813619744628
40	2271	25.4	2.4248721710679
40	2287	25.5	2.1861132378525
40	2304	25.6	2.5021874509516
40	2320	25.7	2.5536749955086
40	2336	25.8	1.8644212394273
40	2353	25.9	2.2589922981953
40	2369	26	2.4013313549803
40	2386	26.1	2.4811988173283
40	2403	26.2	2.0095888812328
40	2420	26.3	1.8011958812363
40	2437	26.4	2.0425655652303
40	2454	26.5	2.3124908144586
40	2471	26.6	2.5843529098434
40	2488	26.7	1.3334669178817
40	2505	26.8	2.3881592493504
40	2522	26.9	1.3137672927929
40	2539	27	2.225081945979
40	2556	27.1	2.280117861717
40	2573	27.2	2.048684316827
40	2590	27.3	1.6814528802177
40	2607	27.4	1.5227460094495
40	2624	27.5	2.2975849121576
40	2641	27.6	1.318861140497
40	2658	27.7	2.2144768544706
40	2675	27.8	2.4623219940113
40	2692	27.9	1.7033012548927
40	2709	28	1.4537637216039
40	2726	28.1	2.1134149621008
40	2743	28.2	2.3765909706708
40	2760	28.3	1.5090541429585
40	2777	28.4	1.3746413165936
40	2794	28.5	1.3777273984393
40	2811	28.6	1.34164475773
40	2828	28.7	2.5078692864161
40	2845	28.8	2.0572677167831
41	2255	25.3	1.4370453696332
41	2271	25.4	1.583588472381
41	2287	25.5	1.6662837425144
41	2304	25.6	1.9029974904231
41	2320	25.7	2.0877127995116
41	2336	25.8	1.9359707573879
41	2353	25.9	2.227822174404
41	2369	26	2.4433092223839
41	2386	26.1	2.6449008783713
41	2403	26.2	2.4825149922014
41	2420	26.3	2.4404585494044
41	2437	26.4	2.7115450727404
41	2454	26.5	3.0446509395743
41	2471	26.6	3.4278674202277
41	2488	26.7	2.4380586790072
41	2505	26.8	3.4983338679597
41	2522	26.9	2.5575787605234
41	2539	27	3.5565901407357
41	2556	27.1	3.7494139339977
41	2573	27.2	3.6160530879552
41	2590	27.3	3.2855709824933
41	2607	27.4	3.1671401099014
41	2624	27.5	4.2272434242116
41	2641	27.6	3.0600211373243
41	2658	27.7	4.3323468919598
41	2675	27.8	4.8216735760895
41	2692	27.9	3.8483242371514
41	2709	28	3.5512591201043
41	2726	28.1	4.636750878676
41	2743	28.2	5.1856069807014
41	2760	28.3	3.8860494724226
41	2777	28.4	3.7238025638628
41	2794	28.5	3.7830655432899
41	2811	28.6	3.7743295637626
41	2828	28.7	5.9320902578604
41	2845	28.8	5.2508591559919

