=== Swarm Evo-SE — Highway Scenario ===
Warning: overwriting previous environment for '/home/leena/omnetpp-6.1'.
Environment for 'omnetpp-6.1' in directory '/home/leena/omnetpp-6.1' is ready.
>>> Linking SwarmEvoSE...
g++ -std=c++17 -O2 -Wall -fPIC -pthread -I/home/leena/omnetpp-6.1/include -I/home/leena/veins/src -I/home/leena/swarm-evo-se/src -I/usr/include/nlohmann -o SwarmEvoSE src/protocol/Messages_m.o src/protocol/RevocationProtocol.o src/protocol/SwarmConsensus.o src/crypto/ACF.o src/crypto/BLSSignature.o src/crypto/HSM.o src/crypto/ZKProof.o src/vehicle/ProofPool.o src/vehicle/PseudonymEngine.o src/vehicle/SwarmVehicle.o src/vehicle/TrustCache.o src/ta/TrustedAuthority.o src/gui/DashboardServer.o -L/home/leena/omnetpp-6.1/lib -L/home/leena/veins/src -lssl -lcrypto -lveins -loppmain -loppenvir -loppsim -loppcommon
>>> Build complete.
>>> Starting dashboard server on port 8766...
>>> Opening dashboard...
>>> Starting simulation: Highway...
OMNeT++ Discrete Event Simulation  (C) 1992-2024 Andras Varga, OpenSim Ltd.
Version: 6.1, build: 241008-f7568267cd, edition: Academic Public License -- NOT FOR COMMERCIAL USE
See the license for distribution terms and warranty disclaimer

Setting up Qtenv...

Loading NED files from .:  2
Loading NED files from ../../src:  0
Loading NED files from /home/leena/veins/src:  46

Loading images from 'images': *: 0 
Loading images from '/home/leena/omnetpp-6.1/images': *: 0  abstract/*: 90  background/*: 4  block/*: 325  device/*: 195  logo/*: 3  maps/*: 9  misc/*: 70  msg/*: 55  old/*: 111  status/*: 28 

[DashboardServer] WebSocket listening on ws://0.0.0.0:8765
[DashboardServer] {"type":"VEHICLE_UPDATE","vehicleId":"node[0]","pseudonym":"15f4eee5f864e77f1c51c1af3f9f929ff03770eebf0c8b191dd12c3650ef54bf","h0":"8dd946d01b8f21d61ea3aaa475e914d4074cbee8d3e30b8c83f01c5df3ee9882","posX":25,"posY":28.2,"epoch":0,"threshold":1,"neighbours":0,"isMalicious":false,"maliciousMode":"NONE","status":"OK"}
[DashboardServer] {"type":"PACKET_EVENT","msgType":"SAFETY_MSG","senderId":"15f4eee5f864e77f1c51c1af3f9f929ff03770eebf0c8b191dd12c3650ef54bf","receiverId":"BROADCAST","outcome":"SENT","latencyMs":0,"isMalicious":false}
[DashboardServer] {"type":"PACKET_EVENT","msgType":"SAFETY_MSG","senderId":"15f4eee5f864e77f1c51c1af3f9f929ff03770eebf0c8b191dd12c3650ef54bf","receiverId":"BROADCAST","outcome":"SENT","latencyMs":0,"isMalicious":false}
[DashboardServer] {"type":"PACKET_EVENT","msgType":"SAFETY_MSG","senderId":"15f4eee5f864e77f1c51c1af3f9f929ff03770eebf0c8b191dd12c3650ef54bf","receiverId":"BROADCAST","outcome":"SENT","latencyMs":0,"isMalicious":false}
[DashboardServer] {"type":"PACKET_EVENT","msgType":"SAFETY_MSG","senderId":"15f4eee5f864e77f1c51c1af3f9f929ff03770eebf0c8b191dd12c3650ef54bf","receiverId":"BROADCAST","outcome":"SENT","latencyMs":0,"isMalicious":false}
[DashboardServer] {"type":"PACKET_EVENT","msgType":"SAFETY_MSG","senderId":"15f4eee5f864e77f1c51c1af3f9f929ff03770eebf0c8b191dd12c3650ef54bf","receiverId":"BROADCAST","outcome":"SENT","latencyMs":0,"isMalicious":false}
[DashboardServer] {"type":"PACKET_EVENT","msgType":"SAFETY_MSG","senderId":"15f4eee5f864e77f1c51c1af3f9f929ff03770eebf0c8b191dd12c3650ef54bf","receiverId":"BROADCAST","outcome":"SENT","latencyMs":0,"isMalicious":false}
[DashboardServer] {"type":"PACKET_EVENT","msgType":"SAFETY_MSG","senderId":"15f4eee5f864e77f1c51c1af3f9f929ff03770eebf0c8b191dd12c3650ef54bf","receiverId":"BROADCAST","outcome":"SENT","latencyMs":0,"isMalicious":false}
[DashboardServer] {"type":"PACKET_EVENT","msgType":"SAFETY_MSG","senderId":"15f4eee5f864e77f1c51c1af3f9f929ff03770eebf0c8b191dd12c3650ef54bf","receiverId":"BROADCAST","outcome":"SENT","latencyMs":0,"isMalicious":false}
[DashboardServer] {"type":"PACKET_EVENT","msgType":"SAFETY_MSG","senderId":"15f4eee5f864e77f1c51c1af3f9f929ff03770eebf0c8b191dd12c3650ef54bf","receiverId":"BROADCAST","outcome":"SENT","latencyMs":0,"isMalicious":false}
[DashboardServer] Browser connected
[DashboardServer] {"type":"STATS_UPDATE","zkProofsPerSec": 66.7, "cacheHitRate": 0.000000}
[DashboardServer] {"type":"PACKET_EVENT","msgType":"SAFETY_MSG","senderId":"15f4eee5f864e77f1c51c1af3f9f929ff03770eebf0c8b191dd12c3650ef54bf","receiverId":"BROADCAST","outcome":"SENT","latencyMs":0,"isMalicious":false}
[DashboardServer] {"type":"PACKET_EVENT","msgType":"SAFETY_MSG","senderId":"15f4eee5f864e77f1c51c1af3f9f929ff03770eebf0c8b191dd12c3650ef54bf","receiverId":"BROADCAST","outcome":"SENT","latencyMs":0,"isMalicious":false}
[DashboardServer] {"type":"STATS_UPDATE","zkProofsPerSec": 66.7, "cacheHitRate": 0.000000}
[DashboardServer] {"type":"PACKET_EVENT","msgType":"SAFETY_MSG","senderId":"15f4eee5f864e77f1c51c1af3f9f929ff03770eebf0c8b191dd12c3650ef54bf","receiverId":"BROADCAST","outcome":"SENT","latencyMs":0,"isMalicious":false}
[DashboardServer] {"type":"STATS_UPDATE","zkProofsPerSec": 66.7, "cacheHitRate": 0.000000}
[DashboardServer] {"type":"PACKET_EVENT","msgType":"SAFETY_MSG","senderId":"15f4eee5f864e77f1c51c1af3f9f929ff03770eebf0c8b191dd12c3650ef54bf","receiverId":"BROADCAST","outcome":"SENT","latencyMs":0,"isMalicious":false}
[DashboardServer] {"type":"PACKET_EVENT","msgType":"SAFETY_MSG","senderId":"15f4eee5f864e77f1c51c1af3f9f929ff03770eebf0c8b191dd12c3650ef54bf","receiverId":"BROADCAST","outcome":"SENT","latencyMs":0,"isMalicious":false}
[DashboardServer] {"type":"STATS_UPDATE","zkProofsPerSec": 66.7, "cacheHitRate": 0.000000}
[DashboardServer] {"type":"PACKET_EVENT","msgType":"SAFETY_MSG","senderId":"15f4eee5f864e77f1c51c1af3f9f929ff03770eebf0c8b191dd12c3650ef54bf","receiverId":"BROADCAST","outcome":"SENT","latencyMs":0,"isMalicious":false}
[DashboardServer] {"type":"STATS_UPDATE","zkProofsPerSec": 66.7, "cacheHitRate": 0.000000}
[DashboardServer] {"type":"PACKET_EVENT","msgType":"SAFETY_MSG","senderId":"15f4eee5f864e77f1c51c1af3f9f929ff03770eebf0c8b191dd12c3650ef54bf","receiverId":"BROADCAST","outcome":"SENT","latencyMs":0,"isMalicious":false}
[DashboardServer] {"type":"PACKET_EVENT","msgType":"SAFETY_MSG","senderId":"15f4eee5f864e77f1c51c1af3f9f929ff03770eebf0c8b191dd12c3650ef54bf","receiverId":"BROADCAST","outcome":"SENT","latencyMs":0,"isMalicious":false}
[DashboardServer] {"type":"STATS_UPDATE","zkProofsPerSec": 66.7, "cacheHitRate": 0.000000}
[DashboardServer] {"type":"PACKET_EVENT","msgType":"SAFETY_MSG","senderId":"15f4eee5f864e77f1c51c1af3f9f929ff03770eebf0c8b191dd12c3650ef54bf","receiverId":"BROADCAST","outcome":"SENT","latencyMs":0,"isMalicious":false}
[DashboardServer] {"type":"STATS_UPDATE","zkProofsPerSec": 66.7, "cacheHitRate": 0.000000}
[DashboardServer] {"type":"PACKET_EVENT","msgType":"SAFETY_MSG","senderId":"15f4eee5f864e77f1c51c1af3f9f929ff03770eebf0c8b191dd12c3650ef54bf","receiverId":"BROADCAST","outcome":"SENT","latencyMs":0,"isMalicious":false}
[DashboardServer] {"type":"PACKET_EVENT","msgType":"SAFETY_MSG","senderId":"15f4eee5f864e77f1c51c1af3f9f929ff03770eebf0c8b191dd12c3650ef54bf","receiverId":"BROADCAST","outcome":"SENT","latencyMs":0,"isMalicious":false}
[DashboardServer] {"type":"STATS_UPDATE","zkProofsPerSec": 66.7, "cacheHitRate": 0.000000}
[DashboardServer] {"type":"PACKET_EVENT","msgType":"SAFETY_MSG","senderId":"15f4eee5f864e77f1c51c1af3f9f929ff03770eebf0c8b191dd12c3650ef54bf","receiverId":"BROADCAST","outcome":"SENT","latencyMs":0,"isMalicious":false}
[DashboardServer] {"type":"STATS_UPDATE","zkProofsPerSec": 66.7, "cacheHitRate": 0.000000}
[DashboardServer] {"type":"PACKET_EVENT","msgType":"SAFETY_MSG","senderId":"15f4eee5f864e77f1c51c1af3f9f929ff03770eebf0c8b191dd12c3650ef54bf","receiverId":"BROADCAST","outcome":"SENT","latencyMs":0,"isMalicious":false}
[DashboardServer] {"type":"PACKET_EVENT","msgType":"SAFETY_MSG","senderId":"15f4eee5f864e77f1c51c1af3f9f929ff03770eebf0c8b191dd12c3650ef54bf","receiverId":"BROADCAST","outcome":"SENT","latencyMs":0,"isMalicious":false}
[DashboardServer] {"type":"STATS_UPDATE","zkProofsPerSec": 66.7, "cacheHitRate": 0.000000}
[DashboardServer] {"type":"PACKET_EVENT","msgType":"SAFETY_MSG","senderId":"15f4eee5f864e77f1c51c1af3f9f929ff03770eebf0c8b191dd12c3650ef54bf","receiverId":"BROADCAST","outcome":"SENT","latencyMs":0,"isMalicious":false}
127.0.0.1 - - [11/Jun/2026 18:18:09] "GET /dashboard/index.html HTTP/1.1" 304 -
[DashboardServer] Browser disconnected
[DashboardServer] Browser connected
[DashboardServer] {"type":"STATS_UPDATE","zkProofsPerSec": 66.7, "cacheHitRate": 0.000000}
[DashboardServer] {"type":"PACKET_EVENT","msgType":"SAFETY_MSG","senderId":"15f4eee5f864e77f1c51c1af3f9f929ff03770eebf0c8b191dd12c3650ef54bf","receiverId":"BROADCAST","outcome":"SENT","latencyMs":0,"isMalicious":false}
[DashboardServer] {"type":"PACKET_EVENT","msgType":"SAFETY_MSG","senderId":"15f4eee5f864e77f1c51c1af3f9f929ff03770eebf0c8b191dd12c3650ef54bf","receiverId":"BROADCAST","outcome":"SENT","latencyMs":0,"isMalicious":false}
[DashboardServer] {"type":"STATS_UPDATE","zkProofsPerSec": 66.7, "cacheHitRate": 0.000000}
[DashboardServer] {"type":"PACKET_EVENT","msgType":"SAFETY_MSG","senderId":"15f4eee5f864e77f1c51c1af3f9f929ff03770eebf0c8b191dd12c3650ef54bf","receiverId":"BROADCAST","outcome":"SENT","latencyMs":0,"isMalicious":false}
[DashboardServer] {"type":"STATS_UPDATE","zkProofsPerSec": 66.7, "cacheHitRate": 0.000000}
[DashboardServer] {"type":"PACKET_EVENT","msgType":"SAFETY_MSG","senderId":"15f4eee5f864e77f1c51c1af3f9f929ff03770eebf0c8b191dd12c3650ef54bf","receiverId":"BROADCAST","outcome":"SENT","latencyMs":0,"isMalicious":false}
[DashboardServer] {"type":"PACKET_EVENT","msgType":"SAFETY_MSG","senderId":"15f4eee5f864e77f1c51c1af3f9f929ff03770eebf0c8b191dd12c3650ef54bf","receiverId":"BROADCAST","outcome":"SENT","latencyMs":0,"isMalicious":false}
[DashboardServer] {"type":"STATS_UPDATE","zkProofsPerSec": 66.7, "cacheHitRate": 0.000000}
[DashboardServer] {"type":"PACKET_EVENT","msgType":"SAFETY_MSG","senderId":"15f4eee5f864e77f1c51c1af3f9f929ff03770eebf0c8b191dd12c3650ef54bf","receiverId":"BROADCAST","outcome":"SENT","latencyMs":0,"isMalicious":false}
[DashboardServer] {"type":"STATS_UPDATE","zkProofsPerSec": 66.7, "cacheHitRate": 0.000000}
[DashboardServer] {"type":"PACKET_EVENT","msgType":"SAFETY_MSG","senderId":"15f4eee5f864e77f1c51c1af3f9f929ff03770eebf0c8b191dd12c3650ef54bf","receiverId":"BROADCAST","outcome":"SENT","latencyMs":0,"isMalicious":false}
[DashboardServer] {"type":"PACKET_EVENT","msgType":"SAFETY_MSG","senderId":"15f4eee5f864e77f1c51c1af3f9f929ff03770eebf0c8b191dd12c3650ef54bf","receiverId":"BROADCAST","outcome":"SENT","latencyMs":0,"isMalicious":false}
[DashboardServer] {"type":"STATS_UPDATE","zkProofsPerSec": 66.7, "cacheHitRate": 0.000000}
[DashboardServer] {"type":"PACKET_EVENT","msgType":"SAFETY_MSG","senderId":"15f4eee5f864e77f1c51c1af3f9f929ff03770eebf0c8b191dd12c3650ef54bf","receiverId":"BROADCAST","outcome":"SENT","latencyMs":0,"isMalicious":false}
[DashboardServer] {"type":"STATS_UPDATE","zkProofsPerSec": 66.7, "cacheHitRate": 0.000000}
[DashboardServer] {"type":"PACKET_EVENT","msgType":"SAFETY_MSG","senderId":"15f4eee5f864e77f1c51c1af3f9f929ff03770eebf0c8b191dd12c3650ef54bf","receiverId":"BROADCAST","outcome":"SENT","latencyMs":0,"isMalicious":false}
[DashboardServer] {"type":"PACKET_EVENT","msgType":"SAFETY_MSG","senderId":"15f4eee5f864e77f1c51c1af3f9f929ff03770eebf0c8b191dd12c3650ef54bf","receiverId":"BROADCAST","outcome":"SENT","latencyMs":0,"isMalicious":false}
[DashboardServer] {"type":"STATS_UPDATE","zkProofsPerSec": 66.7, "cacheHitRate": 0.000000}
[DashboardServer] {"type":"PACKET_EVENT","msgType":"SAFETY_MSG","senderId":"15f4eee5f864e77f1c51c1af3f9f929ff03770eebf0c8b191dd12c3650ef54bf","receiverId":"BROADCAST","outcome":"SENT","latencyMs":0,"isMalicious":false}
[DashboardServer] {"type":"STATS_UPDATE","zkProofsPerSec": 66.7, "cacheHitRate": 0.000000}
[DashboardServer] {"type":"PACKET_EVENT","msgType":"SAFETY_MSG","senderId":"15f4eee5f864e77f1c51c1af3f9f929ff03770eebf0c8b191dd12c3650ef54bf","receiverId":"BROADCAST","outcome":"SENT","latencyMs":0,"isMalicious":false}
[DashboardServer] {"type":"PACKET_EVENT","msgType":"SAFETY_MSG","senderId":"15f4eee5f864e77f1c51c1af3f9f929ff03770eebf0c8b191dd12c3650ef54bf","receiverId":"BROADCAST","outcome":"SENT","latencyMs":0,"isMalicious":false}
[DashboardServer] {"type":"STATS_UPDATE","zkProofsPerSec": 66.7, "cacheHitRate": 0.000000}
[DashboardServer] {"type":"PACKET_EVENT","msgType":"SAFETY_MSG","senderId":"15f4eee5f864e77f1c51c1af3f9f929ff03770eebf0c8b191dd12c3650ef54bf","receiverId":"BROADCAST","outcome":"SENT","latencyMs":0,"isMalicious":false}
[DashboardServer] {"type":"STATS_UPDATE","zkProofsPerSec": 66.7, "cacheHitRate": 0.000000}
[DashboardServer] {"type":"PACKET_EVENT","msgType":"SAFETY_MSG","senderId":"15f4eee5f864e77f1c51c1af3f9f929ff03770eebf0c8b191dd12c3650ef54bf","receiverId":"BROADCAST","outcome":"SENT","latencyMs":0,"isMalicious":false}
[DashboardServer] {"type":"PACKET_EVENT","msgType":"SAFETY_MSG","senderId":"15f4eee5f864e77f1c51c1af3f9f929ff03770eebf0c8b191dd12c3650ef54bf","receiverId":"BROADCAST","outcome":"SENT","latencyMs":0,"isMalicious":false}
[DashboardServer] {"type":"STATS_UPDATE","zkProofsPerSec": 66.7, "cacheHitRate": 0.000000}
[DashboardServer] {"type":"PACKET_EVENT","msgType":"SAFETY_MSG","senderId":"15f4eee5f864e77f1c51c1af3f9f929ff03770eebf0c8b191dd12c3650ef54bf","receiverId":"BROADCAST","outcome":"SENT","latencyMs":0,"isMalicious":false}
[DashboardServer] {"type":"STATS_UPDATE","zkProofsPerSec": 66.7, "cacheHitRate": 0.000000}
[DashboardServer] {"type":"PACKET_EVENT","msgType":"SAFETY_MSG","senderId":"15f4eee5f864e77f1c51c1af3f9f929ff03770eebf0c8b191dd12c3650ef54bf","receiverId":"BROADCAST","outcome":"SENT","latencyMs":0,"isMalicious":false}
[DashboardServer] {"type":"PACKET_EVENT","msgType":"SAFETY_MSG","senderId":"15f4eee5f864e77f1c51c1af3f9f929ff03770eebf0c8b191dd12c3650ef54bf","receiverId":"BROADCAST","outcome":"SENT","latencyMs":0,"isMalicious":false}
[DashboardServer] {"type":"STATS_UPDATE","zkProofsPerSec": 66.7, "cacheHitRate": 0.000000}
[DashboardServer] {"type":"PACKET_EVENT","msgType":"SAFETY_MSG","senderId":"15f4eee5f864e77f1c51c1af3f9f929ff03770eebf0c8b191dd12c3650ef54bf","receiverId":"BROADCAST","outcome":"SENT","latencyMs":0,"isMalicious":false}
[DashboardServer] {"type":"STATS_UPDATE","zkProofsPerSec": 66.7, "cacheHitRate": 0.000000}
[DashboardServer] {"type":"PACKET_EVENT","msgType":"SAFETY_MSG","senderId":"15f4eee5f864e77f1c51c1af3f9f929ff03770eebf0c8b191dd12c3650ef54bf","receiverId":"BROADCAST","outcome":"SENT","latencyMs":0,"isMalicious":false}
[DashboardServer] {"type":"PACKET_EVENT","msgType":"SAFETY_MSG","senderId":"15f4eee5f864e77f1c51c1af3f9f929ff03770eebf0c8b191dd12c3650ef54bf","receiverId":"BROADCAST","outcome":"SENT","latencyMs":0,"isMalicious":false}
[DashboardServer] {"type":"STATS_UPDATE","zkProofsPerSec": 66.7, "cacheHitRate": 0.000000}
[DashboardServer] {"type":"PACKET_EVENT","msgType":"SAFETY_MSG","senderId":"15f4eee5f864e77f1c51c1af3f9f929ff03770eebf0c8b191dd12c3650ef54bf","receiverId":"BROADCAST","outcome":"SENT","latencyMs":0,"isMalicious":false}
[DashboardServer] {"type":"STATS_UPDATE","zkProofsPerSec": 66.7, "cacheHitRate": 0.000000}
[DashboardServer] {"type":"PACKET_EVENT","msgType":"SAFETY_MSG","senderId":"15f4eee5f864e77f1c51c1af3f9f929ff03770eebf0c8b191dd12c3650ef54bf","receiverId":"BROADCAST","outcome":"SENT","latencyMs":0,"isMalicious":false}
[DashboardServer] {"type":"PACKET_EVENT","msgType":"SAFETY_MSG","senderId":"15f4eee5f864e77f1c51c1af3f9f929ff03770eebf0c8b191dd12c3650ef54bf","receiverId":"BROADCAST","outcome":"SENT","latencyMs":0,"isMalicious":false}
[DashboardServer] {"type":"VEHICLE_UPDATE","vehicleId":"node[1]","pseudonym":"86985ce93f062b1d3e1f26bc456dc6f046432363ff0d92b1728c63537939fa19","h0":"ae4d7615d102e9c40c84ec19c9ed75ba70287608ca0b4752104a1e20fd116403","posX":525,"posY":28.2,"epoch":0,"threshold":1,"neighbours":0,"isMalicious":false,"maliciousMode":"NONE","status":"OK"}
[DashboardServer] {"type":"STATS_UPDATE","zkProofsPerSec": 66.7, "cacheHitRate": 0.000000}
[DashboardServer] {"type":"PACKET_EVENT","msgType":"SAFETY_MSG","senderId":"15f4eee5f864e77f1c51c1af3f9f929ff03770eebf0c8b191dd12c3650ef54bf","receiverId":"BROADCAST","outcome":"SENT","latencyMs":0,"isMalicious":false}
[DashboardServer] {"type":"PACKET_EVENT","msgType":"SAFETY_MSG","senderId":"86985ce93f062b1d3e1f26bc456dc6f046432363ff0d92b1728c63537939fa19","receiverId":"BROADCAST","outcome":"SENT","latencyMs":0,"isMalicious":false}
[DashboardServer] {"type":"STATS_UPDATE","zkProofsPerSec": 66.7, "cacheHitRate": 0.000000}
[DashboardServer] {"type":"PACKET_EVENT","msgType":"SAFETY_MSG","senderId":"15f4eee5f864e77f1c51c1af3f9f929ff03770eebf0c8b191dd12c3650ef54bf","receiverId":"BROADCAST","outcome":"SENT","latencyMs":0,"isMalicious":false}
[DashboardServer] {"type":"PACKET_EVENT","msgType":"SAFETY_MSG","senderId":"86985ce93f062b1d3e1f26bc456dc6f046432363ff0d92b1728c63537939fa19","receiverId":"BROADCAST","outcome":"SENT","latencyMs":0,"isMalicious":false}
[DashboardServer] {"type":"PACKET_EVENT","msgType":"SAFETY_MSG","senderId":"15f4eee5f864e77f1c51c1af3f9f929ff03770eebf0c8b191dd12c3650ef54bf","receiverId":"BROADCAST","outcome":"SENT","latencyMs":0,"isMalicious":false}
[DashboardServer] {"type":"PACKET_EVENT","msgType":"SAFETY_MSG","senderId":"86985ce93f062b1d3e1f26bc456dc6f046432363ff0d92b1728c63537939fa19","receiverId":"BROADCAST","outcome":"SENT","latencyMs":0,"isMalicious":false}
[DashboardServer] {"type":"STATS_UPDATE","zkProofsPerSec": 66.7, "cacheHitRate": 0.000000}
[DashboardServer] {"type":"PACKET_EVENT","msgType":"SAFETY_MSG","senderId":"15f4eee5f864e77f1c51c1af3f9f929ff03770eebf0c8b191dd12c3650ef54bf","receiverId":"BROADCAST","outcome":"SENT","latencyMs":0,"isMalicious":false}
[DashboardServer] {"type":"PACKET_EVENT","msgType":"SAFETY_MSG","senderId":"86985ce93f062b1d3e1f26bc456dc6f046432363ff0d92b1728c63537939fa19","receiverId":"BROADCAST","outcome":"SENT","latencyMs":0,"isMalicious":false}
[DashboardServer] {"type":"STATS_UPDATE","zkProofsPerSec": 66.7, "cacheHitRate": 0.000000}
[DashboardServer] {"type":"PACKET_EVENT","msgType":"SAFETY_MSG","senderId":"15f4eee5f864e77f1c51c1af3f9f929ff03770eebf0c8b191dd12c3650ef54bf","receiverId":"BROADCAST","outcome":"SENT","latencyMs":0,"isMalicious":false}
[DashboardServer] {"type":"PACKET_EVENT","msgType":"SAFETY_MSG","senderId":"86985ce93f062b1d3e1f26bc456dc6f046432363ff0d92b1728c63537939fa19","receiverId":"BROADCAST","outcome":"SENT","latencyMs":0,"isMalicious":false}
[DashboardServer] {"type":"PACKET_EVENT","msgType":"SAFETY_MSG","senderId":"15f4eee5f864e77f1c51c1af3f9f929ff03770eebf0c8b191dd12c3650ef54bf","receiverId":"BROADCAST","outcome":"SENT","latencyMs":0,"isMalicious":false}
[DashboardServer] {"type":"PACKET_EVENT","msgType":"SAFETY_MSG","senderId":"86985ce93f062b1d3e1f26bc456dc6f046432363ff0d92b1728c63537939fa19","receiverId":"BROADCAST","outcome":"SENT","latencyMs":0,"isMalicious":false}
[DashboardServer] {"type":"STATS_UPDATE","zkProofsPerSec": 66.7, "cacheHitRate": 0.000000}
[DashboardServer] {"type":"PACKET_EVENT","msgType":"SAFETY_MSG","senderId":"15f4eee5f864e77f1c51c1af3f9f929ff03770eebf0c8b191dd12c3650ef54bf","receiverId":"BROADCAST","outcome":"SENT","latencyMs":0,"isMalicious":false}
[DashboardServer] {"type":"PACKET_EVENT","msgType":"SAFETY_MSG","senderId":"86985ce93f062b1d3e1f26bc456dc6f046432363ff0d92b1728c63537939fa19","receiverId":"BROADCAST","outcome":"SENT","latencyMs":0,"isMalicious":false}
[DashboardServer] {"type":"STATS_UPDATE","zkProofsPerSec": 66.7, "cacheHitRate": 0.000000}
[DashboardServer] {"type":"PACKET_EVENT","msgType":"SAFETY_MSG","senderId":"15f4eee5f864e77f1c51c1af3f9f929ff03770eebf0c8b191dd12c3650ef54bf","receiverId":"BROADCAST","outcome":"SENT","latencyMs":0,"isMalicious":false}
[DashboardServer] {"type":"PACKET_EVENT","msgType":"SAFETY_MSG","senderId":"86985ce93f062b1d3e1f26bc456dc6f046432363ff0d92b1728c63537939fa19","receiverId":"BROADCAST","outcome":"SENT","latencyMs":0,"isMalicious":false}
[DashboardServer] {"type":"PACKET_EVENT","msgType":"SAFETY_MSG","senderId":"15f4eee5f864e77f1c51c1af3f9f929ff03770eebf0c8b191dd12c3650ef54bf","receiverId":"BROADCAST","outcome":"SENT","latencyMs":0,"isMalicious":false}
[DashboardServer] {"type":"PACKET_EVENT","msgType":"SAFETY_MSG","senderId":"86985ce93f062b1d3e1f26bc456dc6f046432363ff0d92b1728c63537939fa19","receiverId":"BROADCAST","outcome":"SENT","latencyMs":0,"isMalicious":false}
[DashboardServer] {"type":"STATS_UPDATE","zkProofsPerSec": 66.7, "cacheHitRate": 0.000000}
[DashboardServer] {"type":"STATS_UPDATE","zkProofsPerSec": 66.7, "cacheHitRate": 0.000000}
[DashboardServer] {"type":"PACKET_EVENT","msgType":"SAFETY_MSG","senderId":"15f4eee5f864e77f1c51c1af3f9f929ff03770eebf0c8b191dd12c3650ef54bf","receiverId":"BROADCAST","outcome":"SENT","latencyMs":0,"isMalicious":false}
[DashboardServer] {"type":"PACKET_EVENT","msgType":"SAFETY_MSG","senderId":"86985ce93f062b1d3e1f26bc456dc6f046432363ff0d92b1728c63537939fa19","receiverId":"BROADCAST","outcome":"SENT","latencyMs":0,"isMalicious":false}
[DashboardServer] {"type":"STATS_UPDATE","zkProofsPerSec": 66.7, "cacheHitRate": 0.000000}
[DashboardServer] {"type":"PACKET_EVENT","msgType":"SAFETY_MSG","senderId":"15f4eee5f864e77f1c51c1af3f9f929ff03770eebf0c8b191dd12c3650ef54bf","receiverId":"BROADCAST","outcome":"SENT","latencyMs":0,"isMalicious":false}
[DashboardServer] {"type":"PACKET_EVENT","msgType":"SAFETY_MSG","senderId":"86985ce93f062b1d3e1f26bc456dc6f046432363ff0d92b1728c63537939fa19","receiverId":"BROADCAST","outcome":"SENT","latencyMs":0,"isMalicious":false}
[DashboardServer] {"type":"STATS_UPDATE","zkProofsPerSec": 66.7, "cacheHitRate": 0.000000}
[DashboardServer] {"type":"PACKET_EVENT","msgType":"SAFETY_MSG","senderId":"15f4eee5f864e77f1c51c1af3f9f929ff03770eebf0c8b191dd12c3650ef54bf","receiverId":"BROADCAST","outcome":"SENT","latencyMs":0,"isMalicious":false}
[DashboardServer] {"type":"PACKET_EVENT","msgType":"SAFETY_MSG","senderId":"86985ce93f062b1d3e1f26bc456dc6f046432363ff0d92b1728c63537939fa19","receiverId":"BROADCAST","outcome":"SENT","latencyMs":0,"isMalicious":false}
[DashboardServer] {"type":"STATS_UPDATE","zkProofsPerSec": 66.7, "cacheHitRate": 0.000000}
[DashboardServer] {"type":"STATS_UPDATE","zkProofsPerSec": 66.7, "cacheHitRate": 0.000000}
[DashboardServer] {"type":"PACKET_EVENT","msgType":"SAFETY_MSG","senderId":"15f4eee5f864e77f1c51c1af3f9f929ff03770eebf0c8b191dd12c3650ef54bf","receiverId":"BROADCAST","outcome":"SENT","latencyMs":0,"isMalicious":false}
[DashboardServer] {"type":"PACKET_EVENT","msgType":"SAFETY_MSG","senderId":"86985ce93f062b1d3e1f26bc456dc6f046432363ff0d92b1728c63537939fa19","receiverId":"BROADCAST","outcome":"SENT","latencyMs":0,"isMalicious":false}
[DashboardServer] {"type":"STATS_UPDATE","zkProofsPerSec": 66.7, "cacheHitRate": 0.000000}
[DashboardServer] {"type":"PACKET_EVENT","msgType":"SAFETY_MSG","senderId":"15f4eee5f864e77f1c51c1af3f9f929ff03770eebf0c8b191dd12c3650ef54bf","receiverId":"BROADCAST","outcome":"SENT","latencyMs":0,"isMalicious":false}
[DashboardServer] {"type":"PACKET_EVENT","msgType":"SAFETY_MSG","senderId":"86985ce93f062b1d3e1f26bc456dc6f046432363ff0d92b1728c63537939fa19","receiverId":"BROADCAST","outcome":"SENT","latencyMs":0,"isMalicious":false}
[DashboardServer] {"type":"STATS_UPDATE","zkProofsPerSec": 66.7, "cacheHitRate": 0.000000}
[DashboardServer] {"type":"PACKET_EVENT","msgType":"SAFETY_MSG","senderId":"15f4eee5f864e77f1c51c1af3f9f929ff03770eebf0c8b191dd12c3650ef54bf","receiverId":"BROADCAST","outcome":"SENT","latencyMs":0,"isMalicious":false}
[DashboardServer] {"type":"PACKET_EVENT","msgType":"SAFETY_MSG","senderId":"86985ce93f062b1d3e1f26bc456dc6f046432363ff0d92b1728c63537939fa19","receiverId":"BROADCAST","outcome":"SENT","latencyMs":0,"isMalicious":false}
[DashboardServer] {"type":"STATS_UPDATE","zkProofsPerSec": 66.7, "cacheHitRate": 0.000000}
[DashboardServer] {"type":"STATS_UPDATE","zkProofsPerSec": 66.7, "cacheHitRate": 0.000000}
[DashboardServer] {"type":"PACKET_EVENT","msgType":"SAFETY_MSG","senderId":"15f4eee5f864e77f1c51c1af3f9f929ff03770eebf0c8b191dd12c3650ef54bf","receiverId":"BROADCAST","outcome":"SENT","latencyMs":0,"isMalicious":false}
[DashboardServer] {"type":"PACKET_EVENT","msgType":"SAFETY_MSG","senderId":"86985ce93f062b1d3e1f26bc456dc6f046432363ff0d92b1728c63537939fa19","receiverId":"BROADCAST","outcome":"SENT","latencyMs":0,"isMalicious":false}
[DashboardServer] {"type":"STATS_UPDATE","zkProofsPerSec": 66.7, "cacheHitRate": 0.000000}
[DashboardServer] {"type":"PACKET_EVENT","msgType":"SAFETY_MSG","senderId":"15f4eee5f864e77f1c51c1af3f9f929ff03770eebf0c8b191dd12c3650ef54bf","receiverId":"BROADCAST","outcome":"SENT","latencyMs":0,"isMalicious":false}
[DashboardServer] {"type":"PACKET_EVENT","msgType":"SAFETY_MSG","senderId":"86985ce93f062b1d3e1f26bc456dc6f046432363ff0d92b1728c63537939fa19","receiverId":"BROADCAST","outcome":"SENT","latencyMs":0,"isMalicious":false}
[DashboardServer] {"type":"STATS_UPDATE","zkProofsPerSec": 66.7, "cacheHitRate": 0.000000}
[DashboardServer] {"type":"PACKET_EVENT","msgType":"SAFETY_MSG","senderId":"15f4eee5f864e77f1c51c1af3f9f929ff03770eebf0c8b191dd12c3650ef54bf","receiverId":"BROADCAST","outcome":"SENT","latencyMs":0,"isMalicious":false}
[DashboardServer] {"type":"PACKET_EVENT","msgType":"SAFETY_MSG","senderId":"86985ce93f062b1d3e1f26bc456dc6f046432363ff0d92b1728c63537939fa19","receiverId":"BROADCAST","outcome":"SENT","latencyMs":0,"isMalicious":false}
[DashboardServer] {"type":"STATS_UPDATE","zkProofsPerSec": 66.7, "cacheHitRate": 0.000000}
[DashboardServer] {"type":"STATS_UPDATE","zkProofsPerSec": 66.7, "cacheHitRate": 0.000000}
[DashboardServer] {"type":"PACKET_EVENT","msgType":"SAFETY_MSG","senderId":"15f4eee5f864e77f1c51c1af3f9f929ff03770eebf0c8b191dd12c3650ef54bf","receiverId":"BROADCAST","outcome":"SENT","latencyMs":0,"isMalicious":false}
[DashboardServer] {"type":"PACKET_EVENT","msgType":"SAFETY_MSG","senderId":"86985ce93f062b1d3e1f26bc456dc6f046432363ff0d92b1728c63537939fa19","receiverId":"BROADCAST","outcome":"SENT","latencyMs":0,"isMalicious":false}
[DashboardServer] {"type":"STATS_UPDATE","zkProofsPerSec": 66.7, "cacheHitRate": 0.000000}
[DashboardServer] {"type":"PACKET_EVENT","msgType":"SAFETY_MSG","senderId":"15f4eee5f864e77f1c51c1af3f9f929ff03770eebf0c8b191dd12c3650ef54bf","receiverId":"BROADCAST","outcome":"SENT","latencyMs":0,"isMalicious":false}
[DashboardServer] {"type":"PACKET_EVENT","msgType":"SAFETY_MSG","senderId":"86985ce93f062b1d3e1f26bc456dc6f046432363ff0d92b1728c63537939fa19","receiverId":"BROADCAST","outcome":"SENT","latencyMs":0,"isMalicious":false}
[DashboardServer] {"type":"STATS_UPDATE","zkProofsPerSec": 66.7, "cacheHitRate": 0.000000}
[DashboardServer] {"type":"PACKET_EVENT","msgType":"SAFETY_MSG","senderId":"15f4eee5f864e77f1c51c1af3f9f929ff03770eebf0c8b191dd12c3650ef54bf","receiverId":"BROADCAST","outcome":"SENT","latencyMs":0,"isMalicious":false}
[DashboardServer] {"type":"PACKET_EVENT","msgType":"SAFETY_MSG","senderId":"86985ce93f062b1d3e1f26bc456dc6f046432363ff0d92b1728c63537939fa19","receiverId":"BROADCAST","outcome":"SENT","latencyMs":0,"isMalicious":false}
[DashboardServer] {"type":"STATS_UPDATE","zkProofsPerSec": 66.7, "cacheHitRate": 0.000000}
[DashboardServer] {"type":"STATS_UPDATE","zkProofsPerSec": 66.7, "cacheHitRate": 0.000000}
[DashboardServer] {"type":"PACKET_EVENT","msgType":"SAFETY_MSG","senderId":"15f4eee5f864e77f1c51c1af3f9f929ff03770eebf0c8b191dd12c3650ef54bf","receiverId":"BROADCAST","outcome":"SENT","latencyMs":0,"isMalicious":false}
[DashboardServer] {"type":"PACKET_EVENT","msgType":"SAFETY_MSG","senderId":"86985ce93f062b1d3e1f26bc456dc6f046432363ff0d92b1728c63537939fa19","receiverId":"BROADCAST","outcome":"SENT","latencyMs":0,"isMalicious":false}
[DashboardServer] {"type":"STATS_UPDATE","zkProofsPerSec": 66.7, "cacheHitRate": 0.000000}
[DashboardServer] {"type":"PACKET_EVENT","msgType":"SAFETY_MSG","senderId":"15f4eee5f864e77f1c51c1af3f9f929ff03770eebf0c8b191dd12c3650ef54bf","receiverId":"BROADCAST","outcome":"SENT","latencyMs":0,"isMalicious":false}
[DashboardServer] {"type":"PACKET_EVENT","msgType":"SAFETY_MSG","senderId":"86985ce93f062b1d3e1f26bc456dc6f046432363ff0d92b1728c63537939fa19","receiverId":"BROADCAST","outcome":"SENT","latencyMs":0,"isMalicious":false}
[DashboardServer] {"type":"STATS_UPDATE","zkProofsPerSec": 66.7, "cacheHitRate": 0.000000}
[DashboardServer] {"type":"PACKET_EVENT","msgType":"SAFETY_MSG","senderId":"15f4eee5f864e77f1c51c1af3f9f929ff03770eebf0c8b191dd12c3650ef54bf","receiverId":"BROADCAST","outcome":"SENT","latencyMs":0,"isMalicious":false}
[DashboardServer] {"type":"PACKET_EVENT","msgType":"SAFETY_MSG","senderId":"86985ce93f062b1d3e1f26bc456dc6f046432363ff0d92b1728c63537939fa19","receiverId":"BROADCAST","outcome":"SENT","latencyMs":0,"isMalicious":false}
[DashboardServer] {"type":"STATS_UPDATE","zkProofsPerSec": 66.7, "cacheHitRate": 0.000000}
[DashboardServer] {"type":"STATS_UPDATE","zkProofsPerSec": 66.7, "cacheHitRate": 0.000000}
[DashboardServer] {"type":"PACKET_EVENT","msgType":"SAFETY_MSG","senderId":"15f4eee5f864e77f1c51c1af3f9f929ff03770eebf0c8b191dd12c3650ef54bf","receiverId":"BROADCAST","outcome":"SENT","latencyMs":0,"isMalicious":false}
[DashboardServer] {"type":"PACKET_EVENT","msgType":"SAFETY_MSG","senderId":"86985ce93f062b1d3e1f26bc456dc6f046432363ff0d92b1728c63537939fa19","receiverId":"BROADCAST","outcome":"SENT","latencyMs":0,"isMalicious":false}
[DashboardServer] {"type":"STATS_UPDATE","zkProofsPerSec": 66.7, "cacheHitRate": 0.000000}
[DashboardServer] {"type":"PACKET_EVENT","msgType":"SAFETY_MSG","senderId":"15f4eee5f864e77f1c51c1af3f9f929ff03770eebf0c8b191dd12c3650ef54bf","receiverId":"BROADCAST","outcome":"SENT","latencyMs":0,"isMalicious":false}
[DashboardServer] {"type":"PACKET_EVENT","msgType":"SAFETY_MSG","senderId":"86985ce93f062b1d3e1f26bc456dc6f046432363ff0d92b1728c63537939fa19","receiverId":"BROADCAST","outcome":"SENT","latencyMs":0,"isMalicious":false}
[DashboardServer] {"type":"STATS_UPDATE","zkProofsPerSec": 66.7, "cacheHitRate": 0.000000}
[DashboardServer] {"type":"PACKET_EVENT","msgType":"SAFETY_MSG","senderId":"15f4eee5f864e77f1c51c1af3f9f929ff03770eebf0c8b191dd12c3650ef54bf","receiverId":"BROADCAST","outcome":"SENT","latencyMs":0,"isMalicious":false}
[DashboardServer] {"type":"PACKET_EVENT","msgType":"SAFETY_MSG","senderId":"86985ce93f062b1d3e1f26bc456dc6f046432363ff0d92b1728c63537939fa19","receiverId":"BROADCAST","outcome":"SENT","latencyMs":0,"isMalicious":false}
[DashboardServer] {"type":"STATS_UPDATE","zkProofsPerSec": 66.7, "cacheHitRate": 0.000000}
[DashboardServer] {"type":"STATS_UPDATE","zkProofsPerSec": 66.7, "cacheHitRate": 0.000000}
[DashboardServer] {"type":"PACKET_EVENT","msgType":"SAFETY_MSG","senderId":"15f4eee5f864e77f1c51c1af3f9f929ff03770eebf0c8b191dd12c3650ef54bf","receiverId":"BROADCAST","outcome":"SENT","latencyMs":0,"isMalicious":false}
[DashboardServer] {"type":"PACKET_EVENT","msgType":"SAFETY_MSG","senderId":"86985ce93f062b1d3e1f26bc456dc6f046432363ff0d92b1728c63537939fa19","receiverId":"BROADCAST","outcome":"SENT","latencyMs":0,"isMalicious":false}
[DashboardServer] {"type":"STATS_UPDATE","zkProofsPerSec": 66.7, "cacheHitRate": 0.000000}
[DashboardServer] {"type":"PACKET_EVENT","msgType":"SAFETY_MSG","senderId":"15f4eee5f864e77f1c51c1af3f9f929ff03770eebf0c8b191dd12c3650ef54bf","receiverId":"BROADCAST","outcome":"SENT","latencyMs":0,"isMalicious":false}
[DashboardServer] {"type":"PACKET_EVENT","msgType":"SAFETY_MSG","senderId":"86985ce93f062b1d3e1f26bc456dc6f046432363ff0d92b1728c63537939fa19","receiverId":"BROADCAST","outcome":"SENT","latencyMs":0,"isMalicious":false}
[DashboardServer] {"type":"STATS_UPDATE","zkProofsPerSec": 66.7, "cacheHitRate": 0.000000}
[DashboardServer] {"type":"PACKET_EVENT","msgType":"SAFETY_MSG","senderId":"15f4eee5f864e77f1c51c1af3f9f929ff03770eebf0c8b191dd12c3650ef54bf","receiverId":"BROADCAST","outcome":"SENT","latencyMs":0,"isMalicious":false}
[DashboardServer] {"type":"PACKET_EVENT","msgType":"SAFETY_MSG","senderId":"86985ce93f062b1d3e1f26bc456dc6f046432363ff0d92b1728c63537939fa19","receiverId":"BROADCAST","outcome":"SENT","latencyMs":0,"isMalicious":false}
[DashboardServer] {"type":"STATS_UPDATE","zkProofsPerSec": 66.7, "cacheHitRate": 0.000000}
[DashboardServer] {"type":"STATS_UPDATE","zkProofsPerSec": 66.7, "cacheHitRate": 0.000000}
[DashboardServer] {"type":"PACKET_EVENT","msgType":"SAFETY_MSG","senderId":"15f4eee5f864e77f1c51c1af3f9f929ff03770eebf0c8b191dd12c3650ef54bf","receiverId":"BROADCAST","outcome":"SENT","latencyMs":0,"isMalicious":false}
[DashboardServer] {"type":"PACKET_EVENT","msgType":"SAFETY_MSG","senderId":"86985ce93f062b1d3e1f26bc456dc6f046432363ff0d92b1728c63537939fa19","receiverId":"BROADCAST","outcome":"SENT","latencyMs":0,"isMalicious":false}
[DashboardServer] {"type":"STATS_UPDATE","zkProofsPerSec": 66.7, "cacheHitRate": 0.000000}
[DashboardServer] {"type":"PACKET_EVENT","msgType":"SAFETY_MSG","senderId":"15f4eee5f864e77f1c51c1af3f9f929ff03770eebf0c8b191dd12c3650ef54bf","receiverId":"BROADCAST","outcome":"SENT","latencyMs":0,"isMalicious":false}
[DashboardServer] {"type":"PACKET_EVENT","msgType":"SAFETY_MSG","senderId":"86985ce93f062b1d3e1f26bc456dc6f046432363ff0d92b1728c63537939fa19","receiverId":"BROADCAST","outcome":"SENT","latencyMs":0,"isMalicious":false}
[DashboardServer] {"type":"STATS_UPDATE","zkProofsPerSec": 66.7, "cacheHitRate": 0.000000}
[DashboardServer] {"type":"PACKET_EVENT","msgType":"SAFETY_MSG","senderId":"15f4eee5f864e77f1c51c1af3f9f929ff03770eebf0c8b191dd12c3650ef54bf","receiverId":"BROADCAST","outcome":"SENT","latencyMs":0,"isMalicious":false}
[DashboardServer] {"type":"PACKET_EVENT","msgType":"SAFETY_MSG","senderId":"86985ce93f062b1d3e1f26bc456dc6f046432363ff0d92b1728c63537939fa19","receiverId":"BROADCAST","outcome":"SENT","latencyMs":0,"isMalicious":false}
[DashboardServer] {"type":"STATS_UPDATE","zkProofsPerSec": 66.7, "cacheHitRate": 0.000000}
[DashboardServer] {"type":"STATS_UPDATE","zkProofsPerSec": 66.7, "cacheHitRate": 0.000000}
[DashboardServer] {"type":"PACKET_EVENT","msgType":"SAFETY_MSG","senderId":"15f4eee5f864e77f1c51c1af3f9f929ff03770eebf0c8b191dd12c3650ef54bf","receiverId":"BROADCAST","outcome":"SENT","latencyMs":0,"isMalicious":false}
[DashboardServer] {"type":"PACKET_EVENT","msgType":"SAFETY_MSG","senderId":"86985ce93f062b1d3e1f26bc456dc6f046432363ff0d92b1728c63537939fa19","receiverId":"BROADCAST","outcome":"SENT","latencyMs":0,"isMalicious":false}
[DashboardServer] {"type":"STATS_UPDATE","zkProofsPerSec": 66.7, "cacheHitRate": 0.000000}
[DashboardServer] {"type":"PACKET_EVENT","msgType":"SAFETY_MSG","senderId":"15f4eee5f864e77f1c51c1af3f9f929ff03770eebf0c8b191dd12c3650ef54bf","receiverId":"BROADCAST","outcome":"SENT","latencyMs":0,"isMalicious":false}
[DashboardServer] {"type":"PACKET_EVENT","msgType":"SAFETY_MSG","senderId":"86985ce93f062b1d3e1f26bc456dc6f046432363ff0d92b1728c63537939fa19","receiverId":"BROADCAST","outcome":"SENT","latencyMs":0,"isMalicious":false}
[DashboardServer] {"type":"STATS_UPDATE","zkProofsPerSec": 66.7, "cacheHitRate": 0.000000}
[DashboardServer] {"type":"PACKET_EVENT","msgType":"SAFETY_MSG","senderId":"15f4eee5f864e77f1c51c1af3f9f929ff03770eebf0c8b191dd12c3650ef54bf","receiverId":"BROADCAST","outcome":"SENT","latencyMs":0,"isMalicious":false}
[DashboardServer] {"type":"PACKET_EVENT","msgType":"SAFETY_MSG","senderId":"86985ce93f062b1d3e1f26bc456dc6f046432363ff0d92b1728c63537939fa19","receiverId":"BROADCAST","outcome":"SENT","latencyMs":0,"isMalicious":false}
[DashboardServer] {"type":"STATS_UPDATE","zkProofsPerSec": 66.7, "cacheHitRate": 0.000000}
[DashboardServer] {"type":"STATS_UPDATE","zkProofsPerSec": 66.7, "cacheHitRate": 0.000000}
[DashboardServer] {"type":"PACKET_EVENT","msgType":"SAFETY_MSG","senderId":"15f4eee5f864e77f1c51c1af3f9f929ff03770eebf0c8b191dd12c3650ef54bf","receiverId":"BROADCAST","outcome":"SENT","latencyMs":0,"isMalicious":false}
[DashboardServer] {"type":"PACKET_EVENT","msgType":"SAFETY_MSG","senderId":"86985ce93f062b1d3e1f26bc456dc6f046432363ff0d92b1728c63537939fa19","receiverId":"BROADCAST","outcome":"SENT","latencyMs":0,"isMalicious":false}
[DashboardServer] {"type":"STATS_UPDATE","zkProofsPerSec": 66.7, "cacheHitRate": 0.000000}
[DashboardServer] {"type":"PACKET_EVENT","msgType":"SAFETY_MSG","senderId":"15f4eee5f864e77f1c51c1af3f9f929ff03770eebf0c8b191dd12c3650ef54bf","receiverId":"BROADCAST","outcome":"SENT","latencyMs":0,"isMalicious":false}
[DashboardServer] {"type":"PACKET_EVENT","msgType":"SAFETY_MSG","senderId":"86985ce93f062b1d3e1f26bc456dc6f046432363ff0d92b1728c63537939fa19","receiverId":"BROADCAST","outcome":"SENT","latencyMs":0,"isMalicious":false}
[DashboardServer] {"type":"STATS_UPDATE","zkProofsPerSec": 66.7, "cacheHitRate": 0.000000}
[DashboardServer] {"type":"PACKET_EVENT","msgType":"SAFETY_MSG","senderId":"15f4eee5f864e77f1c51c1af3f9f929ff03770eebf0c8b191dd12c3650ef54bf","receiverId":"BROADCAST","outcome":"SENT","latencyMs":0,"isMalicious":false}
[DashboardServer] {"type":"PACKET_EVENT","msgType":"SAFETY_MSG","senderId":"86985ce93f062b1d3e1f26bc456dc6f046432363ff0d92b1728c63537939fa19","receiverId":"BROADCAST","outcome":"SENT","latencyMs":0,"isMalicious":false}
[DashboardServer] {"type":"STATS_UPDATE","zkProofsPerSec": 66.7, "cacheHitRate": 0.000000}
[DashboardServer] {"type":"STATS_UPDATE","zkProofsPerSec": 66.7, "cacheHitRate": 0.000000}
[DashboardServer] {"type":"PACKET_EVENT","msgType":"SAFETY_MSG","senderId":"15f4eee5f864e77f1c51c1af3f9f929ff03770eebf0c8b191dd12c3650ef54bf","receiverId":"BROADCAST","outcome":"SENT","latencyMs":0,"isMalicious":false}
[DashboardServer] {"type":"PACKET_EVENT","msgType":"SAFETY_MSG","senderId":"86985ce93f062b1d3e1f26bc456dc6f046432363ff0d92b1728c63537939fa19","receiverId":"BROADCAST","outcome":"SENT","latencyMs":0,"isMalicious":false}
[DashboardServer] {"type":"STATS_UPDATE","zkProofsPerSec": 66.7, "cacheHitRate": 0.000000}
[DashboardServer] {"type":"PACKET_EVENT","msgType":"SAFETY_MSG","senderId":"15f4eee5f864e77f1c51c1af3f9f929ff03770eebf0c8b191dd12c3650ef54bf","receiverId":"BROADCAST","outcome":"SENT","latencyMs":0,"isMalicious":false}
[DashboardServer] {"type":"PACKET_EVENT","msgType":"SAFETY_MSG","senderId":"86985ce93f062b1d3e1f26bc456dc6f046432363ff0d92b1728c63537939fa19","receiverId":"BROADCAST","outcome":"SENT","latencyMs":0,"isMalicious":false}
[DashboardServer] {"type":"STATS_UPDATE","zkProofsPerSec": 66.7, "cacheHitRate": 0.000000}
[DashboardServer] {"type":"PACKET_EVENT","msgType":"SAFETY_MSG","senderId":"15f4eee5f864e77f1c51c1af3f9f929ff03770eebf0c8b191dd12c3650ef54bf","receiverId":"BROADCAST","outcome":"SENT","latencyMs":0,"isMalicious":false}
[DashboardServer] {"type":"PACKET_EVENT","msgType":"SAFETY_MSG","senderId":"86985ce93f062b1d3e1f26bc456dc6f046432363ff0d92b1728c63537939fa19","receiverId":"BROADCAST","outcome":"SENT","latencyMs":0,"isMalicious":false}
[DashboardServer] {"type":"STATS_UPDATE","zkProofsPerSec": 66.7, "cacheHitRate": 0.000000}
[DashboardServer] {"type":"STATS_UPDATE","zkProofsPerSec": 66.7, "cacheHitRate": 0.000000}
[DashboardServer] {"type":"PACKET_EVENT","msgType":"SAFETY_MSG","senderId":"15f4eee5f864e77f1c51c1af3f9f929ff03770eebf0c8b191dd12c3650ef54bf","receiverId":"BROADCAST","outcome":"SENT","latencyMs":0,"isMalicious":false}
[DashboardServer] {"type":"PACKET_EVENT","msgType":"SAFETY_MSG","senderId":"86985ce93f062b1d3e1f26bc456dc6f046432363ff0d92b1728c63537939fa19","receiverId":"BROADCAST","outcome":"SENT","latencyMs":0,"isMalicious":false}
[DashboardServer] {"type":"STATS_UPDATE","zkProofsPerSec": 66.7, "cacheHitRate": 0.000000}
[DashboardServer] {"type":"PACKET_EVENT","msgType":"SAFETY_MSG","senderId":"15f4eee5f864e77f1c51c1af3f9f929ff03770eebf0c8b191dd12c3650ef54bf","receiverId":"BROADCAST","outcome":"SENT","latencyMs":0,"isMalicious":false}
[DashboardServer] {"type":"PACKET_EVENT","msgType":"SAFETY_MSG","senderId":"86985ce93f062b1d3e1f26bc456dc6f046432363ff0d92b1728c63537939fa19","receiverId":"BROADCAST","outcome":"SENT","latencyMs":0,"isMalicious":false}
[DashboardServer] {"type":"STATS_UPDATE","zkProofsPerSec": 66.7, "cacheHitRate": 0.000000}
[DashboardServer] {"type":"PACKET_EVENT","msgType":"SAFETY_MSG","senderId":"15f4eee5f864e77f1c51c1af3f9f929ff03770eebf0c8b191dd12c3650ef54bf","receiverId":"BROADCAST","outcome":"SENT","latencyMs":0,"isMalicious":false}
[DashboardServer] {"type":"PACKET_EVENT","msgType":"SAFETY_MSG","senderId":"86985ce93f062b1d3e1f26bc456dc6f046432363ff0d92b1728c63537939fa19","receiverId":"BROADCAST","outcome":"SENT","latencyMs":0,"isMalicious":false}
[DashboardServer] {"type":"STATS_UPDATE","zkProofsPerSec": 66.7, "cacheHitRate": 0.000000}
[DashboardServer] {"type":"STATS_UPDATE","zkProofsPerSec": 66.7, "cacheHitRate": 0.000000}
[DashboardServer] {"type":"PACKET_EVENT","msgType":"SAFETY_MSG","senderId":"15f4eee5f864e77f1c51c1af3f9f929ff03770eebf0c8b191dd12c3650ef54bf","receiverId":"BROADCAST","outcome":"SENT","latencyMs":0,"isMalicious":false}
[DashboardServer] {"type":"PACKET_EVENT","msgType":"SAFETY_MSG","senderId":"86985ce93f062b1d3e1f26bc456dc6f046432363ff0d92b1728c63537939fa19","receiverId":"BROADCAST","outcome":"SENT","latencyMs":0,"isMalicious":false}
[DashboardServer] {"type":"STATS_UPDATE","zkProofsPerSec": 66.7, "cacheHitRate": 0.000000}
[DashboardServer] {"type":"PACKET_EVENT","msgType":"SAFETY_MSG","senderId":"15f4eee5f864e77f1c51c1af3f9f929ff03770eebf0c8b191dd12c3650ef54bf","receiverId":"BROADCAST","outcome":"SENT","latencyMs":0,"isMalicious":false}
[DashboardServer] {"type":"PACKET_EVENT","msgType":"SAFETY_MSG","senderId":"86985ce93f062b1d3e1f26bc456dc6f046432363ff0d92b1728c63537939fa19","receiverId":"BROADCAST","outcome":"SENT","latencyMs":0,"isMalicious":false}
[DashboardServer] {"type":"STATS_UPDATE","zkProofsPerSec": 66.7, "cacheHitRate": 0.000000}
[DashboardServer] {"type":"PACKET_EVENT","msgType":"SAFETY_MSG","senderId":"15f4eee5f864e77f1c51c1af3f9f929ff03770eebf0c8b191dd12c3650ef54bf","receiverId":"BROADCAST","outcome":"SENT","latencyMs":0,"isMalicious":false}
[DashboardServer] {"type":"PACKET_EVENT","msgType":"SAFETY_MSG","senderId":"86985ce93f062b1d3e1f26bc456dc6f046432363ff0d92b1728c63537939fa19","receiverId":"BROADCAST","outcome":"SENT","latencyMs":0,"isMalicious":false}
[DashboardServer] {"type":"STATS_UPDATE","zkProofsPerSec": 66.7, "cacheHitRate": 0.000000}
[DashboardServer] {"type":"STATS_UPDATE","zkProofsPerSec": 66.7, "cacheHitRate": 0.000000}
[DashboardServer] {"type":"PACKET_EVENT","msgType":"SAFETY_MSG","senderId":"15f4eee5f864e77f1c51c1af3f9f929ff03770eebf0c8b191dd12c3650ef54bf","receiverId":"BROADCAST","outcome":"SENT","latencyMs":0,"isMalicious":false}
[DashboardServer] {"type":"PACKET_EVENT","msgType":"SAFETY_MSG","senderId":"86985ce93f062b1d3e1f26bc456dc6f046432363ff0d92b1728c63537939fa19","receiverId":"BROADCAST","outcome":"SENT","latencyMs":0,"isMalicious":false}
[DashboardServer] {"type":"STATS_UPDATE","zkProofsPerSec": 66.7, "cacheHitRate": 0.000000}
[DashboardServer] {"type":"PACKET_EVENT","msgType":"SAFETY_MSG","senderId":"15f4eee5f864e77f1c51c1af3f9f929ff03770eebf0c8b191dd12c3650ef54bf","receiverId":"BROADCAST","outcome":"SENT","latencyMs":0,"isMalicious":false}
[DashboardServer] {"type":"PACKET_EVENT","msgType":"SAFETY_MSG","senderId":"86985ce93f062b1d3e1f26bc456dc6f046432363ff0d92b1728c63537939fa19","receiverId":"BROADCAST","outcome":"SENT","latencyMs":0,"isMalicious":false}
[DashboardServer] {"type":"VEHICLE_UPDATE","vehicleId":"node[2]","pseudonym":"dd9f86eefbc290fa473a0b63d382b568c06ad2279c679aded6248f350deeab87","h0":"37321a123ba71ac2aeabab4d1255b349983f049f08ff467fa6d3b9d6797cb7b1","posX":1025,"posY":28.2,"epoch":0,"threshold":1,"neighbours":0,"isMalicious":false,"maliciousMode":"NONE","status":"OK"}
[DashboardServer] {"type":"STATS_UPDATE","zkProofsPerSec": 66.7, "cacheHitRate": 0.000000}
[DashboardServer] {"type":"PACKET_EVENT","msgType":"SAFETY_MSG","senderId":"15f4eee5f864e77f1c51c1af3f9f929ff03770eebf0c8b191dd12c3650ef54bf","receiverId":"BROADCAST","outcome":"SENT","latencyMs":0,"isMalicious":false}
[DashboardServer] {"type":"PACKET_EVENT","msgType":"SAFETY_MSG","senderId":"86985ce93f062b1d3e1f26bc456dc6f046432363ff0d92b1728c63537939fa19","receiverId":"BROADCAST","outcome":"SENT","latencyMs":0,"isMalicious":false}
[DashboardServer] {"type":"PACKET_EVENT","msgType":"SAFETY_MSG","senderId":"dd9f86eefbc290fa473a0b63d382b568c06ad2279c679aded6248f350deeab87","receiverId":"BROADCAST","outcome":"SENT","latencyMs":0,"isMalicious":false}
[DashboardServer] {"type":"STATS_UPDATE","zkProofsPerSec": 66.7, "cacheHitRate": 0.000000}
[DashboardServer] {"type":"STATS_UPDATE","zkProofsPerSec": 66.7, "cacheHitRate": 0.000000}
[DashboardServer] {"type":"PACKET_EVENT","msgType":"SAFETY_MSG","senderId":"15f4eee5f864e77f1c51c1af3f9f929ff03770eebf0c8b191dd12c3650ef54bf","receiverId":"BROADCAST","outcome":"SENT","latencyMs":0,"isMalicious":false}
[DashboardServer] {"type":"PACKET_EVENT","msgType":"SAFETY_MSG","senderId":"86985ce93f062b1d3e1f26bc456dc6f046432363ff0d92b1728c63537939fa19","receiverId":"BROADCAST","outcome":"SENT","latencyMs":0,"isMalicious":false}
[DashboardServer] {"type":"PACKET_EVENT","msgType":"SAFETY_MSG","senderId":"dd9f86eefbc290fa473a0b63d382b568c06ad2279c679aded6248f350deeab87","receiverId":"BROADCAST","outcome":"SENT","latencyMs":0,"isMalicious":false}
[DashboardServer] {"type":"STATS_UPDATE","zkProofsPerSec": 66.7, "cacheHitRate": 0.000000}
[DashboardServer] {"type":"PACKET_EVENT","msgType":"SAFETY_MSG","senderId":"15f4eee5f864e77f1c51c1af3f9f929ff03770eebf0c8b191dd12c3650ef54bf","receiverId":"BROADCAST","outcome":"SENT","latencyMs":0,"isMalicious":false}
[DashboardServer] {"type":"PACKET_EVENT","msgType":"SAFETY_MSG","senderId":"86985ce93f062b1d3e1f26bc456dc6f046432363ff0d92b1728c63537939fa19","receiverId":"BROADCAST","outcome":"SENT","latencyMs":0,"isMalicious":false}
[DashboardServer] {"type":"PACKET_EVENT","msgType":"SAFETY_MSG","senderId":"dd9f86eefbc290fa473a0b63d382b568c06ad2279c679aded6248f350deeab87","receiverId":"BROADCAST","outcome":"SENT","latencyMs":0,"isMalicious":false}
[DashboardServer] {"type":"STATS_UPDATE","zkProofsPerSec": 66.7, "cacheHitRate": 0.000000}
[DashboardServer] {"type":"PACKET_EVENT","msgType":"SAFETY_MSG","senderId":"15f4eee5f864e77f1c51c1af3f9f929ff03770eebf0c8b191dd12c3650ef54bf","receiverId":"BROADCAST","outcome":"SENT","latencyMs":0,"isMalicious":false}
[DashboardServer] {"type":"PACKET_EVENT","msgType":"SAFETY_MSG","senderId":"86985ce93f062b1d3e1f26bc456dc6f046432363ff0d92b1728c63537939fa19","receiverId":"BROADCAST","outcome":"SENT","latencyMs":0,"isMalicious":false}
[DashboardServer] {"type":"PACKET_EVENT","msgType":"SAFETY_MSG","senderId":"dd9f86eefbc290fa473a0b63d382b568c06ad2279c679aded6248f350deeab87","receiverId":"BROADCAST","outcome":"SENT","latencyMs":0,"isMalicious":false}
[DashboardServer] {"type":"STATS_UPDATE","zkProofsPerSec": 66.7, "cacheHitRate": 0.000000}
[DashboardServer] {"type":"STATS_UPDATE","zkProofsPerSec": 66.7, "cacheHitRate": 0.000000}
[DashboardServer] {"type":"PACKET_EVENT","msgType":"SAFETY_MSG","senderId":"15f4eee5f864e77f1c51c1af3f9f929ff03770eebf0c8b191dd12c3650ef54bf","receiverId":"BROADCAST","outcome":"SENT","latencyMs":0,"isMalicious":false}
[DashboardServer] {"type":"PACKET_EVENT","msgType":"SAFETY_MSG","senderId":"86985ce93f062b1d3e1f26bc456dc6f046432363ff0d92b1728c63537939fa19","receiverId":"BROADCAST","outcome":"SENT","latencyMs":0,"isMalicious":false}
[DashboardServer] {"type":"PACKET_EVENT","msgType":"SAFETY_MSG","senderId":"dd9f86eefbc290fa473a0b63d382b568c06ad2279c679aded6248f350deeab87","receiverId":"BROADCAST","outcome":"SENT","latencyMs":0,"isMalicious":false}
[DashboardServer] {"type":"STATS_UPDATE","zkProofsPerSec": 66.7, "cacheHitRate": 0.000000}
[DashboardServer] {"type":"PACKET_EVENT","msgType":"SAFETY_MSG","senderId":"15f4eee5f864e77f1c51c1af3f9f929ff03770eebf0c8b191dd12c3650ef54bf","receiverId":"BROADCAST","outcome":"SENT","latencyMs":0,"isMalicious":false}
[DashboardServer] {"type":"PACKET_EVENT","msgType":"SAFETY_MSG","senderId":"86985ce93f062b1d3e1f26bc456dc6f046432363ff0d92b1728c63537939fa19","receiverId":"BROADCAST","outcome":"SENT","latencyMs":0,"isMalicious":false}
[DashboardServer] {"type":"PACKET_EVENT","msgType":"SAFETY_MSG","senderId":"dd9f86eefbc290fa473a0b63d382b568c06ad2279c679aded6248f350deeab87","receiverId":"BROADCAST","outcome":"SENT","latencyMs":0,"isMalicious":false}
[DashboardServer] {"type":"STATS_UPDATE","zkProofsPerSec": 66.7, "cacheHitRate": 0.000000}
[DashboardServer] {"type":"PACKET_EVENT","msgType":"SAFETY_MSG","senderId":"15f4eee5f864e77f1c51c1af3f9f929ff03770eebf0c8b191dd12c3650ef54bf","receiverId":"BROADCAST","outcome":"SENT","latencyMs":0,"isMalicious":false}
[DashboardServer] {"type":"PACKET_EVENT","msgType":"SAFETY_MSG","senderId":"86985ce93f062b1d3e1f26bc456dc6f046432363ff0d92b1728c63537939fa19","receiverId":"BROADCAST","outcome":"SENT","latencyMs":0,"isMalicious":false}
[DashboardServer] {"type":"PACKET_EVENT","msgType":"SAFETY_MSG","senderId":"dd9f86eefbc290fa473a0b63d382b568c06ad2279c679aded6248f350deeab87","receiverId":"BROADCAST","outcome":"SENT","latencyMs":0,"isMalicious":false}
[DashboardServer] {"type":"STATS_UPDATE","zkProofsPerSec": 66.7, "cacheHitRate": 0.000000}
[DashboardServer] {"type":"STATS_UPDATE","zkProofsPerSec": 66.7, "cacheHitRate": 0.000000}
[DashboardServer] {"type":"PACKET_EVENT","msgType":"SAFETY_MSG","senderId":"15f4eee5f864e77f1c51c1af3f9f929ff03770eebf0c8b191dd12c3650ef54bf","receiverId":"BROADCAST","outcome":"SENT","latencyMs":0,"isMalicious":false}
[DashboardServer] {"type":"PACKET_EVENT","msgType":"SAFETY_MSG","senderId":"86985ce93f062b1d3e1f26bc456dc6f046432363ff0d92b1728c63537939fa19","receiverId":"BROADCAST","outcome":"SENT","latencyMs":0,"isMalicious":false}
[DashboardServer] {"type":"PACKET_EVENT","msgType":"SAFETY_MSG","senderId":"dd9f86eefbc290fa473a0b63d382b568c06ad2279c679aded6248f350deeab87","receiverId":"BROADCAST","outcome":"SENT","latencyMs":0,"isMalicious":false}
[DashboardServer] {"type":"STATS_UPDATE","zkProofsPerSec": 66.7, "cacheHitRate": 0.000000}
[DashboardServer] {"type":"PACKET_EVENT","msgType":"SAFETY_MSG","senderId":"15f4eee5f864e77f1c51c1af3f9f929ff03770eebf0c8b191dd12c3650ef54bf","receiverId":"BROADCAST","outcome":"SENT","latencyMs":0,"isMalicious":false}
[DashboardServer] {"type":"PACKET_EVENT","msgType":"SAFETY_MSG","senderId":"86985ce93f062b1d3e1f26bc456dc6f046432363ff0d92b1728c63537939fa19","receiverId":"BROADCAST","outcome":"SENT","latencyMs":0,"isMalicious":false}
[DashboardServer] {"type":"PACKET_EVENT","msgType":"SAFETY_MSG","senderId":"dd9f86eefbc290fa473a0b63d382b568c06ad2279c679aded6248f350deeab87","receiverId":"BROADCAST","outcome":"SENT","latencyMs":0,"isMalicious":false}
[DashboardServer] {"type":"STATS_UPDATE","zkProofsPerSec": 66.7, "cacheHitRate": 0.000000}
[DashboardServer] {"type":"STATS_UPDATE","zkProofsPerSec": 66.7, "cacheHitRate": 0.000000}
[DashboardServer] {"type":"PACKET_EVENT","msgType":"SAFETY_MSG","senderId":"15f4eee5f864e77f1c51c1af3f9f929ff03770eebf0c8b191dd12c3650ef54bf","receiverId":"BROADCAST","outcome":"SENT","latencyMs":0,"isMalicious":false}
[DashboardServer] {"type":"PACKET_EVENT","msgType":"SAFETY_MSG","senderId":"86985ce93f062b1d3e1f26bc456dc6f046432363ff0d92b1728c63537939fa19","receiverId":"BROADCAST","outcome":"SENT","latencyMs":0,"isMalicious":false}
[DashboardServer] {"type":"PACKET_EVENT","msgType":"SAFETY_MSG","senderId":"dd9f86eefbc290fa473a0b63d382b568c06ad2279c679aded6248f350deeab87","receiverId":"BROADCAST","outcome":"SENT","latencyMs":0,"isMalicious":false}
[DashboardServer] {"type":"STATS_UPDATE","zkProofsPerSec": 66.7, "cacheHitRate": 0.000000}
[DashboardServer] {"type":"STATS_UPDATE","zkProofsPerSec": 66.7, "cacheHitRate": 0.000000}
[DashboardServer] {"type":"PACKET_EVENT","msgType":"SAFETY_MSG","senderId":"15f4eee5f864e77f1c51c1af3f9f929ff03770eebf0c8b191dd12c3650ef54bf","receiverId":"BROADCAST","outcome":"SENT","latencyMs":0,"isMalicious":false}
[DashboardServer] {"type":"PACKET_EVENT","msgType":"SAFETY_MSG","senderId":"86985ce93f062b1d3e1f26bc456dc6f046432363ff0d92b1728c63537939fa19","receiverId":"BROADCAST","outcome":"SENT","latencyMs":0,"isMalicious":false}
[DashboardServer] {"type":"PACKET_EVENT","msgType":"SAFETY_MSG","senderId":"dd9f86eefbc290fa473a0b63d382b568c06ad2279c679aded6248f350deeab87","receiverId":"BROADCAST","outcome":"SENT","latencyMs":0,"isMalicious":false}
[DashboardServer] {"type":"STATS_UPDATE","zkProofsPerSec": 66.7, "cacheHitRate": 0.000000}
[DashboardServer] {"type":"STATS_UPDATE","zkProofsPerSec": 66.7, "cacheHitRate": 0.000000}
[DashboardServer] {"type":"PACKET_EVENT","msgType":"SAFETY_MSG","senderId":"15f4eee5f864e77f1c51c1af3f9f929ff03770eebf0c8b191dd12c3650ef54bf","receiverId":"BROADCAST","outcome":"SENT","latencyMs":0,"isMalicious":false}
[DashboardServer] {"type":"PACKET_EVENT","msgType":"SAFETY_MSG","senderId":"86985ce93f062b1d3e1f26bc456dc6f046432363ff0d92b1728c63537939fa19","receiverId":"BROADCAST","outcome":"SENT","latencyMs":0,"isMalicious":false}
[DashboardServer] {"type":"PACKET_EVENT","msgType":"SAFETY_MSG","senderId":"dd9f86eefbc290fa473a0b63d382b568c06ad2279c679aded6248f350deeab87","receiverId":"BROADCAST","outcome":"SENT","latencyMs":0,"isMalicious":false}
[DashboardServer] {"type":"STATS_UPDATE","zkProofsPerSec": 66.7, "cacheHitRate": 0.000000}
[DashboardServer] {"type":"STATS_UPDATE","zkProofsPerSec": 66.7, "cacheHitRate": 0.000000}
[DashboardServer] {"type":"PACKET_EVENT","msgType":"SAFETY_MSG","senderId":"15f4eee5f864e77f1c51c1af3f9f929ff03770eebf0c8b191dd12c3650ef54bf","receiverId":"BROADCAST","outcome":"SENT","latencyMs":0,"isMalicious":false}
[DashboardServer] {"type":"PACKET_EVENT","msgType":"SAFETY_MSG","senderId":"86985ce93f062b1d3e1f26bc456dc6f046432363ff0d92b1728c63537939fa19","receiverId":"BROADCAST","outcome":"SENT","latencyMs":0,"isMalicious":false}
[DashboardServer] {"type":"PACKET_EVENT","msgType":"SAFETY_MSG","senderId":"dd9f86eefbc290fa473a0b63d382b568c06ad2279c679aded6248f350deeab87","receiverId":"BROADCAST","outcome":"SENT","latencyMs":0,"isMalicious":false}
[DashboardServer] {"type":"STATS_UPDATE","zkProofsPerSec": 66.7, "cacheHitRate": 0.000000}
[DashboardServer] {"type":"STATS_UPDATE","zkProofsPerSec": 66.7, "cacheHitRate": 0.000000}
[DashboardServer] {"type":"PACKET_EVENT","msgType":"SAFETY_MSG","senderId":"15f4eee5f864e77f1c51c1af3f9f929ff03770eebf0c8b191dd12c3650ef54bf","receiverId":"BROADCAST","outcome":"SENT","latencyMs":0,"isMalicious":false}
[DashboardServer] {"type":"PACKET_EVENT","msgType":"SAFETY_MSG","senderId":"86985ce93f062b1d3e1f26bc456dc6f046432363ff0d92b1728c63537939fa19","receiverId":"BROADCAST","outcome":"SENT","latencyMs":0,"isMalicious":false}
[DashboardServer] {"type":"PACKET_EVENT","msgType":"SAFETY_MSG","senderId":"dd9f86eefbc290fa473a0b63d382b568c06ad2279c679aded6248f350deeab87","receiverId":"BROADCAST","outcome":"SENT","latencyMs":0,"isMalicious":false}
[DashboardServer] {"type":"STATS_UPDATE","zkProofsPerSec": 66.7, "cacheHitRate": 0.000000}
[DashboardServer] {"type":"STATS_UPDATE","zkProofsPerSec": 66.7, "cacheHitRate": 0.000000}
[DashboardServer] {"type":"PACKET_EVENT","msgType":"SAFETY_MSG","senderId":"15f4eee5f864e77f1c51c1af3f9f929ff03770eebf0c8b191dd12c3650ef54bf","receiverId":"BROADCAST","outcome":"SENT","latencyMs":0,"isMalicious":false}
[DashboardServer] {"type":"PACKET_EVENT","msgType":"SAFETY_MSG","senderId":"86985ce93f062b1d3e1f26bc456dc6f046432363ff0d92b1728c63537939fa19","receiverId":"BROADCAST","outcome":"SENT","latencyMs":0,"isMalicious":false}
[DashboardServer] {"type":"PACKET_EVENT","msgType":"SAFETY_MSG","senderId":"dd9f86eefbc290fa473a0b63d382b568c06ad2279c679aded6248f350deeab87","receiverId":"BROADCAST","outcome":"SENT","latencyMs":0,"isMalicious":false}
[DashboardServer] {"type":"STATS_UPDATE","zkProofsPerSec": 66.7, "cacheHitRate": 0.000000}
[DashboardServer] {"type":"STATS_UPDATE","zkProofsPerSec": 66.7, "cacheHitRate": 0.000000}
[DashboardServer] {"type":"PACKET_EVENT","msgType":"SAFETY_MSG","senderId":"15f4eee5f864e77f1c51c1af3f9f929ff03770eebf0c8b191dd12c3650ef54bf","receiverId":"BROADCAST","outcome":"SENT","latencyMs":0,"isMalicious":false}
[DashboardServer] {"type":"PACKET_EVENT","msgType":"SAFETY_MSG","senderId":"86985ce93f062b1d3e1f26bc456dc6f046432363ff0d92b1728c63537939fa19","receiverId":"BROADCAST","outcome":"SENT","latencyMs":0,"isMalicious":false}
[DashboardServer] {"type":"PACKET_EVENT","msgType":"SAFETY_MSG","senderId":"dd9f86eefbc290fa473a0b63d382b568c06ad2279c679aded6248f350deeab87","receiverId":"BROADCAST","outcome":"SENT","latencyMs":0,"isMalicious":false}
[DashboardServer] {"type":"STATS_UPDATE","zkProofsPerSec": 66.7, "cacheHitRate": 0.000000}
[DashboardServer] {"type":"STATS_UPDATE","zkProofsPerSec": 66.7, "cacheHitRate": 0.000000}
[DashboardServer] {"type":"PACKET_EVENT","msgType":"SAFETY_MSG","senderId":"15f4eee5f864e77f1c51c1af3f9f929ff03770eebf0c8b191dd12c3650ef54bf","receiverId":"BROADCAST","outcome":"SENT","latencyMs":0,"isMalicious":false}
[DashboardServer] {"type":"PACKET_EVENT","msgType":"SAFETY_MSG","senderId":"86985ce93f062b1d3e1f26bc456dc6f046432363ff0d92b1728c63537939fa19","receiverId":"BROADCAST","outcome":"SENT","latencyMs":0,"isMalicious":false}
[DashboardServer] {"type":"PACKET_EVENT","msgType":"SAFETY_MSG","senderId":"dd9f86eefbc290fa473a0b63d382b568c06ad2279c679aded6248f350deeab87","receiverId":"BROADCAST","outcome":"SENT","latencyMs":0,"isMalicious":false}
[DashboardServer] {"type":"STATS_UPDATE","zkProofsPerSec": 66.7, "cacheHitRate": 0.000000}
[DashboardServer] {"type":"STATS_UPDATE","zkProofsPerSec": 66.7, "cacheHitRate": 0.000000}
[DashboardServer] {"type":"PACKET_EVENT","msgType":"SAFETY_MSG","senderId":"15f4eee5f864e77f1c51c1af3f9f929ff03770eebf0c8b191dd12c3650ef54bf","receiverId":"BROADCAST","outcome":"SENT","latencyMs":0,"isMalicious":false}
[DashboardServer] {"type":"PACKET_EVENT","msgType":"SAFETY_MSG","senderId":"86985ce93f062b1d3e1f26bc456dc6f046432363ff0d92b1728c63537939fa19","receiverId":"BROADCAST","outcome":"SENT","latencyMs":0,"isMalicious":false}
[DashboardServer] {"type":"PACKET_EVENT","msgType":"SAFETY_MSG","senderId":"dd9f86eefbc290fa473a0b63d382b568c06ad2279c679aded6248f350deeab87","receiverId":"BROADCAST","outcome":"SENT","latencyMs":0,"isMalicious":false}
[DashboardServer] {"type":"STATS_UPDATE","zkProofsPerSec": 66.7, "cacheHitRate": 0.000000}
[DashboardServer] {"type":"STATS_UPDATE","zkProofsPerSec": 66.7, "cacheHitRate": 0.000000}
[DashboardServer] {"type":"PACKET_EVENT","msgType":"SAFETY_MSG","senderId":"15f4eee5f864e77f1c51c1af3f9f929ff03770eebf0c8b191dd12c3650ef54bf","receiverId":"BROADCAST","outcome":"SENT","latencyMs":0,"isMalicious":false}
[DashboardServer] {"type":"PACKET_EVENT","msgType":"SAFETY_MSG","senderId":"86985ce93f062b1d3e1f26bc456dc6f046432363ff0d92b1728c63537939fa19","receiverId":"BROADCAST","outcome":"SENT","latencyMs":0,"isMalicious":false}
[DashboardServer] {"type":"PACKET_EVENT","msgType":"SAFETY_MSG","senderId":"dd9f86eefbc290fa473a0b63d382b568c06ad2279c679aded6248f350deeab87","receiverId":"BROADCAST","outcome":"SENT","latencyMs":0,"isMalicious":false}
[DashboardServer] {"type":"STATS_UPDATE","zkProofsPerSec": 66.7, "cacheHitRate": 0.000000}
[DashboardServer] {"type":"STATS_UPDATE","zkProofsPerSec": 66.7, "cacheHitRate": 0.000000}
[DashboardServer] {"type":"PACKET_EVENT","msgType":"SAFETY_MSG","senderId":"15f4eee5f864e77f1c51c1af3f9f929ff03770eebf0c8b191dd12c3650ef54bf","receiverId":"BROADCAST","outcome":"SENT","latencyMs":0,"isMalicious":false}
[DashboardServer] {"type":"PACKET_EVENT","msgType":"SAFETY_MSG","senderId":"86985ce93f062b1d3e1f26bc456dc6f046432363ff0d92b1728c63537939fa19","receiverId":"BROADCAST","outcome":"SENT","latencyMs":0,"isMalicious":false}
[DashboardServer] {"type":"PACKET_EVENT","msgType":"SAFETY_MSG","senderId":"dd9f86eefbc290fa473a0b63d382b568c06ad2279c679aded6248f350deeab87","receiverId":"BROADCAST","outcome":"SENT","latencyMs":0,"isMalicious":false}
[DashboardServer] {"type":"STATS_UPDATE","zkProofsPerSec": 66.7, "cacheHitRate": 0.000000}
[DashboardServer] {"type":"STATS_UPDATE","zkProofsPerSec": 66.7, "cacheHitRate": 0.000000}
[DashboardServer] {"type":"PACKET_EVENT","msgType":"SAFETY_MSG","senderId":"15f4eee5f864e77f1c51c1af3f9f929ff03770eebf0c8b191dd12c3650ef54bf","receiverId":"BROADCAST","outcome":"SENT","latencyMs":0,"isMalicious":false}
[DashboardServer] {"type":"PACKET_EVENT","msgType":"SAFETY_MSG","senderId":"86985ce93f062b1d3e1f26bc456dc6f046432363ff0d92b1728c63537939fa19","receiverId":"BROADCAST","outcome":"SENT","latencyMs":0,"isMalicious":false}
[DashboardServer] {"type":"PACKET_EVENT","msgType":"SAFETY_MSG","senderId":"dd9f86eefbc290fa473a0b63d382b568c06ad2279c679aded6248f350deeab87","receiverId":"BROADCAST","outcome":"SENT","latencyMs":0,"isMalicious":false}
[DashboardServer] {"type":"STATS_UPDATE","zkProofsPerSec": 66.7, "cacheHitRate": 0.000000}
[DashboardServer] {"type":"STATS_UPDATE","zkProofsPerSec": 66.7, "cacheHitRate": 0.000000}
[DashboardServer] {"type":"PACKET_EVENT","msgType":"SAFETY_MSG","senderId":"15f4eee5f864e77f1c51c1af3f9f929ff03770eebf0c8b191dd12c3650ef54bf","receiverId":"BROADCAST","outcome":"SENT","latencyMs":0,"isMalicious":false}
[DashboardServer] {"type":"PACKET_EVENT","msgType":"SAFETY_MSG","senderId":"86985ce93f062b1d3e1f26bc456dc6f046432363ff0d92b1728c63537939fa19","receiverId":"BROADCAST","outcome":"SENT","latencyMs":0,"isMalicious":false}
[DashboardServer] {"type":"PACKET_EVENT","msgType":"SAFETY_MSG","senderId":"dd9f86eefbc290fa473a0b63d382b568c06ad2279c679aded6248f350deeab87","receiverId":"BROADCAST","outcome":"SENT","latencyMs":0,"isMalicious":false}
[DashboardServer] {"type":"STATS_UPDATE","zkProofsPerSec": 66.7, "cacheHitRate": 0.000000}
[DashboardServer] {"type":"STATS_UPDATE","zkProofsPerSec": 66.7, "cacheHitRate": 0.000000}
[DashboardServer] {"type":"PACKET_EVENT","msgType":"SAFETY_MSG","senderId":"15f4eee5f864e77f1c51c1af3f9f929ff03770eebf0c8b191dd12c3650ef54bf","receiverId":"BROADCAST","outcome":"SENT","latencyMs":0,"isMalicious":false}
[DashboardServer] {"type":"PACKET_EVENT","msgType":"SAFETY_MSG","senderId":"86985ce93f062b1d3e1f26bc456dc6f046432363ff0d92b1728c63537939fa19","receiverId":"BROADCAST","outcome":"SENT","latencyMs":0,"isMalicious":false}
[DashboardServer] {"type":"PACKET_EVENT","msgType":"SAFETY_MSG","senderId":"dd9f86eefbc290fa473a0b63d382b568c06ad2279c679aded6248f350deeab87","receiverId":"BROADCAST","outcome":"SENT","latencyMs":0,"isMalicious":false}
[DashboardServer] {"type":"STATS_UPDATE","zkProofsPerSec": 66.7, "cacheHitRate": 0.000000}
[DashboardServer] {"type":"STATS_UPDATE","zkProofsPerSec": 66.7, "cacheHitRate": 0.000000}
[DashboardServer] {"type":"PACKET_EVENT","msgType":"SAFETY_MSG","senderId":"15f4eee5f864e77f1c51c1af3f9f929ff03770eebf0c8b191dd12c3650ef54bf","receiverId":"BROADCAST","outcome":"SENT","latencyMs":0,"isMalicious":false}
[DashboardServer] {"type":"PACKET_EVENT","msgType":"SAFETY_MSG","senderId":"86985ce93f062b1d3e1f26bc456dc6f046432363ff0d92b1728c63537939fa19","receiverId":"BROADCAST","outcome":"SENT","latencyMs":0,"isMalicious":false}
[DashboardServer] {"type":"PACKET_EVENT","msgType":"SAFETY_MSG","senderId":"dd9f86eefbc290fa473a0b63d382b568c06ad2279c679aded6248f350deeab87","receiverId":"BROADCAST","outcome":"SENT","latencyMs":0,"isMalicious":false}
[DashboardServer] {"type":"STATS_UPDATE","zkProofsPerSec": 66.7, "cacheHitRate": 0.000000}
[DashboardServer] {"type":"STATS_UPDATE","zkProofsPerSec": 66.7, "cacheHitRate": 0.000000}
[DashboardServer] {"type":"PACKET_EVENT","msgType":"SAFETY_MSG","senderId":"15f4eee5f864e77f1c51c1af3f9f929ff03770eebf0c8b191dd12c3650ef54bf","receiverId":"BROADCAST","outcome":"SENT","latencyMs":0,"isMalicious":false}
[DashboardServer] {"type":"PACKET_EVENT","msgType":"SAFETY_MSG","senderId":"86985ce93f062b1d3e1f26bc456dc6f046432363ff0d92b1728c63537939fa19","receiverId":"BROADCAST","outcome":"SENT","latencyMs":0,"isMalicious":false}
[DashboardServer] {"type":"PACKET_EVENT","msgType":"SAFETY_MSG","senderId":"dd9f86eefbc290fa473a0b63d382b568c06ad2279c679aded6248f350deeab87","receiverId":"BROADCAST","outcome":"SENT","latencyMs":0,"isMalicious":false}
[DashboardServer] {"type":"STATS_UPDATE","zkProofsPerSec": 66.7, "cacheHitRate": 0.000000}
[DashboardServer] {"type":"STATS_UPDATE","zkProofsPerSec": 66.7, "cacheHitRate": 0.000000}
[DashboardServer] {"type":"PACKET_EVENT","msgType":"SAFETY_MSG","senderId":"15f4eee5f864e77f1c51c1af3f9f929ff03770eebf0c8b191dd12c3650ef54bf","receiverId":"BROADCAST","outcome":"SENT","latencyMs":0,"isMalicious":false}
[DashboardServer] {"type":"PACKET_EVENT","msgType":"SAFETY_MSG","senderId":"86985ce93f062b1d3e1f26bc456dc6f046432363ff0d92b1728c63537939fa19","receiverId":"BROADCAST","outcome":"SENT","latencyMs":0,"isMalicious":false}
[DashboardServer] {"type":"PACKET_EVENT","msgType":"SAFETY_MSG","senderId":"dd9f86eefbc290fa473a0b63d382b568c06ad2279c679aded6248f350deeab87","receiverId":"BROADCAST","outcome":"SENT","latencyMs":0,"isMalicious":false}
[DashboardServer] {"type":"STATS_UPDATE","zkProofsPerSec": 66.7, "cacheHitRate": 0.000000}
[DashboardServer] {"type":"STATS_UPDATE","zkProofsPerSec": 66.7, "cacheHitRate": 0.000000}
[DashboardServer] {"type":"PACKET_EVENT","msgType":"SAFETY_MSG","senderId":"15f4eee5f864e77f1c51c1af3f9f929ff03770eebf0c8b191dd12c3650ef54bf","receiverId":"BROADCAST","outcome":"SENT","latencyMs":0,"isMalicious":false}
[DashboardServer] {"type":"PACKET_EVENT","msgType":"SAFETY_MSG","senderId":"86985ce93f062b1d3e1f26bc456dc6f046432363ff0d92b1728c63537939fa19","receiverId":"BROADCAST","outcome":"SENT","latencyMs":0,"isMalicious":false}
[DashboardServer] {"type":"PACKET_EVENT","msgType":"SAFETY_MSG","senderId":"dd9f86eefbc290fa473a0b63d382b568c06ad2279c679aded6248f350deeab87","receiverId":"BROADCAST","outcome":"SENT","latencyMs":0,"isMalicious":false}
[DashboardServer] {"type":"STATS_UPDATE","zkProofsPerSec": 66.7, "cacheHitRate": 0.000000}
[DashboardServer] {"type":"STATS_UPDATE","zkProofsPerSec": 66.7, "cacheHitRate": 0.000000}
[DashboardServer] {"type":"PACKET_EVENT","msgType":"SAFETY_MSG","senderId":"15f4eee5f864e77f1c51c1af3f9f929ff03770eebf0c8b191dd12c3650ef54bf","receiverId":"BROADCAST","outcome":"SENT","latencyMs":0,"isMalicious":false}
[DashboardServer] {"type":"PACKET_EVENT","msgType":"SAFETY_MSG","senderId":"86985ce93f062b1d3e1f26bc456dc6f046432363ff0d92b1728c63537939fa19","receiverId":"BROADCAST","outcome":"SENT","latencyMs":0,"isMalicious":false}
[DashboardServer] {"type":"PACKET_EVENT","msgType":"SAFETY_MSG","senderId":"dd9f86eefbc290fa473a0b63d382b568c06ad2279c679aded6248f350deeab87","receiverId":"BROADCAST","outcome":"SENT","latencyMs":0,"isMalicious":false}
[DashboardServer] {"type":"STATS_UPDATE","zkProofsPerSec": 66.7, "cacheHitRate": 0.000000}
[DashboardServer] {"type":"STATS_UPDATE","zkProofsPerSec": 66.7, "cacheHitRate": 0.000000}
[DashboardServer] {"type":"PACKET_EVENT","msgType":"SAFETY_MSG","senderId":"15f4eee5f864e77f1c51c1af3f9f929ff03770eebf0c8b191dd12c3650ef54bf","receiverId":"BROADCAST","outcome":"SENT","latencyMs":0,"isMalicious":false}
[DashboardServer] {"type":"PACKET_EVENT","msgType":"SAFETY_MSG","senderId":"86985ce93f062b1d3e1f26bc456dc6f046432363ff0d92b1728c63537939fa19","receiverId":"BROADCAST","outcome":"SENT","latencyMs":0,"isMalicious":false}
[DashboardServer] {"type":"PACKET_EVENT","msgType":"SAFETY_MSG","senderId":"dd9f86eefbc290fa473a0b63d382b568c06ad2279c679aded6248f350deeab87","receiverId":"BROADCAST","outcome":"SENT","latencyMs":0,"isMalicious":false}
[DashboardServer] {"type":"STATS_UPDATE","zkProofsPerSec": 66.7, "cacheHitRate": 0.000000}
[DashboardServer] {"type":"STATS_UPDATE","zkProofsPerSec": 66.7, "cacheHitRate": 0.000000}
[DashboardServer] {"type":"PACKET_EVENT","msgType":"SAFETY_MSG","senderId":"15f4eee5f864e77f1c51c1af3f9f929ff03770eebf0c8b191dd12c3650ef54bf","receiverId":"BROADCAST","outcome":"SENT","latencyMs":0,"isMalicious":false}
[DashboardServer] {"type":"PACKET_EVENT","msgType":"SAFETY_MSG","senderId":"86985ce93f062b1d3e1f26bc456dc6f046432363ff0d92b1728c63537939fa19","receiverId":"BROADCAST","outcome":"SENT","latencyMs":0,"isMalicious":false}
[DashboardServer] {"type":"PACKET_EVENT","msgType":"SAFETY_MSG","senderId":"dd9f86eefbc290fa473a0b63d382b568c06ad2279c679aded6248f350deeab87","receiverId":"BROADCAST","outcome":"SENT","latencyMs":0,"isMalicious":false}
[DashboardServer] {"type":"STATS_UPDATE","zkProofsPerSec": 66.7, "cacheHitRate": 0.000000}
[DashboardServer] {"type":"STATS_UPDATE","zkProofsPerSec": 66.7, "cacheHitRate": 0.000000}
[DashboardServer] {"type":"PACKET_EVENT","msgType":"SAFETY_MSG","senderId":"15f4eee5f864e77f1c51c1af3f9f929ff03770eebf0c8b191dd12c3650ef54bf","receiverId":"BROADCAST","outcome":"SENT","latencyMs":0,"isMalicious":false}
[DashboardServer] {"type":"PACKET_EVENT","msgType":"SAFETY_MSG","senderId":"86985ce93f062b1d3e1f26bc456dc6f046432363ff0d92b1728c63537939fa19","receiverId":"BROADCAST","outcome":"SENT","latencyMs":0,"isMalicious":false}
[DashboardServer] {"type":"PACKET_EVENT","msgType":"SAFETY_MSG","senderId":"dd9f86eefbc290fa473a0b63d382b568c06ad2279c679aded6248f350deeab87","receiverId":"BROADCAST","outcome":"SENT","latencyMs":0,"isMalicious":false}
[DashboardServer] {"type":"STATS_UPDATE","zkProofsPerSec": 66.7, "cacheHitRate": 0.000000}
[DashboardServer] {"type":"STATS_UPDATE","zkProofsPerSec": 66.7, "cacheHitRate": 0.000000}
[DashboardServer] {"type":"PACKET_EVENT","msgType":"SAFETY_MSG","senderId":"15f4eee5f864e77f1c51c1af3f9f929ff03770eebf0c8b191dd12c3650ef54bf","receiverId":"BROADCAST","outcome":"SENT","latencyMs":0,"isMalicious":false}
[DashboardServer] {"type":"PACKET_EVENT","msgType":"SAFETY_MSG","senderId":"86985ce93f062b1d3e1f26bc456dc6f046432363ff0d92b1728c63537939fa19","receiverId":"BROADCAST","outcome":"SENT","latencyMs":0,"isMalicious":false}
[DashboardServer] {"type":"PACKET_EVENT","msgType":"SAFETY_MSG","senderId":"dd9f86eefbc290fa473a0b63d382b568c06ad2279c679aded6248f350deeab87","receiverId":"BROADCAST","outcome":"SENT","latencyMs":0,"isMalicious":false}
[DashboardServer] {"type":"STATS_UPDATE","zkProofsPerSec": 66.7, "cacheHitRate": 0.000000}
[DashboardServer] {"type":"STATS_UPDATE","zkProofsPerSec": 66.7, "cacheHitRate": 0.000000}
[DashboardServer] {"type":"PACKET_EVENT","msgType":"SAFETY_MSG","senderId":"15f4eee5f864e77f1c51c1af3f9f929ff03770eebf0c8b191dd12c3650ef54bf","receiverId":"BROADCAST","outcome":"SENT","latencyMs":0,"isMalicious":false}
[DashboardServer] {"type":"PACKET_EVENT","msgType":"SAFETY_MSG","senderId":"86985ce93f062b1d3e1f26bc456dc6f046432363ff0d92b1728c63537939fa19","receiverId":"BROADCAST","outcome":"SENT","latencyMs":0,"isMalicious":false}
[DashboardServer] {"type":"PACKET_EVENT","msgType":"SAFETY_MSG","senderId":"dd9f86eefbc290fa473a0b63d382b568c06ad2279c679aded6248f350deeab87","receiverId":"BROADCAST","outcome":"SENT","latencyMs":0,"isMalicious":false}
[DashboardServer] {"type":"STATS_UPDATE","zkProofsPerSec": 66.7, "cacheHitRate": 0.000000}
[DashboardServer] {"type":"STATS_UPDATE","zkProofsPerSec": 66.7, "cacheHitRate": 0.000000}
[DashboardServer] {"type":"PACKET_EVENT","msgType":"SAFETY_MSG","senderId":"15f4eee5f864e77f1c51c1af3f9f929ff03770eebf0c8b191dd12c3650ef54bf","receiverId":"BROADCAST","outcome":"SENT","latencyMs":0,"isMalicious":false}
[DashboardServer] {"type":"PACKET_EVENT","msgType":"SAFETY_MSG","senderId":"86985ce93f062b1d3e1f26bc456dc6f046432363ff0d92b1728c63537939fa19","receiverId":"BROADCAST","outcome":"SENT","latencyMs":0,"isMalicious":false}
[DashboardServer] {"type":"PACKET_EVENT","msgType":"SAFETY_MSG","senderId":"dd9f86eefbc290fa473a0b63d382b568c06ad2279c679aded6248f350deeab87","receiverId":"BROADCAST","outcome":"SENT","latencyMs":0,"isMalicious":false}
[DashboardServer] {"type":"STATS_UPDATE","zkProofsPerSec": 66.7, "cacheHitRate": 0.000000}
[DashboardServer] {"type":"STATS_UPDATE","zkProofsPerSec": 66.7, "cacheHitRate": 0.000000}
[DashboardServer] {"type":"PACKET_EVENT","msgType":"SAFETY_MSG","senderId":"15f4eee5f864e77f1c51c1af3f9f929ff03770eebf0c8b191dd12c3650ef54bf","receiverId":"BROADCAST","outcome":"SENT","latencyMs":0,"isMalicious":false}
[DashboardServer] {"type":"PACKET_EVENT","msgType":"SAFETY_MSG","senderId":"86985ce93f062b1d3e1f26bc456dc6f046432363ff0d92b1728c63537939fa19","receiverId":"BROADCAST","outcome":"SENT","latencyMs":0,"isMalicious":false}
[DashboardServer] {"type":"PACKET_EVENT","msgType":"SAFETY_MSG","senderId":"dd9f86eefbc290fa473a0b63d382b568c06ad2279c679aded6248f350deeab87","receiverId":"BROADCAST","outcome":"SENT","latencyMs":0,"isMalicious":false}
[DashboardServer] {"type":"STATS_UPDATE","zkProofsPerSec": 66.7, "cacheHitRate": 0.000000}
[DashboardServer] {"type":"STATS_UPDATE","zkProofsPerSec": 66.7, "cacheHitRate": 0.000000}
[DashboardServer] {"type":"PACKET_EVENT","msgType":"SAFETY_MSG","senderId":"15f4eee5f864e77f1c51c1af3f9f929ff03770eebf0c8b191dd12c3650ef54bf","receiverId":"BROADCAST","outcome":"SENT","latencyMs":0,"isMalicious":false}
[DashboardServer] {"type":"PACKET_EVENT","msgType":"SAFETY_MSG","senderId":"86985ce93f062b1d3e1f26bc456dc6f046432363ff0d92b1728c63537939fa19","receiverId":"BROADCAST","outcome":"SENT","latencyMs":0,"isMalicious":false}
[DashboardServer] {"type":"PACKET_EVENT","msgType":"SAFETY_MSG","senderId":"dd9f86eefbc290fa473a0b63d382b568c06ad2279c679aded6248f350deeab87","receiverId":"BROADCAST","outcome":"SENT","latencyMs":0,"isMalicious":false}
[DashboardServer] {"type":"STATS_UPDATE","zkProofsPerSec": 66.7, "cacheHitRate": 0.000000}
[DashboardServer] {"type":"STATS_UPDATE","zkProofsPerSec": 66.7, "cacheHitRate": 0.000000}
[DashboardServer] {"type":"PACKET_EVENT","msgType":"SAFETY_MSG","senderId":"15f4eee5f864e77f1c51c1af3f9f929ff03770eebf0c8b191dd12c3650ef54bf","receiverId":"BROADCAST","outcome":"SENT","latencyMs":0,"isMalicious":false}
[DashboardServer] {"type":"PACKET_EVENT","msgType":"SAFETY_MSG","senderId":"86985ce93f062b1d3e1f26bc456dc6f046432363ff0d92b1728c63537939fa19","receiverId":"BROADCAST","outcome":"SENT","latencyMs":0,"isMalicious":false}
[DashboardServer] {"type":"PACKET_EVENT","msgType":"SAFETY_MSG","senderId":"dd9f86eefbc290fa473a0b63d382b568c06ad2279c679aded6248f350deeab87","receiverId":"BROADCAST","outcome":"SENT","latencyMs":0,"isMalicious":false}
[DashboardServer] {"type":"STATS_UPDATE","zkProofsPerSec": 66.7, "cacheHitRate": 0.000000}
[DashboardServer] {"type":"STATS_UPDATE","zkProofsPerSec": 66.7, "cacheHitRate": 0.000000}
[DashboardServer] {"type":"PACKET_EVENT","msgType":"SAFETY_MSG","senderId":"15f4eee5f864e77f1c51c1af3f9f929ff03770eebf0c8b191dd12c3650ef54bf","receiverId":"BROADCAST","outcome":"SENT","latencyMs":0,"isMalicious":false}
[DashboardServer] {"type":"PACKET_EVENT","msgType":"SAFETY_MSG","senderId":"86985ce93f062b1d3e1f26bc456dc6f046432363ff0d92b1728c63537939fa19","receiverId":"BROADCAST","outcome":"SENT","latencyMs":0,"isMalicious":false}
[DashboardServer] {"type":"PACKET_EVENT","msgType":"SAFETY_MSG","senderId":"dd9f86eefbc290fa473a0b63d382b568c06ad2279c679aded6248f350deeab87","receiverId":"BROADCAST","outcome":"SENT","latencyMs":0,"isMalicious":false}
[DashboardServer] {"type":"STATS_UPDATE","zkProofsPerSec": 66.7, "cacheHitRate": 0.000000}
[DashboardServer] {"type":"STATS_UPDATE","zkProofsPerSec": 66.7, "cacheHitRate": 0.000000}
[DashboardServer] {"type":"PACKET_EVENT","msgType":"SAFETY_MSG","senderId":"15f4eee5f864e77f1c51c1af3f9f929ff03770eebf0c8b191dd12c3650ef54bf","receiverId":"BROADCAST","outcome":"SENT","latencyMs":0,"isMalicious":false}
[DashboardServer] {"type":"PACKET_EVENT","msgType":"SAFETY_MSG","senderId":"86985ce93f062b1d3e1f26bc456dc6f046432363ff0d92b1728c63537939fa19","receiverId":"BROADCAST","outcome":"SENT","latencyMs":0,"isMalicious":false}
[DashboardServer] {"type":"PACKET_EVENT","msgType":"SAFETY_MSG","senderId":"dd9f86eefbc290fa473a0b63d382b568c06ad2279c679aded6248f350deeab87","receiverId":"BROADCAST","outcome":"SENT","latencyMs":0,"isMalicious":false}
[DashboardServer] {"type":"STATS_UPDATE","zkProofsPerSec": 66.7, "cacheHitRate": 0.000000}
[DashboardServer] {"type":"STATS_UPDATE","zkProofsPerSec": 66.7, "cacheHitRate": 0.000000}
[DashboardServer] {"type":"PACKET_EVENT","msgType":"SAFETY_MSG","senderId":"15f4eee5f864e77f1c51c1af3f9f929ff03770eebf0c8b191dd12c3650ef54bf","receiverId":"BROADCAST","outcome":"SENT","latencyMs":0,"isMalicious":false}
[DashboardServer] {"type":"PACKET_EVENT","msgType":"SAFETY_MSG","senderId":"86985ce93f062b1d3e1f26bc456dc6f046432363ff0d92b1728c63537939fa19","receiverId":"BROADCAST","outcome":"SENT","latencyMs":0,"isMalicious":false}
[DashboardServer] {"type":"PACKET_EVENT","msgType":"SAFETY_MSG","senderId":"dd9f86eefbc290fa473a0b63d382b568c06ad2279c679aded6248f350deeab87","receiverId":"BROADCAST","outcome":"SENT","latencyMs":0,"isMalicious":false}
[DashboardServer] {"type":"STATS_UPDATE","zkProofsPerSec": 66.7, "cacheHitRate": 0.000000}
[DashboardServer] {"type":"STATS_UPDATE","zkProofsPerSec": 66.7, "cacheHitRate": 0.000000}
[DashboardServer] {"type":"PACKET_EVENT","msgType":"SAFETY_MSG","senderId":"15f4eee5f864e77f1c51c1af3f9f929ff03770eebf0c8b191dd12c3650ef54bf","receiverId":"BROADCAST","outcome":"SENT","latencyMs":0,"isMalicious":false}
[DashboardServer] {"type":"PACKET_EVENT","msgType":"SAFETY_MSG","senderId":"86985ce93f062b1d3e1f26bc456dc6f046432363ff0d92b1728c63537939fa19","receiverId":"BROADCAST","outcome":"SENT","latencyMs":0,"isMalicious":false}
[DashboardServer] {"type":"PACKET_EVENT","msgType":"SAFETY_MSG","senderId":"dd9f86eefbc290fa473a0b63d382b568c06ad2279c679aded6248f350deeab87","receiverId":"BROADCAST","outcome":"SENT","latencyMs":0,"isMalicious":false}
[DashboardServer] {"type":"STATS_UPDATE","zkProofsPerSec": 66.7, "cacheHitRate": 0.000000}
[DashboardServer] {"type":"STATS_UPDATE","zkProofsPerSec": 66.7, "cacheHitRate": 0.000000}
[DashboardServer] {"type":"PACKET_EVENT","msgType":"SAFETY_MSG","senderId":"15f4eee5f864e77f1c51c1af3f9f929ff03770eebf0c8b191dd12c3650ef54bf","receiverId":"BROADCAST","outcome":"SENT","latencyMs":0,"isMalicious":false}
[DashboardServer] {"type":"PACKET_EVENT","msgType":"SAFETY_MSG","senderId":"86985ce93f062b1d3e1f26bc456dc6f046432363ff0d92b1728c63537939fa19","receiverId":"BROADCAST","outcome":"SENT","latencyMs":0,"isMalicious":false}
[DashboardServer] {"type":"PACKET_EVENT","msgType":"SAFETY_MSG","senderId":"dd9f86eefbc290fa473a0b63d382b568c06ad2279c679aded6248f350deeab87","receiverId":"BROADCAST","outcome":"SENT","latencyMs":0,"isMalicious":false}
[DashboardServer] {"type":"STATS_UPDATE","zkProofsPerSec": 66.7, "cacheHitRate": 0.000000}
[DashboardServer] {"type":"STATS_UPDATE","zkProofsPerSec": 66.7, "cacheHitRate": 0.000000}
[DashboardServer] {"type":"PACKET_EVENT","msgType":"SAFETY_MSG","senderId":"15f4eee5f864e77f1c51c1af3f9f929ff03770eebf0c8b191dd12c3650ef54bf","receiverId":"BROADCAST","outcome":"SENT","latencyMs":0,"isMalicious":false}
[DashboardServer] {"type":"PACKET_EVENT","msgType":"SAFETY_MSG","senderId":"86985ce93f062b1d3e1f26bc456dc6f046432363ff0d92b1728c63537939fa19","receiverId":"BROADCAST","outcome":"SENT","latencyMs":0,"isMalicious":false}
[DashboardServer] {"type":"PACKET_EVENT","msgType":"SAFETY_MSG","senderId":"dd9f86eefbc290fa473a0b63d382b568c06ad2279c679aded6248f350deeab87","receiverId":"BROADCAST","outcome":"SENT","latencyMs":0,"isMalicious":false}
[DashboardServer] {"type":"STATS_UPDATE","zkProofsPerSec": 66.7, "cacheHitRate": 0.000000}
[DashboardServer] {"type":"STATS_UPDATE","zkProofsPerSec": 66.7, "cacheHitRate": 0.000000}
[DashboardServer] {"type":"PACKET_EVENT","msgType":"SAFETY_MSG","senderId":"15f4eee5f864e77f1c51c1af3f9f929ff03770eebf0c8b191dd12c3650ef54bf","receiverId":"BROADCAST","outcome":"SENT","latencyMs":0,"isMalicious":false}
[DashboardServer] {"type":"PACKET_EVENT","msgType":"SAFETY_MSG","senderId":"86985ce93f062b1d3e1f26bc456dc6f046432363ff0d92b1728c63537939fa19","receiverId":"BROADCAST","outcome":"SENT","latencyMs":0,"isMalicious":false}
[DashboardServer] {"type":"PACKET_EVENT","msgType":"SAFETY_MSG","senderId":"dd9f86eefbc290fa473a0b63d382b568c06ad2279c679aded6248f350deeab87","receiverId":"BROADCAST","outcome":"SENT","latencyMs":0,"isMalicious":false}
[DashboardServer] {"type":"STATS_UPDATE","zkProofsPerSec": 66.7, "cacheHitRate": 0.000000}
[DashboardServer] {"type":"STATS_UPDATE","zkProofsPerSec": 66.7, "cacheHitRate": 0.000000}
[DashboardServer] {"type":"PACKET_EVENT","msgType":"SAFETY_MSG","senderId":"15f4eee5f864e77f1c51c1af3f9f929ff03770eebf0c8b191dd12c3650ef54bf","receiverId":"BROADCAST","outcome":"SENT","latencyMs":0,"isMalicious":false}
[DashboardServer] {"type":"PACKET_EVENT","msgType":"SAFETY_MSG","senderId":"86985ce93f062b1d3e1f26bc456dc6f046432363ff0d92b1728c63537939fa19","receiverId":"BROADCAST","outcome":"SENT","latencyMs":0,"isMalicious":false}
[DashboardServer] {"type":"PACKET_EVENT","msgType":"SAFETY_MSG","senderId":"dd9f86eefbc290fa473a0b63d382b568c06ad2279c679aded6248f350deeab87","receiverId":"BROADCAST","outcome":"SENT","latencyMs":0,"isMalicious":false}
[DashboardServer] {"type":"STATS_UPDATE","zkProofsPerSec": 66.7, "cacheHitRate": 0.000000}
[DashboardServer] {"type":"STATS_UPDATE","zkProofsPerSec": 66.7, "cacheHitRate": 0.000000}
[DashboardServer] {"type":"PACKET_EVENT","msgType":"SAFETY_MSG","senderId":"15f4eee5f864e77f1c51c1af3f9f929ff03770eebf0c8b191dd12c3650ef54bf","receiverId":"BROADCAST","outcome":"SENT","latencyMs":0,"isMalicious":false}
[DashboardServer] {"type":"PACKET_EVENT","msgType":"SAFETY_MSG","senderId":"86985ce93f062b1d3e1f26bc456dc6f046432363ff0d92b1728c63537939fa19","receiverId":"BROADCAST","outcome":"SENT","latencyMs":0,"isMalicious":false}
[DashboardServer] {"type":"PACKET_EVENT","msgType":"SAFETY_MSG","senderId":"dd9f86eefbc290fa473a0b63d382b568c06ad2279c679aded6248f350deeab87","receiverId":"BROADCAST","outcome":"SENT","latencyMs":0,"isMalicious":false}
[DashboardServer] {"type":"STATS_UPDATE","zkProofsPerSec": 66.7, "cacheHitRate": 0.000000}
[DashboardServer] {"type":"STATS_UPDATE","zkProofsPerSec": 66.7, "cacheHitRate": 0.000000}
[DashboardServer] {"type":"PACKET_EVENT","msgType":"SAFETY_MSG","senderId":"15f4eee5f864e77f1c51c1af3f9f929ff03770eebf0c8b191dd12c3650ef54bf","receiverId":"BROADCAST","outcome":"SENT","latencyMs":0,"isMalicious":false}
[DashboardServer] {"type":"PACKET_EVENT","msgType":"SAFETY_MSG","senderId":"86985ce93f062b1d3e1f26bc456dc6f046432363ff0d92b1728c63537939fa19","receiverId":"BROADCAST","outcome":"SENT","latencyMs":0,"isMalicious":false}
[DashboardServer] {"type":"PACKET_EVENT","msgType":"SAFETY_MSG","senderId":"dd9f86eefbc290fa473a0b63d382b568c06ad2279c679aded6248f350deeab87","receiverId":"BROADCAST","outcome":"SENT","latencyMs":0,"isMalicious":false}
[DashboardServer] {"type":"STATS_UPDATE","zkProofsPerSec": 66.7, "cacheHitRate": 0.000000}
[DashboardServer] {"type":"STATS_UPDATE","zkProofsPerSec": 66.7, "cacheHitRate": 0.000000}
[DashboardServer] {"type":"PACKET_EVENT","msgType":"SAFETY_MSG","senderId":"15f4eee5f864e77f1c51c1af3f9f929ff03770eebf0c8b191dd12c3650ef54bf","receiverId":"BROADCAST","outcome":"SENT","latencyMs":0,"isMalicious":false}
[DashboardServer] {"type":"PACKET_EVENT","msgType":"SAFETY_MSG","senderId":"86985ce93f062b1d3e1f26bc456dc6f046432363ff0d92b1728c63537939fa19","receiverId":"BROADCAST","outcome":"SENT","latencyMs":0,"isMalicious":false}
[DashboardServer] {"type":"PACKET_EVENT","msgType":"SAFETY_MSG","senderId":"dd9f86eefbc290fa473a0b63d382b568c06ad2279c679aded6248f350deeab87","receiverId":"BROADCAST","outcome":"SENT","latencyMs":0,"isMalicious":false}
[DashboardServer] {"type":"STATS_UPDATE","zkProofsPerSec": 66.7, "cacheHitRate": 0.000000}
[DashboardServer] {"type":"STATS_UPDATE","zkProofsPerSec": 66.7, "cacheHitRate": 0.000000}
[DashboardServer] {"type":"PACKET_EVENT","msgType":"SAFETY_MSG","senderId":"15f4eee5f864e77f1c51c1af3f9f929ff03770eebf0c8b191dd12c3650ef54bf","receiverId":"BROADCAST","outcome":"SENT","latencyMs":0,"isMalicious":false}
[DashboardServer] {"type":"PACKET_EVENT","msgType":"SAFETY_MSG","senderId":"86985ce93f062b1d3e1f26bc456dc6f046432363ff0d92b1728c63537939fa19","receiverId":"BROADCAST","outcome":"SENT","latencyMs":0,"isMalicious":false}
[DashboardServer] {"type":"PACKET_EVENT","msgType":"SAFETY_MSG","senderId":"dd9f86eefbc290fa473a0b63d382b568c06ad2279c679aded6248f350deeab87","receiverId":"BROADCAST","outcome":"SENT","latencyMs":0,"isMalicious":false}
[DashboardServer] {"type":"STATS_UPDATE","zkProofsPerSec": 66.7, "cacheHitRate": 0.000000}
[DashboardServer] {"type":"STATS_UPDATE","zkProofsPerSec": 66.7, "cacheHitRate": 0.000000}
[DashboardServer] {"type":"PACKET_EVENT","msgType":"SAFETY_MSG","senderId":"15f4eee5f864e77f1c51c1af3f9f929ff03770eebf0c8b191dd12c3650ef54bf","receiverId":"BROADCAST","outcome":"SENT","latencyMs":0,"isMalicious":false}
[DashboardServer] {"type":"PACKET_EVENT","msgType":"SAFETY_MSG","senderId":"86985ce93f062b1d3e1f26bc456dc6f046432363ff0d92b1728c63537939fa19","receiverId":"BROADCAST","outcome":"SENT","latencyMs":0,"isMalicious":false}
[DashboardServer] {"type":"PACKET_EVENT","msgType":"SAFETY_MSG","senderId":"dd9f86eefbc290fa473a0b63d382b568c06ad2279c679aded6248f350deeab87","receiverId":"BROADCAST","outcome":"SENT","latencyMs":0,"isMalicious":false}
[DashboardServer] {"type":"VEHICLE_UPDATE","vehicleId":"node[3]","pseudonym":"eb54ee6bc4c9e1a6401615599da94978994bb6f420ea34755384fd7a47949e09","h0":"bc1b41aa3aaf98129583fe6e29bbc4c17d2344266db9c295c74b742f113e689c","posX":1525,"posY":28.2,"epoch":0,"threshold":1,"neighbours":0,"isMalicious":false,"maliciousMode":"NONE","status":"OK"}
[DashboardServer] {"type":"STATS_UPDATE","zkProofsPerSec": 66.7, "cacheHitRate": 0.000000}
[DashboardServer] {"type":"STATS_UPDATE","zkProofsPerSec": 66.7, "cacheHitRate": 0.000000}
[DashboardServer] {"type":"PACKET_EVENT","msgType":"SAFETY_MSG","senderId":"15f4eee5f864e77f1c51c1af3f9f929ff03770eebf0c8b191dd12c3650ef54bf","receiverId":"BROADCAST","outcome":"SENT","latencyMs":0,"isMalicious":false}
[DashboardServer] {"type":"PACKET_EVENT","msgType":"SAFETY_MSG","senderId":"86985ce93f062b1d3e1f26bc456dc6f046432363ff0d92b1728c63537939fa19","receiverId":"BROADCAST","outcome":"SENT","latencyMs":0,"isMalicious":false}
[DashboardServer] {"type":"PACKET_EVENT","msgType":"SAFETY_MSG","senderId":"dd9f86eefbc290fa473a0b63d382b568c06ad2279c679aded6248f350deeab87","receiverId":"BROADCAST","outcome":"SENT","latencyMs":0,"isMalicious":false}
[DashboardServer] {"type":"PACKET_EVENT","msgType":"SAFETY_MSG","senderId":"eb54ee6bc4c9e1a6401615599da94978994bb6f420ea34755384fd7a47949e09","receiverId":"BROADCAST","outcome":"SENT","latencyMs":0,"isMalicious":false}
[DashboardServer] {"type":"STATS_UPDATE","zkProofsPerSec": 66.7, "cacheHitRate": 0.000000}
[DashboardServer] {"type":"STATS_UPDATE","zkProofsPerSec": 66.7, "cacheHitRate": 0.000000}
[DashboardServer] {"type":"PACKET_EVENT","msgType":"SAFETY_MSG","senderId":"15f4eee5f864e77f1c51c1af3f9f929ff03770eebf0c8b191dd12c3650ef54bf","receiverId":"BROADCAST","outcome":"SENT","latencyMs":0,"isMalicious":false}
[DashboardServer] {"type":"PACKET_EVENT","msgType":"SAFETY_MSG","senderId":"86985ce93f062b1d3e1f26bc456dc6f046432363ff0d92b1728c63537939fa19","receiverId":"BROADCAST","outcome":"SENT","latencyMs":0,"isMalicious":false}
[DashboardServer] {"type":"PACKET_EVENT","msgType":"SAFETY_MSG","senderId":"dd9f86eefbc290fa473a0b63d382b568c06ad2279c679aded6248f350deeab87","receiverId":"BROADCAST","outcome":"SENT","latencyMs":0,"isMalicious":false}
[DashboardServer] {"type":"PACKET_EVENT","msgType":"SAFETY_MSG","senderId":"eb54ee6bc4c9e1a6401615599da94978994bb6f420ea34755384fd7a47949e09","receiverId":"BROADCAST","outcome":"SENT","latencyMs":0,"isMalicious":false}
[DashboardServer] {"type":"STATS_UPDATE","zkProofsPerSec": 66.7, "cacheHitRate": 0.000000}
[DashboardServer] {"type":"STATS_UPDATE","zkProofsPerSec": 66.7, "cacheHitRate": 0.000000}
[DashboardServer] {"type":"PACKET_EVENT","msgType":"SAFETY_MSG","senderId":"15f4eee5f864e77f1c51c1af3f9f929ff03770eebf0c8b191dd12c3650ef54bf","receiverId":"BROADCAST","outcome":"SENT","latencyMs":0,"isMalicious":false}
[DashboardServer] {"type":"PACKET_EVENT","msgType":"SAFETY_MSG","senderId":"86985ce93f062b1d3e1f26bc456dc6f046432363ff0d92b1728c63537939fa19","receiverId":"BROADCAST","outcome":"SENT","latencyMs":0,"isMalicious":false}
[DashboardServer] {"type":"PACKET_EVENT","msgType":"SAFETY_MSG","senderId":"dd9f86eefbc290fa473a0b63d382b568c06ad2279c679aded6248f350deeab87","receiverId":"BROADCAST","outcome":"SENT","latencyMs":0,"isMalicious":false}
[DashboardServer] {"type":"PACKET_EVENT","msgType":"SAFETY_MSG","senderId":"eb54ee6bc4c9e1a6401615599da94978994bb6f420ea34755384fd7a47949e09","receiverId":"BROADCAST","outcome":"SENT","latencyMs":0,"isMalicious":false}
[DashboardServer] {"type":"STATS_UPDATE","zkProofsPerSec": 66.7, "cacheHitRate": 0.000000}
[DashboardServer] {"type":"STATS_UPDATE","zkProofsPerSec": 66.7, "cacheHitRate": 0.000000}
[DashboardServer] {"type":"PACKET_EVENT","msgType":"SAFETY_MSG","senderId":"15f4eee5f864e77f1c51c1af3f9f929ff03770eebf0c8b191dd12c3650ef54bf","receiverId":"BROADCAST","outcome":"SENT","latencyMs":0,"isMalicious":false}
[DashboardServer] {"type":"PACKET_EVENT","msgType":"SAFETY_MSG","senderId":"86985ce93f062b1d3e1f26bc456dc6f046432363ff0d92b1728c63537939fa19","receiverId":"BROADCAST","outcome":"SENT","latencyMs":0,"isMalicious":false}
[DashboardServer] {"type":"PACKET_EVENT","msgType":"SAFETY_MSG","senderId":"dd9f86eefbc290fa473a0b63d382b568c06ad2279c679aded6248f350deeab87","receiverId":"BROADCAST","outcome":"SENT","latencyMs":0,"isMalicious":false}
[DashboardServer] {"type":"PACKET_EVENT","msgType":"SAFETY_MSG","senderId":"eb54ee6bc4c9e1a6401615599da94978994bb6f420ea34755384fd7a47949e09","receiverId":"BROADCAST","outcome":"SENT","latencyMs":0,"isMalicious":false}
[DashboardServer] {"type":"STATS_UPDATE","zkProofsPerSec": 66.7, "cacheHitRate": 0.000000}
[DashboardServer] {"type":"STATS_UPDATE","zkProofsPerSec": 66.7, "cacheHitRate": 0.000000}
[DashboardServer] {"type":"PACKET_EVENT","msgType":"SAFETY_MSG","senderId":"15f4eee5f864e77f1c51c1af3f9f929ff03770eebf0c8b191dd12c3650ef54bf","receiverId":"BROADCAST","outcome":"SENT","latencyMs":0,"isMalicious":false}
[DashboardServer] {"type":"PACKET_EVENT","msgType":"SAFETY_MSG","senderId":"86985ce93f062b1d3e1f26bc456dc6f046432363ff0d92b1728c63537939fa19","receiverId":"BROADCAST","outcome":"SENT","latencyMs":0,"isMalicious":false}
[DashboardServer] {"type":"PACKET_EVENT","msgType":"SAFETY_MSG","senderId":"dd9f86eefbc290fa473a0b63d382b568c06ad2279c679aded6248f350deeab87","receiverId":"BROADCAST","outcome":"SENT","latencyMs":0,"isMalicious":false}
[DashboardServer] {"type":"PACKET_EVENT","msgType":"SAFETY_MSG","senderId":"eb54ee6bc4c9e1a6401615599da94978994bb6f420ea34755384fd7a47949e09","receiverId":"BROADCAST","outcome":"SENT","latencyMs":0,"isMalicious":false}
[DashboardServer] {"type":"STATS_UPDATE","zkProofsPerSec": 66.7, "cacheHitRate": 0.000000}
[DashboardServer] {"type":"STATS_UPDATE","zkProofsPerSec": 66.7, "cacheHitRate": 0.000000}
[DashboardServer] {"type":"PACKET_EVENT","msgType":"SAFETY_MSG","senderId":"15f4eee5f864e77f1c51c1af3f9f929ff03770eebf0c8b191dd12c3650ef54bf","receiverId":"BROADCAST","outcome":"SENT","latencyMs":0,"isMalicious":false}
[DashboardServer] {"type":"PACKET_EVENT","msgType":"SAFETY_MSG","senderId":"86985ce93f062b1d3e1f26bc456dc6f046432363ff0d92b1728c63537939fa19","receiverId":"BROADCAST","outcome":"SENT","latencyMs":0,"isMalicious":false}
[DashboardServer] {"type":"PACKET_EVENT","msgType":"SAFETY_MSG","senderId":"dd9f86eefbc290fa473a0b63d382b568c06ad2279c679aded6248f350deeab87","receiverId":"BROADCAST","outcome":"SENT","latencyMs":0,"isMalicious":false}
[DashboardServer] {"type":"PACKET_EVENT","msgType":"SAFETY_MSG","senderId":"eb54ee6bc4c9e1a6401615599da94978994bb6f420ea34755384fd7a47949e09","receiverId":"BROADCAST","outcome":"SENT","latencyMs":0,"isMalicious":false}
[DashboardServer] {"type":"STATS_UPDATE","zkProofsPerSec": 66.7, "cacheHitRate": 0.000000}
[DashboardServer] {"type":"STATS_UPDATE","zkProofsPerSec": 66.7, "cacheHitRate": 0.000000}
[DashboardServer] {"type":"PACKET_EVENT","msgType":"SAFETY_MSG","senderId":"15f4eee5f864e77f1c51c1af3f9f929ff03770eebf0c8b191dd12c3650ef54bf","receiverId":"BROADCAST","outcome":"SENT","latencyMs":0,"isMalicious":false}
[DashboardServer] {"type":"PACKET_EVENT","msgType":"SAFETY_MSG","senderId":"86985ce93f062b1d3e1f26bc456dc6f046432363ff0d92b1728c63537939fa19","receiverId":"BROADCAST","outcome":"SENT","latencyMs":0,"isMalicious":false}
[DashboardServer] {"type":"PACKET_EVENT","msgType":"SAFETY_MSG","senderId":"dd9f86eefbc290fa473a0b63d382b568c06ad2279c679aded6248f350deeab87","receiverId":"BROADCAST","outcome":"SENT","latencyMs":0,"isMalicious":false}
[DashboardServer] {"type":"PACKET_EVENT","msgType":"SAFETY_MSG","senderId":"eb54ee6bc4c9e1a6401615599da94978994bb6f420ea34755384fd7a47949e09","receiverId":"BROADCAST","outcome":"SENT","latencyMs":0,"isMalicious":false}
[DashboardServer] {"type":"STATS_UPDATE","zkProofsPerSec": 66.7, "cacheHitRate": 0.000000}
[DashboardServer] {"type":"STATS_UPDATE","zkProofsPerSec": 66.7, "cacheHitRate": 0.000000}
[DashboardServer] {"type":"PACKET_EVENT","msgType":"SAFETY_MSG","senderId":"15f4eee5f864e77f1c51c1af3f9f929ff03770eebf0c8b191dd12c3650ef54bf","receiverId":"BROADCAST","outcome":"SENT","latencyMs":0,"isMalicious":false}
[DashboardServer] {"type":"PACKET_EVENT","msgType":"SAFETY_MSG","senderId":"86985ce93f062b1d3e1f26bc456dc6f046432363ff0d92b1728c63537939fa19","receiverId":"BROADCAST","outcome":"SENT","latencyMs":0,"isMalicious":false}
[DashboardServer] {"type":"PACKET_EVENT","msgType":"SAFETY_MSG","senderId":"dd9f86eefbc290fa473a0b63d382b568c06ad2279c679aded6248f350deeab87","receiverId":"BROADCAST","outcome":"SENT","latencyMs":0,"isMalicious":false}
[DashboardServer] {"type":"PACKET_EVENT","msgType":"SAFETY_MSG","senderId":"eb54ee6bc4c9e1a6401615599da94978994bb6f420ea34755384fd7a47949e09","receiverId":"BROADCAST","outcome":"SENT","latencyMs":0,"isMalicious":false}
[DashboardServer] {"type":"STATS_UPDATE","zkProofsPerSec": 66.7, "cacheHitRate": 0.000000}
[DashboardServer] {"type":"STATS_UPDATE","zkProofsPerSec": 66.7, "cacheHitRate": 0.000000}
[DashboardServer] {"type":"PACKET_EVENT","msgType":"SAFETY_MSG","senderId":"15f4eee5f864e77f1c51c1af3f9f929ff03770eebf0c8b191dd12c3650ef54bf","receiverId":"BROADCAST","outcome":"SENT","latencyMs":0,"isMalicious":false}
[DashboardServer] {"type":"PACKET_EVENT","msgType":"SAFETY_MSG","senderId":"86985ce93f062b1d3e1f26bc456dc6f046432363ff0d92b1728c63537939fa19","receiverId":"BROADCAST","outcome":"SENT","latencyMs":0,"isMalicious":false}
[DashboardServer] {"type":"PACKET_EVENT","msgType":"SAFETY_MSG","senderId":"dd9f86eefbc290fa473a0b63d382b568c06ad2279c679aded6248f350deeab87","receiverId":"BROADCAST","outcome":"SENT","latencyMs":0,"isMalicious":false}
[DashboardServer] {"type":"PACKET_EVENT","msgType":"SAFETY_MSG","senderId":"eb54ee6bc4c9e1a6401615599da94978994bb6f420ea34755384fd7a47949e09","receiverId":"BROADCAST","outcome":"SENT","latencyMs":0,"isMalicious":false}
[DashboardServer] {"type":"STATS_UPDATE","zkProofsPerSec": 66.7, "cacheHitRate": 0.000000}
[DashboardServer] {"type":"STATS_UPDATE","zkProofsPerSec": 66.7, "cacheHitRate": 0.000000}
[DashboardServer] {"type":"STATS_UPDATE","zkProofsPerSec": 66.7, "cacheHitRate": 0.000000}
[DashboardServer] {"type":"PACKET_EVENT","msgType":"SAFETY_MSG","senderId":"15f4eee5f864e77f1c51c1af3f9f929ff03770eebf0c8b191dd12c3650ef54bf","receiverId":"BROADCAST","outcome":"SENT","latencyMs":0,"isMalicious":false}
[DashboardServer] {"type":"PACKET_EVENT","msgType":"SAFETY_MSG","senderId":"86985ce93f062b1d3e1f26bc456dc6f046432363ff0d92b1728c63537939fa19","receiverId":"BROADCAST","outcome":"SENT","latencyMs":0,"isMalicious":false}
[DashboardServer] {"type":"PACKET_EVENT","msgType":"SAFETY_MSG","senderId":"dd9f86eefbc290fa473a0b63d382b568c06ad2279c679aded6248f350deeab87","receiverId":"BROADCAST","outcome":"SENT","latencyMs":0,"isMalicious":false}
[DashboardServer] {"type":"PACKET_EVENT","msgType":"SAFETY_MSG","senderId":"eb54ee6bc4c9e1a6401615599da94978994bb6f420ea34755384fd7a47949e09","receiverId":"BROADCAST","outcome":"SENT","latencyMs":0,"isMalicious":false}
[DashboardServer] {"type":"STATS_UPDATE","zkProofsPerSec": 66.7, "cacheHitRate": 0.000000}
[DashboardServer] {"type":"STATS_UPDATE","zkProofsPerSec": 66.7, "cacheHitRate": 0.000000}
[DashboardServer] {"type":"PACKET_EVENT","msgType":"SAFETY_MSG","senderId":"15f4eee5f864e77f1c51c1af3f9f929ff03770eebf0c8b191dd12c3650ef54bf","receiverId":"BROADCAST","outcome":"SENT","latencyMs":0,"isMalicious":false}
[DashboardServer] {"type":"PACKET_EVENT","msgType":"SAFETY_MSG","senderId":"86985ce93f062b1d3e1f26bc456dc6f046432363ff0d92b1728c63537939fa19","receiverId":"BROADCAST","outcome":"SENT","latencyMs":0,"isMalicious":false}
[DashboardServer] {"type":"PACKET_EVENT","msgType":"SAFETY_MSG","senderId":"dd9f86eefbc290fa473a0b63d382b568c06ad2279c679aded6248f350deeab87","receiverId":"BROADCAST","outcome":"SENT","latencyMs":0,"isMalicious":false}
[DashboardServer] {"type":"PACKET_EVENT","msgType":"SAFETY_MSG","senderId":"eb54ee6bc4c9e1a6401615599da94978994bb6f420ea34755384fd7a47949e09","receiverId":"BROADCAST","outcome":"SENT","latencyMs":0,"isMalicious":false}
[DashboardServer] {"type":"STATS_UPDATE","zkProofsPerSec": 66.7, "cacheHitRate": 0.000000}
[DashboardServer] {"type":"STATS_UPDATE","zkProofsPerSec": 66.7, "cacheHitRate": 0.000000}
[DashboardServer] {"type":"STATS_UPDATE","zkProofsPerSec": 66.7, "cacheHitRate": 0.000000}
[DashboardServer] {"type":"PACKET_EVENT","msgType":"SAFETY_MSG","senderId":"15f4eee5f864e77f1c51c1af3f9f929ff03770eebf0c8b191dd12c3650ef54bf","receiverId":"BROADCAST","outcome":"SENT","latencyMs":0,"isMalicious":false}
[DashboardServer] {"type":"PACKET_EVENT","msgType":"SAFETY_MSG","senderId":"86985ce93f062b1d3e1f26bc456dc6f046432363ff0d92b1728c63537939fa19","receiverId":"BROADCAST","outcome":"SENT","latencyMs":0,"isMalicious":false}
[DashboardServer] {"type":"PACKET_EVENT","msgType":"SAFETY_MSG","senderId":"dd9f86eefbc290fa473a0b63d382b568c06ad2279c679aded6248f350deeab87","receiverId":"BROADCAST","outcome":"SENT","latencyMs":0,"isMalicious":false}
[DashboardServer] {"type":"PACKET_EVENT","msgType":"SAFETY_MSG","senderId":"eb54ee6bc4c9e1a6401615599da94978994bb6f420ea34755384fd7a47949e09","receiverId":"BROADCAST","outcome":"SENT","latencyMs":0,"isMalicious":false}
[DashboardServer] {"type":"STATS_UPDATE","zkProofsPerSec": 66.7, "cacheHitRate": 0.000000}
[DashboardServer] {"type":"STATS_UPDATE","zkProofsPerSec": 66.7, "cacheHitRate": 0.000000}
[DashboardServer] {"type":"STATS_UPDATE","zkProofsPerSec": 66.7, "cacheHitRate": 0.000000}
[DashboardServer] {"type":"PACKET_EVENT","msgType":"SAFETY_MSG","senderId":"15f4eee5f864e77f1c51c1af3f9f929ff03770eebf0c8b191dd12c3650ef54bf","receiverId":"BROADCAST","outcome":"SENT","latencyMs":0,"isMalicious":false}
[DashboardServer] {"type":"PACKET_EVENT","msgType":"SAFETY_MSG","senderId":"86985ce93f062b1d3e1f26bc456dc6f046432363ff0d92b1728c63537939fa19","receiverId":"BROADCAST","outcome":"SENT","latencyMs":0,"isMalicious":false}
[DashboardServer] {"type":"PACKET_EVENT","msgType":"SAFETY_MSG","senderId":"dd9f86eefbc290fa473a0b63d382b568c06ad2279c679aded6248f350deeab87","receiverId":"BROADCAST","outcome":"SENT","latencyMs":0,"isMalicious":false}
[DashboardServer] {"type":"PACKET_EVENT","msgType":"SAFETY_MSG","senderId":"eb54ee6bc4c9e1a6401615599da94978994bb6f420ea34755384fd7a47949e09","receiverId":"BROADCAST","outcome":"SENT","latencyMs":0,"isMalicious":false}
[DashboardServer] {"type":"STATS_UPDATE","zkProofsPerSec": 66.7, "cacheHitRate": 0.000000}
[DashboardServer] {"type":"STATS_UPDATE","zkProofsPerSec": 66.7, "cacheHitRate": 0.000000}
[DashboardServer] {"type":"PACKET_EVENT","msgType":"SAFETY_MSG","senderId":"15f4eee5f864e77f1c51c1af3f9f929ff03770eebf0c8b191dd12c3650ef54bf","receiverId":"BROADCAST","outcome":"SENT","latencyMs":0,"isMalicious":false}
[DashboardServer] {"type":"PACKET_EVENT","msgType":"SAFETY_MSG","senderId":"86985ce93f062b1d3e1f26bc456dc6f046432363ff0d92b1728c63537939fa19","receiverId":"BROADCAST","outcome":"SENT","latencyMs":0,"isMalicious":false}
[DashboardServer] {"type":"PACKET_EVENT","msgType":"SAFETY_MSG","senderId":"dd9f86eefbc290fa473a0b63d382b568c06ad2279c679aded6248f350deeab87","receiverId":"BROADCAST","outcome":"SENT","latencyMs":0,"isMalicious":false}
[DashboardServer] {"type":"PACKET_EVENT","msgType":"SAFETY_MSG","senderId":"eb54ee6bc4c9e1a6401615599da94978994bb6f420ea34755384fd7a47949e09","receiverId":"BROADCAST","outcome":"SENT","latencyMs":0,"isMalicious":false}
[DashboardServer] {"type":"STATS_UPDATE","zkProofsPerSec": 66.7, "cacheHitRate": 0.000000}
[DashboardServer] {"type":"STATS_UPDATE","zkProofsPerSec": 66.7, "cacheHitRate": 0.000000}
[DashboardServer] {"type":"STATS_UPDATE","zkProofsPerSec": 66.7, "cacheHitRate": 0.000000}
[DashboardServer] {"type":"PACKET_EVENT","msgType":"SAFETY_MSG","senderId":"15f4eee5f864e77f1c51c1af3f9f929ff03770eebf0c8b191dd12c3650ef54bf","receiverId":"BROADCAST","outcome":"SENT","latencyMs":0,"isMalicious":false}
[DashboardServer] {"type":"PACKET_EVENT","msgType":"SAFETY_MSG","senderId":"86985ce93f062b1d3e1f26bc456dc6f046432363ff0d92b1728c63537939fa19","receiverId":"BROADCAST","outcome":"SENT","latencyMs":0,"isMalicious":false}
[DashboardServer] {"type":"PACKET_EVENT","msgType":"SAFETY_MSG","senderId":"dd9f86eefbc290fa473a0b63d382b568c06ad2279c679aded6248f350deeab87","receiverId":"BROADCAST","outcome":"SENT","latencyMs":0,"isMalicious":false}
[DashboardServer] {"type":"PACKET_EVENT","msgType":"SAFETY_MSG","senderId":"eb54ee6bc4c9e1a6401615599da94978994bb6f420ea34755384fd7a47949e09","receiverId":"BROADCAST","outcome":"SENT","latencyMs":0,"isMalicious":false}
[DashboardServer] {"type":"STATS_UPDATE","zkProofsPerSec": 66.7, "cacheHitRate": 0.000000}
[DashboardServer] {"type":"STATS_UPDATE","zkProofsPerSec": 66.7, "cacheHitRate": 0.000000}
[DashboardServer] {"type":"STATS_UPDATE","zkProofsPerSec": 66.7, "cacheHitRate": 0.000000}
[DashboardServer] {"type":"PACKET_EVENT","msgType":"SAFETY_MSG","senderId":"15f4eee5f864e77f1c51c1af3f9f929ff03770eebf0c8b191dd12c3650ef54bf","receiverId":"BROADCAST","outcome":"SENT","latencyMs":0,"isMalicious":false}
[DashboardServer] {"type":"PACKET_EVENT","msgType":"SAFETY_MSG","senderId":"86985ce93f062b1d3e1f26bc456dc6f046432363ff0d92b1728c63537939fa19","receiverId":"BROADCAST","outcome":"SENT","latencyMs":0,"isMalicious":false}
[DashboardServer] {"type":"PACKET_EVENT","msgType":"SAFETY_MSG","senderId":"dd9f86eefbc290fa473a0b63d382b568c06ad2279c679aded6248f350deeab87","receiverId":"BROADCAST","outcome":"SENT","latencyMs":0,"isMalicious":false}
[DashboardServer] {"type":"PACKET_EVENT","msgType":"SAFETY_MSG","senderId":"eb54ee6bc4c9e1a6401615599da94978994bb6f420ea34755384fd7a47949e09","receiverId":"BROADCAST","outcome":"SENT","latencyMs":0,"isMalicious":false}
[DashboardServer] {"type":"STATS_UPDATE","zkProofsPerSec": 66.7, "cacheHitRate": 0.000000}
[DashboardServer] {"type":"STATS_UPDATE","zkProofsPerSec": 66.7, "cacheHitRate": 0.000000}
[DashboardServer] {"type":"PACKET_EVENT","msgType":"SAFETY_MSG","senderId":"15f4eee5f864e77f1c51c1af3f9f929ff03770eebf0c8b191dd12c3650ef54bf","receiverId":"BROADCAST","outcome":"SENT","latencyMs":0,"isMalicious":false}
[DashboardServer] {"type":"PACKET_EVENT","msgType":"SAFETY_MSG","senderId":"86985ce93f062b1d3e1f26bc456dc6f046432363ff0d92b1728c63537939fa19","receiverId":"BROADCAST","outcome":"SENT","latencyMs":0,"isMalicious":false}
[DashboardServer] {"type":"PACKET_EVENT","msgType":"SAFETY_MSG","senderId":"dd9f86eefbc290fa473a0b63d382b568c06ad2279c679aded6248f350deeab87","receiverId":"BROADCAST","outcome":"SENT","latencyMs":0,"isMalicious":false}
[DashboardServer] {"type":"PACKET_EVENT","msgType":"SAFETY_MSG","senderId":"eb54ee6bc4c9e1a6401615599da94978994bb6f420ea34755384fd7a47949e09","receiverId":"BROADCAST","outcome":"SENT","latencyMs":0,"isMalicious":false}
[DashboardServer] {"type":"STATS_UPDATE","zkProofsPerSec": 66.7, "cacheHitRate": 0.000000}
[DashboardServer] {"type":"STATS_UPDATE","zkProofsPerSec": 66.7, "cacheHitRate": 0.000000}
[DashboardServer] {"type":"STATS_UPDATE","zkProofsPerSec": 66.7, "cacheHitRate": 0.000000}
[DashboardServer] {"type":"PACKET_EVENT","msgType":"SAFETY_MSG","senderId":"15f4eee5f864e77f1c51c1af3f9f929ff03770eebf0c8b191dd12c3650ef54bf","receiverId":"BROADCAST","outcome":"SENT","latencyMs":0,"isMalicious":false}
[DashboardServer] {"type":"PACKET_EVENT","msgType":"SAFETY_MSG","senderId":"86985ce93f062b1d3e1f26bc456dc6f046432363ff0d92b1728c63537939fa19","receiverId":"BROADCAST","outcome":"SENT","latencyMs":0,"isMalicious":false}
[DashboardServer] {"type":"PACKET_EVENT","msgType":"SAFETY_MSG","senderId":"dd9f86eefbc290fa473a0b63d382b568c06ad2279c679aded6248f350deeab87","receiverId":"BROADCAST","outcome":"SENT","latencyMs":0,"isMalicious":false}
[DashboardServer] {"type":"PACKET_EVENT","msgType":"SAFETY_MSG","senderId":"eb54ee6bc4c9e1a6401615599da94978994bb6f420ea34755384fd7a47949e09","receiverId":"BROADCAST","outcome":"SENT","latencyMs":0,"isMalicious":false}
[DashboardServer] {"type":"STATS_UPDATE","zkProofsPerSec": 66.7, "cacheHitRate": 0.000000}
[DashboardServer] {"type":"STATS_UPDATE","zkProofsPerSec": 66.7, "cacheHitRate": 0.000000}
[DashboardServer] {"type":"STATS_UPDATE","zkProofsPerSec": 66.7, "cacheHitRate": 0.000000}
[DashboardServer] {"type":"PACKET_EVENT","msgType":"SAFETY_MSG","senderId":"15f4eee5f864e77f1c51c1af3f9f929ff03770eebf0c8b191dd12c3650ef54bf","receiverId":"BROADCAST","outcome":"SENT","latencyMs":0,"isMalicious":false}
[DashboardServer] {"type":"PACKET_EVENT","msgType":"SAFETY_MSG","senderId":"86985ce93f062b1d3e1f26bc456dc6f046432363ff0d92b1728c63537939fa19","receiverId":"BROADCAST","outcome":"SENT","latencyMs":0,"isMalicious":false}
[DashboardServer] {"type":"PACKET_EVENT","msgType":"SAFETY_MSG","senderId":"dd9f86eefbc290fa473a0b63d382b568c06ad2279c679aded6248f350deeab87","receiverId":"BROADCAST","outcome":"SENT","latencyMs":0,"isMalicious":false}
[DashboardServer] {"type":"PACKET_EVENT","msgType":"SAFETY_MSG","senderId":"eb54ee6bc4c9e1a6401615599da94978994bb6f420ea34755384fd7a47949e09","receiverId":"BROADCAST","outcome":"SENT","latencyMs":0,"isMalicious":false}
[DashboardServer] {"type":"STATS_UPDATE","zkProofsPerSec": 66.7, "cacheHitRate": 0.000000}
[DashboardServer] {"type":"STATS_UPDATE","zkProofsPerSec": 66.7, "cacheHitRate": 0.000000}
[DashboardServer] {"type":"PACKET_EVENT","msgType":"SAFETY_MSG","senderId":"15f4eee5f864e77f1c51c1af3f9f929ff03770eebf0c8b191dd12c3650ef54bf","receiverId":"BROADCAST","outcome":"SENT","latencyMs":0,"isMalicious":false}
[DashboardServer] {"type":"PACKET_EVENT","msgType":"SAFETY_MSG","senderId":"86985ce93f062b1d3e1f26bc456dc6f046432363ff0d92b1728c63537939fa19","receiverId":"BROADCAST","outcome":"SENT","latencyMs":0,"isMalicious":false}
[DashboardServer] {"type":"PACKET_EVENT","msgType":"SAFETY_MSG","senderId":"dd9f86eefbc290fa473a0b63d382b568c06ad2279c679aded6248f350deeab87","receiverId":"BROADCAST","outcome":"SENT","latencyMs":0,"isMalicious":false}
[DashboardServer] {"type":"PACKET_EVENT","msgType":"SAFETY_MSG","senderId":"eb54ee6bc4c9e1a6401615599da94978994bb6f420ea34755384fd7a47949e09","receiverId":"BROADCAST","outcome":"SENT","latencyMs":0,"isMalicious":false}
[DashboardServer] {"type":"STATS_UPDATE","zkProofsPerSec": 66.7, "cacheHitRate": 0.000000}
[DashboardServer] {"type":"STATS_UPDATE","zkProofsPerSec": 66.7, "cacheHitRate": 0.000000}
[DashboardServer] {"type":"STATS_UPDATE","zkProofsPerSec": 66.7, "cacheHitRate": 0.000000}
[DashboardServer] {"type":"PACKET_EVENT","msgType":"SAFETY_MSG","senderId":"15f4eee5f864e77f1c51c1af3f9f929ff03770eebf0c8b191dd12c3650ef54bf","receiverId":"BROADCAST","outcome":"SENT","latencyMs":0,"isMalicious":false}
[DashboardServer] {"type":"PACKET_EVENT","msgType":"SAFETY_MSG","senderId":"86985ce93f062b1d3e1f26bc456dc6f046432363ff0d92b1728c63537939fa19","receiverId":"BROADCAST","outcome":"SENT","latencyMs":0,"isMalicious":false}
[DashboardServer] {"type":"PACKET_EVENT","msgType":"SAFETY_MSG","senderId":"dd9f86eefbc290fa473a0b63d382b568c06ad2279c679aded6248f350deeab87","receiverId":"BROADCAST","outcome":"SENT","latencyMs":0,"isMalicious":false}
[DashboardServer] {"type":"PACKET_EVENT","msgType":"SAFETY_MSG","senderId":"eb54ee6bc4c9e1a6401615599da94978994bb6f420ea34755384fd7a47949e09","receiverId":"BROADCAST","outcome":"SENT","latencyMs":0,"isMalicious":false}
[DashboardServer] {"type":"STATS_UPDATE","zkProofsPerSec": 66.7, "cacheHitRate": 0.000000}
[DashboardServer] {"type":"STATS_UPDATE","zkProofsPerSec": 66.7, "cacheHitRate": 0.000000}
[DashboardServer] {"type":"STATS_UPDATE","zkProofsPerSec": 66.7, "cacheHitRate": 0.000000}
[DashboardServer] {"type":"PACKET_EVENT","msgType":"SAFETY_MSG","senderId":"15f4eee5f864e77f1c51c1af3f9f929ff03770eebf0c8b191dd12c3650ef54bf","receiverId":"BROADCAST","outcome":"SENT","latencyMs":0,"isMalicious":false}
[DashboardServer] {"type":"PACKET_EVENT","msgType":"SAFETY_MSG","senderId":"86985ce93f062b1d3e1f26bc456dc6f046432363ff0d92b1728c63537939fa19","receiverId":"BROADCAST","outcome":"SENT","latencyMs":0,"isMalicious":false}
[DashboardServer] {"type":"PACKET_EVENT","msgType":"SAFETY_MSG","senderId":"dd9f86eefbc290fa473a0b63d382b568c06ad2279c679aded6248f350deeab87","receiverId":"BROADCAST","outcome":"SENT","latencyMs":0,"isMalicious":false}
[DashboardServer] {"type":"PACKET_EVENT","msgType":"SAFETY_MSG","senderId":"eb54ee6bc4c9e1a6401615599da94978994bb6f420ea34755384fd7a47949e09","receiverId":"BROADCAST","outcome":"SENT","latencyMs":0,"isMalicious":false}
[DashboardServer] {"type":"STATS_UPDATE","zkProofsPerSec": 66.7, "cacheHitRate": 0.000000}
[DashboardServer] {"type":"STATS_UPDATE","zkProofsPerSec": 66.7, "cacheHitRate": 0.000000}
[DashboardServer] {"type":"PACKET_EVENT","msgType":"SAFETY_MSG","senderId":"15f4eee5f864e77f1c51c1af3f9f929ff03770eebf0c8b191dd12c3650ef54bf","receiverId":"BROADCAST","outcome":"SENT","latencyMs":0,"isMalicious":false}
[DashboardServer] {"type":"PACKET_EVENT","msgType":"SAFETY_MSG","senderId":"86985ce93f062b1d3e1f26bc456dc6f046432363ff0d92b1728c63537939fa19","receiverId":"BROADCAST","outcome":"SENT","latencyMs":0,"isMalicious":false}
[DashboardServer] {"type":"PACKET_EVENT","msgType":"SAFETY_MSG","senderId":"dd9f86eefbc290fa473a0b63d382b568c06ad2279c679aded6248f350deeab87","receiverId":"BROADCAST","outcome":"SENT","latencyMs":0,"isMalicious":false}
[DashboardServer] {"type":"PACKET_EVENT","msgType":"SAFETY_MSG","senderId":"eb54ee6bc4c9e1a6401615599da94978994bb6f420ea34755384fd7a47949e09","receiverId":"BROADCAST","outcome":"SENT","latencyMs":0,"isMalicious":false}
[DashboardServer] {"type":"STATS_UPDATE","zkProofsPerSec": 66.7, "cacheHitRate": 0.000000}
[DashboardServer] {"type":"STATS_UPDATE","zkProofsPerSec": 66.7, "cacheHitRate": 0.000000}
[DashboardServer] {"type":"STATS_UPDATE","zkProofsPerSec": 66.7, "cacheHitRate": 0.000000}
[DashboardServer] {"type":"PACKET_EVENT","msgType":"SAFETY_MSG","senderId":"15f4eee5f864e77f1c51c1af3f9f929ff03770eebf0c8b191dd12c3650ef54bf","receiverId":"BROADCAST","outcome":"SENT","latencyMs":0,"isMalicious":false}
[DashboardServer] {"type":"PACKET_EVENT","msgType":"SAFETY_MSG","senderId":"86985ce93f062b1d3e1f26bc456dc6f046432363ff0d92b1728c63537939fa19","receiverId":"BROADCAST","outcome":"SENT","latencyMs":0,"isMalicious":false}
[DashboardServer] {"type":"PACKET_EVENT","msgType":"SAFETY_MSG","senderId":"dd9f86eefbc290fa473a0b63d382b568c06ad2279c679aded6248f350deeab87","receiverId":"BROADCAST","outcome":"SENT","latencyMs":0,"isMalicious":false}
[DashboardServer] {"type":"PACKET_EVENT","msgType":"SAFETY_MSG","senderId":"eb54ee6bc4c9e1a6401615599da94978994bb6f420ea34755384fd7a47949e09","receiverId":"BROADCAST","outcome":"SENT","latencyMs":0,"isMalicious":false}
[DashboardServer] {"type":"STATS_UPDATE","zkProofsPerSec": 66.7, "cacheHitRate": 0.000000}
[DashboardServer] {"type":"STATS_UPDATE","zkProofsPerSec": 66.7, "cacheHitRate": 0.000000}
[DashboardServer] {"type":"STATS_UPDATE","zkProofsPerSec": 66.7, "cacheHitRate": 0.000000}
[DashboardServer] {"type":"PACKET_EVENT","msgType":"SAFETY_MSG","senderId":"15f4eee5f864e77f1c51c1af3f9f929ff03770eebf0c8b191dd12c3650ef54bf","receiverId":"BROADCAST","outcome":"SENT","latencyMs":0,"isMalicious":false}
[DashboardServer] {"type":"PACKET_EVENT","msgType":"SAFETY_MSG","senderId":"86985ce93f062b1d3e1f26bc456dc6f046432363ff0d92b1728c63537939fa19","receiverId":"BROADCAST","outcome":"SENT","latencyMs":0,"isMalicious":false}
[DashboardServer] {"type":"PACKET_EVENT","msgType":"SAFETY_MSG","senderId":"dd9f86eefbc290fa473a0b63d382b568c06ad2279c679aded6248f350deeab87","receiverId":"BROADCAST","outcome":"SENT","latencyMs":0,"isMalicious":false}
[DashboardServer] {"type":"PACKET_EVENT","msgType":"SAFETY_MSG","senderId":"eb54ee6bc4c9e1a6401615599da94978994bb6f420ea34755384fd7a47949e09","receiverId":"BROADCAST","outcome":"SENT","latencyMs":0,"isMalicious":false}
[DashboardServer] {"type":"STATS_UPDATE","zkProofsPerSec": 66.7, "cacheHitRate": 0.000000}
[DashboardServer] {"type":"STATS_UPDATE","zkProofsPerSec": 66.7, "cacheHitRate": 0.000000}
[DashboardServer] {"type":"PACKET_EVENT","msgType":"SAFETY_MSG","senderId":"15f4eee5f864e77f1c51c1af3f9f929ff03770eebf0c8b191dd12c3650ef54bf","receiverId":"BROADCAST","outcome":"SENT","latencyMs":0,"isMalicious":false}
[DashboardServer] {"type":"PACKET_EVENT","msgType":"SAFETY_MSG","senderId":"86985ce93f062b1d3e1f26bc456dc6f046432363ff0d92b1728c63537939fa19","receiverId":"BROADCAST","outcome":"SENT","latencyMs":0,"isMalicious":false}
[DashboardServer] {"type":"PACKET_EVENT","msgType":"SAFETY_MSG","senderId":"dd9f86eefbc290fa473a0b63d382b568c06ad2279c679aded6248f350deeab87","receiverId":"BROADCAST","outcome":"SENT","latencyMs":0,"isMalicious":false}
[DashboardServer] {"type":"PACKET_EVENT","msgType":"SAFETY_MSG","senderId":"eb54ee6bc4c9e1a6401615599da94978994bb6f420ea34755384fd7a47949e09","receiverId":"BROADCAST","outcome":"SENT","latencyMs":0,"isMalicious":false}
[DashboardServer] {"type":"STATS_UPDATE","zkProofsPerSec": 66.7, "cacheHitRate": 0.000000}
[DashboardServer] {"type":"STATS_UPDATE","zkProofsPerSec": 66.7, "cacheHitRate": 0.000000}
[DashboardServer] {"type":"STATS_UPDATE","zkProofsPerSec": 66.7, "cacheHitRate": 0.000000}
[DashboardServer] {"type":"PACKET_EVENT","msgType":"SAFETY_MSG","senderId":"15f4eee5f864e77f1c51c1af3f9f929ff03770eebf0c8b191dd12c3650ef54bf","receiverId":"BROADCAST","outcome":"SENT","latencyMs":0,"isMalicious":false}
[DashboardServer] {"type":"PACKET_EVENT","msgType":"SAFETY_MSG","senderId":"86985ce93f062b1d3e1f26bc456dc6f046432363ff0d92b1728c63537939fa19","receiverId":"BROADCAST","outcome":"SENT","latencyMs":0,"isMalicious":false}
[DashboardServer] {"type":"PACKET_EVENT","msgType":"SAFETY_MSG","senderId":"dd9f86eefbc290fa473a0b63d382b568c06ad2279c679aded6248f350deeab87","receiverId":"BROADCAST","outcome":"SENT","latencyMs":0,"isMalicious":false}
[DashboardServer] {"type":"PACKET_EVENT","msgType":"SAFETY_MSG","senderId":"eb54ee6bc4c9e1a6401615599da94978994bb6f420ea34755384fd7a47949e09","receiverId":"BROADCAST","outcome":"SENT","latencyMs":0,"isMalicious":false}
[DashboardServer] {"type":"STATS_UPDATE","zkProofsPerSec": 66.7, "cacheHitRate": 0.000000}
[DashboardServer] {"type":"STATS_UPDATE","zkProofsPerSec": 66.7, "cacheHitRate": 0.000000}
[DashboardServer] {"type":"STATS_UPDATE","zkProofsPerSec": 66.7, "cacheHitRate": 0.000000}
[DashboardServer] {"type":"PACKET_EVENT","msgType":"SAFETY_MSG","senderId":"15f4eee5f864e77f1c51c1af3f9f929ff03770eebf0c8b191dd12c3650ef54bf","receiverId":"BROADCAST","outcome":"SENT","latencyMs":0,"isMalicious":false}
[DashboardServer] {"type":"PACKET_EVENT","msgType":"SAFETY_MSG","senderId":"86985ce93f062b1d3e1f26bc456dc6f046432363ff0d92b1728c63537939fa19","receiverId":"BROADCAST","outcome":"SENT","latencyMs":0,"isMalicious":false}
[DashboardServer] {"type":"PACKET_EVENT","msgType":"SAFETY_MSG","senderId":"dd9f86eefbc290fa473a0b63d382b568c06ad2279c679aded6248f350deeab87","receiverId":"BROADCAST","outcome":"SENT","latencyMs":0,"isMalicious":false}
[DashboardServer] {"type":"PACKET_EVENT","msgType":"SAFETY_MSG","senderId":"eb54ee6bc4c9e1a6401615599da94978994bb6f420ea34755384fd7a47949e09","receiverId":"BROADCAST","outcome":"SENT","latencyMs":0,"isMalicious":false}
[DashboardServer] {"type":"STATS_UPDATE","zkProofsPerSec": 66.7, "cacheHitRate": 0.000000}
[DashboardServer] {"type":"STATS_UPDATE","zkProofsPerSec": 66.7, "cacheHitRate": 0.000000}
[DashboardServer] {"type":"PACKET_EVENT","msgType":"SAFETY_MSG","senderId":"15f4eee5f864e77f1c51c1af3f9f929ff03770eebf0c8b191dd12c3650ef54bf","receiverId":"BROADCAST","outcome":"SENT","latencyMs":0,"isMalicious":false}
[DashboardServer] {"type":"PACKET_EVENT","msgType":"SAFETY_MSG","senderId":"86985ce93f062b1d3e1f26bc456dc6f046432363ff0d92b1728c63537939fa19","receiverId":"BROADCAST","outcome":"SENT","latencyMs":0,"isMalicious":false}
[DashboardServer] {"type":"PACKET_EVENT","msgType":"SAFETY_MSG","senderId":"dd9f86eefbc290fa473a0b63d382b568c06ad2279c679aded6248f350deeab87","receiverId":"BROADCAST","outcome":"SENT","latencyMs":0,"isMalicious":false}
[DashboardServer] {"type":"PACKET_EVENT","msgType":"SAFETY_MSG","senderId":"eb54ee6bc4c9e1a6401615599da94978994bb6f420ea34755384fd7a47949e09","receiverId":"BROADCAST","outcome":"SENT","latencyMs":0,"isMalicious":false}
[DashboardServer] {"type":"STATS_UPDATE","zkProofsPerSec": 66.7, "cacheHitRate": 0.000000}
[DashboardServer] {"type":"STATS_UPDATE","zkProofsPerSec": 66.7, "cacheHitRate": 0.000000}
[DashboardServer] {"type":"STATS_UPDATE","zkProofsPerSec": 66.7, "cacheHitRate": 0.000000}
[DashboardServer] {"type":"PACKET_EVENT","msgType":"SAFETY_MSG","senderId":"15f4eee5f864e77f1c51c1af3f9f929ff03770eebf0c8b191dd12c3650ef54bf","receiverId":"BROADCAST","outcome":"SENT","latencyMs":0,"isMalicious":false}
[DashboardServer] {"type":"PACKET_EVENT","msgType":"SAFETY_MSG","senderId":"86985ce93f062b1d3e1f26bc456dc6f046432363ff0d92b1728c63537939fa19","receiverId":"BROADCAST","outcome":"SENT","latencyMs":0,"isMalicious":false}
[DashboardServer] {"type":"PACKET_EVENT","msgType":"SAFETY_MSG","senderId":"dd9f86eefbc290fa473a0b63d382b568c06ad2279c679aded6248f350deeab87","receiverId":"BROADCAST","outcome":"SENT","latencyMs":0,"isMalicious":false}
[DashboardServer] {"type":"PACKET_EVENT","msgType":"SAFETY_MSG","senderId":"eb54ee6bc4c9e1a6401615599da94978994bb6f420ea34755384fd7a47949e09","receiverId":"BROADCAST","outcome":"SENT","latencyMs":0,"isMalicious":false}
[DashboardServer] {"type":"STATS_UPDATE","zkProofsPerSec": 66.7, "cacheHitRate": 0.000000}
[DashboardServer] {"type":"STATS_UPDATE","zkProofsPerSec": 66.7, "cacheHitRate": 0.000000}
[DashboardServer] {"type":"STATS_UPDATE","zkProofsPerSec": 66.7, "cacheHitRate": 0.000000}
[DashboardServer] {"type":"PACKET_EVENT","msgType":"SAFETY_MSG","senderId":"15f4eee5f864e77f1c51c1af3f9f929ff03770eebf0c8b191dd12c3650ef54bf","receiverId":"BROADCAST","outcome":"SENT","latencyMs":0,"isMalicious":false}
[DashboardServer] {"type":"PACKET_EVENT","msgType":"SAFETY_MSG","senderId":"86985ce93f062b1d3e1f26bc456dc6f046432363ff0d92b1728c63537939fa19","receiverId":"BROADCAST","outcome":"SENT","latencyMs":0,"isMalicious":false}
[DashboardServer] {"type":"PACKET_EVENT","msgType":"SAFETY_MSG","senderId":"dd9f86eefbc290fa473a0b63d382b568c06ad2279c679aded6248f350deeab87","receiverId":"BROADCAST","outcome":"SENT","latencyMs":0,"isMalicious":false}
[DashboardServer] {"type":"PACKET_EVENT","msgType":"SAFETY_MSG","senderId":"eb54ee6bc4c9e1a6401615599da94978994bb6f420ea34755384fd7a47949e09","receiverId":"BROADCAST","outcome":"SENT","latencyMs":0,"isMalicious":false}
[DashboardServer] {"type":"STATS_UPDATE","zkProofsPerSec": 66.7, "cacheHitRate": 0.000000}
[DashboardServer] {"type":"STATS_UPDATE","zkProofsPerSec": 66.7, "cacheHitRate": 0.000000}
[DashboardServer] {"type":"PACKET_EVENT","msgType":"SAFETY_MSG","senderId":"15f4eee5f864e77f1c51c1af3f9f929ff03770eebf0c8b191dd12c3650ef54bf","receiverId":"BROADCAST","outcome":"SENT","latencyMs":0,"isMalicious":false}
[DashboardServer] {"type":"PACKET_EVENT","msgType":"SAFETY_MSG","senderId":"86985ce93f062b1d3e1f26bc456dc6f046432363ff0d92b1728c63537939fa19","receiverId":"BROADCAST","outcome":"SENT","latencyMs":0,"isMalicious":false}
[DashboardServer] {"type":"PACKET_EVENT","msgType":"SAFETY_MSG","senderId":"dd9f86eefbc290fa473a0b63d382b568c06ad2279c679aded6248f350deeab87","receiverId":"BROADCAST","outcome":"SENT","latencyMs":0,"isMalicious":false}
[DashboardServer] {"type":"PACKET_EVENT","msgType":"SAFETY_MSG","senderId":"eb54ee6bc4c9e1a6401615599da94978994bb6f420ea34755384fd7a47949e09","receiverId":"BROADCAST","outcome":"SENT","latencyMs":0,"isMalicious":false}
[DashboardServer] {"type":"STATS_UPDATE","zkProofsPerSec": 66.7, "cacheHitRate": 0.000000}
[DashboardServer] {"type":"STATS_UPDATE","zkProofsPerSec": 66.7, "cacheHitRate": 0.000000}
[DashboardServer] {"type":"STATS_UPDATE","zkProofsPerSec": 66.7, "cacheHitRate": 0.000000}
[DashboardServer] {"type":"PACKET_EVENT","msgType":"SAFETY_MSG","senderId":"15f4eee5f864e77f1c51c1af3f9f929ff03770eebf0c8b191dd12c3650ef54bf","receiverId":"BROADCAST","outcome":"SENT","latencyMs":0,"isMalicious":false}
[DashboardServer] {"type":"PACKET_EVENT","msgType":"SAFETY_MSG","senderId":"86985ce93f062b1d3e1f26bc456dc6f046432363ff0d92b1728c63537939fa19","receiverId":"BROADCAST","outcome":"SENT","latencyMs":0,"isMalicious":false}
[DashboardServer] {"type":"PACKET_EVENT","msgType":"SAFETY_MSG","senderId":"dd9f86eefbc290fa473a0b63d382b568c06ad2279c679aded6248f350deeab87","receiverId":"BROADCAST","outcome":"SENT","latencyMs":0,"isMalicious":false}
[DashboardServer] {"type":"PACKET_EVENT","msgType":"SAFETY_MSG","senderId":"eb54ee6bc4c9e1a6401615599da94978994bb6f420ea34755384fd7a47949e09","receiverId":"BROADCAST","outcome":"SENT","latencyMs":0,"isMalicious":false}
[DashboardServer] {"type":"STATS_UPDATE","zkProofsPerSec": 66.7, "cacheHitRate": 0.000000}
[DashboardServer] {"type":"STATS_UPDATE","zkProofsPerSec": 66.7, "cacheHitRate": 0.000000}
[DashboardServer] {"type":"STATS_UPDATE","zkProofsPerSec": 66.7, "cacheHitRate": 0.000000}
[DashboardServer] {"type":"PACKET_EVENT","msgType":"SAFETY_MSG","senderId":"15f4eee5f864e77f1c51c1af3f9f929ff03770eebf0c8b191dd12c3650ef54bf","receiverId":"BROADCAST","outcome":"SENT","latencyMs":0,"isMalicious":false}
[DashboardServer] {"type":"PACKET_EVENT","msgType":"SAFETY_MSG","senderId":"86985ce93f062b1d3e1f26bc456dc6f046432363ff0d92b1728c63537939fa19","receiverId":"BROADCAST","outcome":"SENT","latencyMs":0,"isMalicious":false}
[DashboardServer] {"type":"PACKET_EVENT","msgType":"SAFETY_MSG","senderId":"dd9f86eefbc290fa473a0b63d382b568c06ad2279c679aded6248f350deeab87","receiverId":"BROADCAST","outcome":"SENT","latencyMs":0,"isMalicious":false}
[DashboardServer] {"type":"PACKET_EVENT","msgType":"SAFETY_MSG","senderId":"eb54ee6bc4c9e1a6401615599da94978994bb6f420ea34755384fd7a47949e09","receiverId":"BROADCAST","outcome":"SENT","latencyMs":0,"isMalicious":false}
[DashboardServer] {"type":"STATS_UPDATE","zkProofsPerSec": 66.7, "cacheHitRate": 0.000000}
[DashboardServer] {"type":"STATS_UPDATE","zkProofsPerSec": 66.7, "cacheHitRate": 0.000000}
[DashboardServer] {"type":"PACKET_EVENT","msgType":"SAFETY_MSG","senderId":"15f4eee5f864e77f1c51c1af3f9f929ff03770eebf0c8b191dd12c3650ef54bf","receiverId":"BROADCAST","outcome":"SENT","latencyMs":0,"isMalicious":false}
[DashboardServer] {"type":"PACKET_EVENT","msgType":"SAFETY_MSG","senderId":"86985ce93f062b1d3e1f26bc456dc6f046432363ff0d92b1728c63537939fa19","receiverId":"BROADCAST","outcome":"SENT","latencyMs":0,"isMalicious":false}
[DashboardServer] {"type":"PACKET_EVENT","msgType":"SAFETY_MSG","senderId":"dd9f86eefbc290fa473a0b63d382b568c06ad2279c679aded6248f350deeab87","receiverId":"BROADCAST","outcome":"SENT","latencyMs":0,"isMalicious":false}
[DashboardServer] {"type":"PACKET_EVENT","msgType":"SAFETY_MSG","senderId":"eb54ee6bc4c9e1a6401615599da94978994bb6f420ea34755384fd7a47949e09","receiverId":"BROADCAST","outcome":"SENT","latencyMs":0,"isMalicious":false}
[DashboardServer] {"type":"STATS_UPDATE","zkProofsPerSec": 66.7, "cacheHitRate": 0.000000}
[DashboardServer] {"type":"STATS_UPDATE","zkProofsPerSec": 66.7, "cacheHitRate": 0.000000}
[DashboardServer] {"type":"STATS_UPDATE","zkProofsPerSec": 66.7, "cacheHitRate": 0.000000}
[DashboardServer] {"type":"PACKET_EVENT","msgType":"SAFETY_MSG","senderId":"15f4eee5f864e77f1c51c1af3f9f929ff03770eebf0c8b191dd12c3650ef54bf","receiverId":"BROADCAST","outcome":"SENT","latencyMs":0,"isMalicious":false}
[DashboardServer] {"type":"PACKET_EVENT","msgType":"SAFETY_MSG","senderId":"86985ce93f062b1d3e1f26bc456dc6f046432363ff0d92b1728c63537939fa19","receiverId":"BROADCAST","outcome":"SENT","latencyMs":0,"isMalicious":false}
[DashboardServer] {"type":"PACKET_EVENT","msgType":"SAFETY_MSG","senderId":"dd9f86eefbc290fa473a0b63d382b568c06ad2279c679aded6248f350deeab87","receiverId":"BROADCAST","outcome":"SENT","latencyMs":0,"isMalicious":false}
[DashboardServer] {"type":"PACKET_EVENT","msgType":"SAFETY_MSG","senderId":"eb54ee6bc4c9e1a6401615599da94978994bb6f420ea34755384fd7a47949e09","receiverId":"BROADCAST","outcome":"SENT","latencyMs":0,"isMalicious":false}
[DashboardServer] {"type":"STATS_UPDATE","zkProofsPerSec": 66.7, "cacheHitRate": 0.000000}
[DashboardServer] {"type":"STATS_UPDATE","zkProofsPerSec": 66.7, "cacheHitRate": 0.000000}
[DashboardServer] {"type":"STATS_UPDATE","zkProofsPerSec": 66.7, "cacheHitRate": 0.000000}
[DashboardServer] {"type":"PACKET_EVENT","msgType":"SAFETY_MSG","senderId":"15f4eee5f864e77f1c51c1af3f9f929ff03770eebf0c8b191dd12c3650ef54bf","receiverId":"BROADCAST","outcome":"SENT","latencyMs":0,"isMalicious":false}
[DashboardServer] {"type":"PACKET_EVENT","msgType":"SAFETY_MSG","senderId":"86985ce93f062b1d3e1f26bc456dc6f046432363ff0d92b1728c63537939fa19","receiverId":"BROADCAST","outcome":"SENT","latencyMs":0,"isMalicious":false}
[DashboardServer] {"type":"PACKET_EVENT","msgType":"SAFETY_MSG","senderId":"dd9f86eefbc290fa473a0b63d382b568c06ad2279c679aded6248f350deeab87","receiverId":"BROADCAST","outcome":"SENT","latencyMs":0,"isMalicious":false}
[DashboardServer] {"type":"PACKET_EVENT","msgType":"SAFETY_MSG","senderId":"eb54ee6bc4c9e1a6401615599da94978994bb6f420ea34755384fd7a47949e09","receiverId":"BROADCAST","outcome":"SENT","latencyMs":0,"isMalicious":false}
[DashboardServer] {"type":"STATS_UPDATE","zkProofsPerSec": 66.7, "cacheHitRate": 0.000000}
[DashboardServer] {"type":"STATS_UPDATE","zkProofsPerSec": 66.7, "cacheHitRate": 0.000000}
[DashboardServer] {"type":"PACKET_EVENT","msgType":"SAFETY_MSG","senderId":"15f4eee5f864e77f1c51c1af3f9f929ff03770eebf0c8b191dd12c3650ef54bf","receiverId":"BROADCAST","outcome":"SENT","latencyMs":0,"isMalicious":false}
[DashboardServer] {"type":"PACKET_EVENT","msgType":"SAFETY_MSG","senderId":"86985ce93f062b1d3e1f26bc456dc6f046432363ff0d92b1728c63537939fa19","receiverId":"BROADCAST","outcome":"SENT","latencyMs":0,"isMalicious":false}
[DashboardServer] {"type":"PACKET_EVENT","msgType":"SAFETY_MSG","senderId":"dd9f86eefbc290fa473a0b63d382b568c06ad2279c679aded6248f350deeab87","receiverId":"BROADCAST","outcome":"SENT","latencyMs":0,"isMalicious":false}
[DashboardServer] {"type":"PACKET_EVENT","msgType":"SAFETY_MSG","senderId":"eb54ee6bc4c9e1a6401615599da94978994bb6f420ea34755384fd7a47949e09","receiverId":"BROADCAST","outcome":"SENT","latencyMs":0,"isMalicious":false}
[DashboardServer] {"type":"STATS_UPDATE","zkProofsPerSec": 66.7, "cacheHitRate": 0.000000}
[DashboardServer] {"type":"STATS_UPDATE","zkProofsPerSec": 66.7, "cacheHitRate": 0.000000}
[DashboardServer] {"type":"STATS_UPDATE","zkProofsPerSec": 66.7, "cacheHitRate": 0.000000}
[DashboardServer] {"type":"PACKET_EVENT","msgType":"SAFETY_MSG","senderId":"15f4eee5f864e77f1c51c1af3f9f929ff03770eebf0c8b191dd12c3650ef54bf","receiverId":"BROADCAST","outcome":"SENT","latencyMs":0,"isMalicious":false}
[DashboardServer] {"type":"PACKET_EVENT","msgType":"SAFETY_MSG","senderId":"86985ce93f062b1d3e1f26bc456dc6f046432363ff0d92b1728c63537939fa19","receiverId":"BROADCAST","outcome":"SENT","latencyMs":0,"isMalicious":false}
[DashboardServer] {"type":"PACKET_EVENT","msgType":"SAFETY_MSG","senderId":"dd9f86eefbc290fa473a0b63d382b568c06ad2279c679aded6248f350deeab87","receiverId":"BROADCAST","outcome":"SENT","latencyMs":0,"isMalicious":false}
[DashboardServer] {"type":"PACKET_EVENT","msgType":"SAFETY_MSG","senderId":"eb54ee6bc4c9e1a6401615599da94978994bb6f420ea34755384fd7a47949e09","receiverId":"BROADCAST","outcome":"SENT","latencyMs":0,"isMalicious":false}
[DashboardServer] {"type":"STATS_UPDATE","zkProofsPerSec": 66.7, "cacheHitRate": 0.000000}
[DashboardServer] {"type":"STATS_UPDATE","zkProofsPerSec": 66.7, "cacheHitRate": 0.000000}
[DashboardServer] {"type":"STATS_UPDATE","zkProofsPerSec": 66.7, "cacheHitRate": 0.000000}
[DashboardServer] {"type":"PACKET_EVENT","msgType":"SAFETY_MSG","senderId":"15f4eee5f864e77f1c51c1af3f9f929ff03770eebf0c8b191dd12c3650ef54bf","receiverId":"BROADCAST","outcome":"SENT","latencyMs":0,"isMalicious":false}
[DashboardServer] {"type":"PACKET_EVENT","msgType":"SAFETY_MSG","senderId":"86985ce93f062b1d3e1f26bc456dc6f046432363ff0d92b1728c63537939fa19","receiverId":"BROADCAST","outcome":"SENT","latencyMs":0,"isMalicious":false}
[DashboardServer] {"type":"PACKET_EVENT","msgType":"SAFETY_MSG","senderId":"dd9f86eefbc290fa473a0b63d382b568c06ad2279c679aded6248f350deeab87","receiverId":"BROADCAST","outcome":"SENT","latencyMs":0,"isMalicious":false}
[DashboardServer] {"type":"PACKET_EVENT","msgType":"SAFETY_MSG","senderId":"eb54ee6bc4c9e1a6401615599da94978994bb6f420ea34755384fd7a47949e09","receiverId":"BROADCAST","outcome":"SENT","latencyMs":0,"isMalicious":false}
[DashboardServer] {"type":"STATS_UPDATE","zkProofsPerSec": 66.7, "cacheHitRate": 0.000000}
[DashboardServer] {"type":"STATS_UPDATE","zkProofsPerSec": 66.7, "cacheHitRate": 0.000000}
[DashboardServer] {"type":"PACKET_EVENT","msgType":"SAFETY_MSG","senderId":"15f4eee5f864e77f1c51c1af3f9f929ff03770eebf0c8b191dd12c3650ef54bf","receiverId":"BROADCAST","outcome":"SENT","latencyMs":0,"isMalicious":false}
[DashboardServer] {"type":"PACKET_EVENT","msgType":"SAFETY_MSG","senderId":"86985ce93f062b1d3e1f26bc456dc6f046432363ff0d92b1728c63537939fa19","receiverId":"BROADCAST","outcome":"SENT","latencyMs":0,"isMalicious":false}
[DashboardServer] {"type":"PACKET_EVENT","msgType":"SAFETY_MSG","senderId":"dd9f86eefbc290fa473a0b63d382b568c06ad2279c679aded6248f350deeab87","receiverId":"BROADCAST","outcome":"SENT","latencyMs":0,"isMalicious":false}
[DashboardServer] {"type":"PACKET_EVENT","msgType":"SAFETY_MSG","senderId":"eb54ee6bc4c9e1a6401615599da94978994bb6f420ea34755384fd7a47949e09","receiverId":"BROADCAST","outcome":"SENT","latencyMs":0,"isMalicious":false}
[DashboardServer] {"type":"STATS_UPDATE","zkProofsPerSec": 66.7, "cacheHitRate": 0.000000}
[DashboardServer] {"type":"STATS_UPDATE","zkProofsPerSec": 66.7, "cacheHitRate": 0.000000}
[DashboardServer] {"type":"STATS_UPDATE","zkProofsPerSec": 66.7, "cacheHitRate": 0.000000}
[DashboardServer] {"type":"PACKET_EVENT","msgType":"SAFETY_MSG","senderId":"15f4eee5f864e77f1c51c1af3f9f929ff03770eebf0c8b191dd12c3650ef54bf","receiverId":"BROADCAST","outcome":"SENT","latencyMs":0,"isMalicious":false}
[DashboardServer] {"type":"PACKET_EVENT","msgType":"SAFETY_MSG","senderId":"86985ce93f062b1d3e1f26bc456dc6f046432363ff0d92b1728c63537939fa19","receiverId":"BROADCAST","outcome":"SENT","latencyMs":0,"isMalicious":false}
[DashboardServer] {"type":"PACKET_EVENT","msgType":"SAFETY_MSG","senderId":"dd9f86eefbc290fa473a0b63d382b568c06ad2279c679aded6248f350deeab87","receiverId":"BROADCAST","outcome":"SENT","latencyMs":0,"isMalicious":false}
[DashboardServer] {"type":"PACKET_EVENT","msgType":"SAFETY_MSG","senderId":"eb54ee6bc4c9e1a6401615599da94978994bb6f420ea34755384fd7a47949e09","receiverId":"BROADCAST","outcome":"SENT","latencyMs":0,"isMalicious":false}
[DashboardServer] {"type":"STATS_UPDATE","zkProofsPerSec": 66.7, "cacheHitRate": 0.000000}
[DashboardServer] {"type":"STATS_UPDATE","zkProofsPerSec": 66.7, "cacheHitRate": 0.000000}
[DashboardServer] {"type":"STATS_UPDATE","zkProofsPerSec": 66.7, "cacheHitRate": 0.000000}
[DashboardServer] {"type":"PACKET_EVENT","msgType":"SAFETY_MSG","senderId":"15f4eee5f864e77f1c51c1af3f9f929ff03770eebf0c8b191dd12c3650ef54bf","receiverId":"BROADCAST","outcome":"SENT","latencyMs":0,"isMalicious":false}
[DashboardServer] {"type":"PACKET_EVENT","msgType":"SAFETY_MSG","senderId":"86985ce93f062b1d3e1f26bc456dc6f046432363ff0d92b1728c63537939fa19","receiverId":"BROADCAST","outcome":"SENT","latencyMs":0,"isMalicious":false}
[DashboardServer] {"type":"PACKET_EVENT","msgType":"SAFETY_MSG","senderId":"dd9f86eefbc290fa473a0b63d382b568c06ad2279c679aded6248f350deeab87","receiverId":"BROADCAST","outcome":"SENT","latencyMs":0,"isMalicious":false}
[DashboardServer] {"type":"PACKET_EVENT","msgType":"SAFETY_MSG","senderId":"eb54ee6bc4c9e1a6401615599da94978994bb6f420ea34755384fd7a47949e09","receiverId":"BROADCAST","outcome":"SENT","latencyMs":0,"isMalicious":false}
[DashboardServer] {"type":"STATS_UPDATE","zkProofsPerSec": 66.7, "cacheHitRate": 0.000000}
[DashboardServer] {"type":"STATS_UPDATE","zkProofsPerSec": 66.7, "cacheHitRate": 0.000000}
[DashboardServer] {"type":"PACKET_EVENT","msgType":"SAFETY_MSG","senderId":"15f4eee5f864e77f1c51c1af3f9f929ff03770eebf0c8b191dd12c3650ef54bf","receiverId":"BROADCAST","outcome":"SENT","latencyMs":0,"isMalicious":false}
[DashboardServer] {"type":"PACKET_EVENT","msgType":"SAFETY_MSG","senderId":"86985ce93f062b1d3e1f26bc456dc6f046432363ff0d92b1728c63537939fa19","receiverId":"BROADCAST","outcome":"SENT","latencyMs":0,"isMalicious":false}
[DashboardServer] {"type":"PACKET_EVENT","msgType":"SAFETY_MSG","senderId":"dd9f86eefbc290fa473a0b63d382b568c06ad2279c679aded6248f350deeab87","receiverId":"BROADCAST","outcome":"SENT","latencyMs":0,"isMalicious":false}
[DashboardServer] {"type":"PACKET_EVENT","msgType":"SAFETY_MSG","senderId":"eb54ee6bc4c9e1a6401615599da94978994bb6f420ea34755384fd7a47949e09","receiverId":"BROADCAST","outcome":"SENT","latencyMs":0,"isMalicious":false}
[DashboardServer] {"type":"STATS_UPDATE","zkProofsPerSec": 66.7, "cacheHitRate": 0.000000}
[DashboardServer] {"type":"STATS_UPDATE","zkProofsPerSec": 66.7, "cacheHitRate": 0.000000}
[DashboardServer] {"type":"STATS_UPDATE","zkProofsPerSec": 66.7, "cacheHitRate": 0.000000}
[DashboardServer] {"type":"PACKET_EVENT","msgType":"SAFETY_MSG","senderId":"15f4eee5f864e77f1c51c1af3f9f929ff03770eebf0c8b191dd12c3650ef54bf","receiverId":"BROADCAST","outcome":"SENT","latencyMs":0,"isMalicious":false}
[DashboardServer] {"type":"PACKET_EVENT","msgType":"SAFETY_MSG","senderId":"86985ce93f062b1d3e1f26bc456dc6f046432363ff0d92b1728c63537939fa19","receiverId":"BROADCAST","outcome":"SENT","latencyMs":0,"isMalicious":false}
[DashboardServer] {"type":"PACKET_EVENT","msgType":"SAFETY_MSG","senderId":"dd9f86eefbc290fa473a0b63d382b568c06ad2279c679aded6248f350deeab87","receiverId":"BROADCAST","outcome":"SENT","latencyMs":0,"isMalicious":false}
[DashboardServer] {"type":"PACKET_EVENT","msgType":"SAFETY_MSG","senderId":"eb54ee6bc4c9e1a6401615599da94978994bb6f420ea34755384fd7a47949e09","receiverId":"BROADCAST","outcome":"SENT","latencyMs":0,"isMalicious":false}
[DashboardServer] {"type":"STATS_UPDATE","zkProofsPerSec": 66.7, "cacheHitRate": 0.000000}
[DashboardServer] {"type":"STATS_UPDATE","zkProofsPerSec": 66.7, "cacheHitRate": 0.000000}
[DashboardServer] {"type":"STATS_UPDATE","zkProofsPerSec": 66.7, "cacheHitRate": 0.000000}
[DashboardServer] {"type":"PACKET_EVENT","msgType":"SAFETY_MSG","senderId":"15f4eee5f864e77f1c51c1af3f9f929ff03770eebf0c8b191dd12c3650ef54bf","receiverId":"BROADCAST","outcome":"SENT","latencyMs":0,"isMalicious":false}
[DashboardServer] {"type":"PACKET_EVENT","msgType":"SAFETY_MSG","senderId":"86985ce93f062b1d3e1f26bc456dc6f046432363ff0d92b1728c63537939fa19","receiverId":"BROADCAST","outcome":"SENT","latencyMs":0,"isMalicious":false}
[DashboardServer] {"type":"PACKET_EVENT","msgType":"SAFETY_MSG","senderId":"dd9f86eefbc290fa473a0b63d382b568c06ad2279c679aded6248f350deeab87","receiverId":"BROADCAST","outcome":"SENT","latencyMs":0,"isMalicious":false}
[DashboardServer] {"type":"PACKET_EVENT","msgType":"SAFETY_MSG","senderId":"eb54ee6bc4c9e1a6401615599da94978994bb6f420ea34755384fd7a47949e09","receiverId":"BROADCAST","outcome":"SENT","latencyMs":0,"isMalicious":false}
[DashboardServer] {"type":"STATS_UPDATE","zkProofsPerSec": 66.7, "cacheHitRate": 0.000000}
[DashboardServer] {"type":"STATS_UPDATE","zkProofsPerSec": 66.7, "cacheHitRate": 0.000000}
[DashboardServer] {"type":"PACKET_EVENT","msgType":"SAFETY_MSG","senderId":"15f4eee5f864e77f1c51c1af3f9f929ff03770eebf0c8b191dd12c3650ef54bf","receiverId":"BROADCAST","outcome":"SENT","latencyMs":0,"isMalicious":false}
[DashboardServer] {"type":"PACKET_EVENT","msgType":"SAFETY_MSG","senderId":"86985ce93f062b1d3e1f26bc456dc6f046432363ff0d92b1728c63537939fa19","receiverId":"BROADCAST","outcome":"SENT","latencyMs":0,"isMalicious":false}
[DashboardServer] {"type":"PACKET_EVENT","msgType":"SAFETY_MSG","senderId":"dd9f86eefbc290fa473a0b63d382b568c06ad2279c679aded6248f350deeab87","receiverId":"BROADCAST","outcome":"SENT","latencyMs":0,"isMalicious":false}
[DashboardServer] {"type":"PACKET_EVENT","msgType":"SAFETY_MSG","senderId":"eb54ee6bc4c9e1a6401615599da94978994bb6f420ea34755384fd7a47949e09","receiverId":"BROADCAST","outcome":"SENT","latencyMs":0,"isMalicious":false}
[DashboardServer] {"type":"STATS_UPDATE","zkProofsPerSec": 66.7, "cacheHitRate": 0.000000}
[DashboardServer] {"type":"STATS_UPDATE","zkProofsPerSec": 66.7, "cacheHitRate": 0.000000}
[DashboardServer] {"type":"STATS_UPDATE","zkProofsPerSec": 66.7, "cacheHitRate": 0.000000}
[DashboardServer] {"type":"PACKET_EVENT","msgType":"SAFETY_MSG","senderId":"15f4eee5f864e77f1c51c1af3f9f929ff03770eebf0c8b191dd12c3650ef54bf","receiverId":"BROADCAST","outcome":"SENT","latencyMs":0,"isMalicious":false}
[DashboardServer] {"type":"PACKET_EVENT","msgType":"SAFETY_MSG","senderId":"86985ce93f062b1d3e1f26bc456dc6f046432363ff0d92b1728c63537939fa19","receiverId":"BROADCAST","outcome":"SENT","latencyMs":0,"isMalicious":false}
[DashboardServer] {"type":"PACKET_EVENT","msgType":"SAFETY_MSG","senderId":"dd9f86eefbc290fa473a0b63d382b568c06ad2279c679aded6248f350deeab87","receiverId":"BROADCAST","outcome":"SENT","latencyMs":0,"isMalicious":false}
[DashboardServer] {"type":"PACKET_EVENT","msgType":"SAFETY_MSG","senderId":"eb54ee6bc4c9e1a6401615599da94978994bb6f420ea34755384fd7a47949e09","receiverId":"BROADCAST","outcome":"SENT","latencyMs":0,"isMalicious":false}
[DashboardServer] {"type":"STATS_UPDATE","zkProofsPerSec": 66.7, "cacheHitRate": 0.000000}
[DashboardServer] {"type":"STATS_UPDATE","zkProofsPerSec": 66.7, "cacheHitRate": 0.000000}
[DashboardServer] {"type":"STATS_UPDATE","zkProofsPerSec": 66.7, "cacheHitRate": 0.000000}
[DashboardServer] {"type":"PACKET_EVENT","msgType":"SAFETY_MSG","senderId":"15f4eee5f864e77f1c51c1af3f9f929ff03770eebf0c8b191dd12c3650ef54bf","receiverId":"BROADCAST","outcome":"SENT","latencyMs":0,"isMalicious":false}
[DashboardServer] {"type":"PACKET_EVENT","msgType":"SAFETY_MSG","senderId":"86985ce93f062b1d3e1f26bc456dc6f046432363ff0d92b1728c63537939fa19","receiverId":"BROADCAST","outcome":"SENT","latencyMs":0,"isMalicious":false}
[DashboardServer] {"type":"PACKET_EVENT","msgType":"SAFETY_MSG","senderId":"dd9f86eefbc290fa473a0b63d382b568c06ad2279c679aded6248f350deeab87","receiverId":"BROADCAST","outcome":"SENT","latencyMs":0,"isMalicious":false}
[DashboardServer] {"type":"PACKET_EVENT","msgType":"SAFETY_MSG","senderId":"eb54ee6bc4c9e1a6401615599da94978994bb6f420ea34755384fd7a47949e09","receiverId":"BROADCAST","outcome":"SENT","latencyMs":0,"isMalicious":false}
[DashboardServer] {"type":"STATS_UPDATE","zkProofsPerSec": 66.7, "cacheHitRate": 0.000000}
[DashboardServer] {"type":"STATS_UPDATE","zkProofsPerSec": 66.7, "cacheHitRate": 0.000000}
[DashboardServer] {"type":"PACKET_EVENT","msgType":"SAFETY_MSG","senderId":"15f4eee5f864e77f1c51c1af3f9f929ff03770eebf0c8b191dd12c3650ef54bf","receiverId":"BROADCAST","outcome":"SENT","latencyMs":0,"isMalicious":false}
[DashboardServer] {"type":"PACKET_EVENT","msgType":"SAFETY_MSG","senderId":"86985ce93f062b1d3e1f26bc456dc6f046432363ff0d92b1728c63537939fa19","receiverId":"BROADCAST","outcome":"SENT","latencyMs":0,"isMalicious":false}
[DashboardServer] {"type":"PACKET_EVENT","msgType":"SAFETY_MSG","senderId":"dd9f86eefbc290fa473a0b63d382b568c06ad2279c679aded6248f350deeab87","receiverId":"BROADCAST","outcome":"SENT","latencyMs":0,"isMalicious":false}
[DashboardServer] {"type":"PACKET_EVENT","msgType":"SAFETY_MSG","senderId":"eb54ee6bc4c9e1a6401615599da94978994bb6f420ea34755384fd7a47949e09","receiverId":"BROADCAST","outcome":"SENT","latencyMs":0,"isMalicious":false}
[DashboardServer] {"type":"VEHICLE_UPDATE","vehicleId":"node[4]","pseudonym":"1cf1f281e4628ab988065d1deb4634ca70866bc43a908b6ce38dcd0995d0a8bc","h0":"a87d0a507b014d82e5581be9556a13f6c2ae58bdecdbbeb842fe6e53f4619da6","posX":2025,"posY":28.2,"epoch":0,"threshold":1,"neighbours":0,"isMalicious":false,"maliciousMode":"NONE","status":"OK"}
[DashboardServer] {"type":"STATS_UPDATE","zkProofsPerSec": 66.7, "cacheHitRate": 0.000000}
[DashboardServer] {"type":"STATS_UPDATE","zkProofsPerSec": 66.7, "cacheHitRate": 0.000000}
[DashboardServer] {"type":"STATS_UPDATE","zkProofsPerSec": 66.7, "cacheHitRate": 0.000000}
[DashboardServer] {"type":"PACKET_EVENT","msgType":"SAFETY_MSG","senderId":"15f4eee5f864e77f1c51c1af3f9f929ff03770eebf0c8b191dd12c3650ef54bf","receiverId":"BROADCAST","outcome":"SENT","latencyMs":0,"isMalicious":false}
[DashboardServer] {"type":"PACKET_EVENT","msgType":"SAFETY_MSG","senderId":"86985ce93f062b1d3e1f26bc456dc6f046432363ff0d92b1728c63537939fa19","receiverId":"BROADCAST","outcome":"SENT","latencyMs":0,"isMalicious":false}
[DashboardServer] {"type":"PACKET_EVENT","msgType":"SAFETY_MSG","senderId":"dd9f86eefbc290fa473a0b63d382b568c06ad2279c679aded6248f350deeab87","receiverId":"BROADCAST","outcome":"SENT","latencyMs":0,"isMalicious":false}
[DashboardServer] {"type":"PACKET_EVENT","msgType":"SAFETY_MSG","senderId":"eb54ee6bc4c9e1a6401615599da94978994bb6f420ea34755384fd7a47949e09","receiverId":"BROADCAST","outcome":"SENT","latencyMs":0,"isMalicious":false}
[DashboardServer] {"type":"PACKET_EVENT","msgType":"SAFETY_MSG","senderId":"1cf1f281e4628ab988065d1deb4634ca70866bc43a908b6ce38dcd0995d0a8bc","receiverId":"BROADCAST","outcome":"SENT","latencyMs":0,"isMalicious":false}
[DashboardServer] {"type":"STATS_UPDATE","zkProofsPerSec": 66.7, "cacheHitRate": 0.000000}
[DashboardServer] {"type":"STATS_UPDATE","zkProofsPerSec": 66.7, "cacheHitRate": 0.000000}
[DashboardServer] {"type":"STATS_UPDATE","zkProofsPerSec": 66.7, "cacheHitRate": 0.000000}
[DashboardServer] {"type":"PACKET_EVENT","msgType":"SAFETY_MSG","senderId":"15f4eee5f864e77f1c51c1af3f9f929ff03770eebf0c8b191dd12c3650ef54bf","receiverId":"BROADCAST","outcome":"SENT","latencyMs":0,"isMalicious":false}
[DashboardServer] {"type":"PACKET_EVENT","msgType":"SAFETY_MSG","senderId":"86985ce93f062b1d3e1f26bc456dc6f046432363ff0d92b1728c63537939fa19","receiverId":"BROADCAST","outcome":"SENT","latencyMs":0,"isMalicious":false}
[DashboardServer] {"type":"PACKET_EVENT","msgType":"SAFETY_MSG","senderId":"dd9f86eefbc290fa473a0b63d382b568c06ad2279c679aded6248f350deeab87","receiverId":"BROADCAST","outcome":"SENT","latencyMs":0,"isMalicious":false}
[DashboardServer] {"type":"PACKET_EVENT","msgType":"SAFETY_MSG","senderId":"eb54ee6bc4c9e1a6401615599da94978994bb6f420ea34755384fd7a47949e09","receiverId":"BROADCAST","outcome":"SENT","latencyMs":0,"isMalicious":false}
[DashboardServer] {"type":"PACKET_EVENT","msgType":"SAFETY_MSG","senderId":"1cf1f281e4628ab988065d1deb4634ca70866bc43a908b6ce38dcd0995d0a8bc","receiverId":"BROADCAST","outcome":"SENT","latencyMs":0,"isMalicious":false}
[DashboardServer] {"type":"STATS_UPDATE","zkProofsPerSec": 66.7, "cacheHitRate": 0.000000}
[DashboardServer] {"type":"STATS_UPDATE","zkProofsPerSec": 66.7, "cacheHitRate": 0.000000}
[DashboardServer] {"type":"PACKET_EVENT","msgType":"SAFETY_MSG","senderId":"15f4eee5f864e77f1c51c1af3f9f929ff03770eebf0c8b191dd12c3650ef54bf","receiverId":"BROADCAST","outcome":"SENT","latencyMs":0,"isMalicious":false}
[DashboardServer] {"type":"PACKET_EVENT","msgType":"SAFETY_MSG","senderId":"86985ce93f062b1d3e1f26bc456dc6f046432363ff0d92b1728c63537939fa19","receiverId":"BROADCAST","outcome":"SENT","latencyMs":0,"isMalicious":false}
[DashboardServer] {"type":"PACKET_EVENT","msgType":"SAFETY_MSG","senderId":"dd9f86eefbc290fa473a0b63d382b568c06ad2279c679aded6248f350deeab87","receiverId":"BROADCAST","outcome":"SENT","latencyMs":0,"isMalicious":false}
[DashboardServer] {"type":"PACKET_EVENT","msgType":"SAFETY_MSG","senderId":"eb54ee6bc4c9e1a6401615599da94978994bb6f420ea34755384fd7a47949e09","receiverId":"BROADCAST","outcome":"SENT","latencyMs":0,"isMalicious":false}
[DashboardServer] {"type":"PACKET_EVENT","msgType":"SAFETY_MSG","senderId":"1cf1f281e4628ab988065d1deb4634ca70866bc43a908b6ce38dcd0995d0a8bc","receiverId":"BROADCAST","outcome":"SENT","latencyMs":0,"isMalicious":false}
[DashboardServer] {"type":"STATS_UPDATE","zkProofsPerSec": 66.7, "cacheHitRate": 0.000000}
[DashboardServer] {"type":"STATS_UPDATE","zkProofsPerSec": 66.7, "cacheHitRate": 0.000000}
[DashboardServer] {"type":"STATS_UPDATE","zkProofsPerSec": 66.7, "cacheHitRate": 0.000000}
[DashboardServer] {"type":"PACKET_EVENT","msgType":"SAFETY_MSG","senderId":"15f4eee5f864e77f1c51c1af3f9f929ff03770eebf0c8b191dd12c3650ef54bf","receiverId":"BROADCAST","outcome":"SENT","latencyMs":0,"isMalicious":false}
[DashboardServer] {"type":"PACKET_EVENT","msgType":"SAFETY_MSG","senderId":"86985ce93f062b1d3e1f26bc456dc6f046432363ff0d92b1728c63537939fa19","receiverId":"BROADCAST","outcome":"SENT","latencyMs":0,"isMalicious":false}
[DashboardServer] {"type":"PACKET_EVENT","msgType":"SAFETY_MSG","senderId":"dd9f86eefbc290fa473a0b63d382b568c06ad2279c679aded6248f350deeab87","receiverId":"BROADCAST","outcome":"SENT","latencyMs":0,"isMalicious":false}
[DashboardServer] {"type":"PACKET_EVENT","msgType":"SAFETY_MSG","senderId":"eb54ee6bc4c9e1a6401615599da94978994bb6f420ea34755384fd7a47949e09","receiverId":"BROADCAST","outcome":"SENT","latencyMs":0,"isMalicious":false}
[DashboardServer] {"type":"PACKET_EVENT","msgType":"SAFETY_MSG","senderId":"1cf1f281e4628ab988065d1deb4634ca70866bc43a908b6ce38dcd0995d0a8bc","receiverId":"BROADCAST","outcome":"SENT","latencyMs":0,"isMalicious":false}
[DashboardServer] {"type":"STATS_UPDATE","zkProofsPerSec": 66.7, "cacheHitRate": 0.000000}
[DashboardServer] {"type":"STATS_UPDATE","zkProofsPerSec": 66.7, "cacheHitRate": 0.000000}
[DashboardServer] {"type":"STATS_UPDATE","zkProofsPerSec": 66.7, "cacheHitRate": 0.000000}
[DashboardServer] {"type":"PACKET_EVENT","msgType":"SAFETY_MSG","senderId":"15f4eee5f864e77f1c51c1af3f9f929ff03770eebf0c8b191dd12c3650ef54bf","receiverId":"BROADCAST","outcome":"SENT","latencyMs":0,"isMalicious":false}
[DashboardServer] {"type":"PACKET_EVENT","msgType":"SAFETY_MSG","senderId":"86985ce93f062b1d3e1f26bc456dc6f046432363ff0d92b1728c63537939fa19","receiverId":"BROADCAST","outcome":"SENT","latencyMs":0,"isMalicious":false}
[DashboardServer] {"type":"PACKET_EVENT","msgType":"SAFETY_MSG","senderId":"dd9f86eefbc290fa473a0b63d382b568c06ad2279c679aded6248f350deeab87","receiverId":"BROADCAST","outcome":"SENT","latencyMs":0,"isMalicious":false}
[DashboardServer] {"type":"PACKET_EVENT","msgType":"SAFETY_MSG","senderId":"eb54ee6bc4c9e1a6401615599da94978994bb6f420ea34755384fd7a47949e09","receiverId":"BROADCAST","outcome":"SENT","latencyMs":0,"isMalicious":false}
[DashboardServer] {"type":"PACKET_EVENT","msgType":"SAFETY_MSG","senderId":"1cf1f281e4628ab988065d1deb4634ca70866bc43a908b6ce38dcd0995d0a8bc","receiverId":"BROADCAST","outcome":"SENT","latencyMs":0,"isMalicious":false}
[DashboardServer] {"type":"STATS_UPDATE","zkProofsPerSec": 66.7, "cacheHitRate": 0.000000}
[DashboardServer] {"type":"STATS_UPDATE","zkProofsPerSec": 66.7, "cacheHitRate": 0.000000}
[DashboardServer] {"type":"PACKET_EVENT","msgType":"SAFETY_MSG","senderId":"15f4eee5f864e77f1c51c1af3f9f929ff03770eebf0c8b191dd12c3650ef54bf","receiverId":"BROADCAST","outcome":"SENT","latencyMs":0,"isMalicious":false}
[DashboardServer] {"type":"PACKET_EVENT","msgType":"SAFETY_MSG","senderId":"86985ce93f062b1d3e1f26bc456dc6f046432363ff0d92b1728c63537939fa19","receiverId":"BROADCAST","outcome":"SENT","latencyMs":0,"isMalicious":false}
[DashboardServer] {"type":"PACKET_EVENT","msgType":"SAFETY_MSG","senderId":"dd9f86eefbc290fa473a0b63d382b568c06ad2279c679aded6248f350deeab87","receiverId":"BROADCAST","outcome":"SENT","latencyMs":0,"isMalicious":false}
[DashboardServer] {"type":"PACKET_EVENT","msgType":"SAFETY_MSG","senderId":"eb54ee6bc4c9e1a6401615599da94978994bb6f420ea34755384fd7a47949e09","receiverId":"BROADCAST","outcome":"SENT","latencyMs":0,"isMalicious":false}
[DashboardServer] {"type":"PACKET_EVENT","msgType":"SAFETY_MSG","senderId":"1cf1f281e4628ab988065d1deb4634ca70866bc43a908b6ce38dcd0995d0a8bc","receiverId":"BROADCAST","outcome":"SENT","latencyMs":0,"isMalicious":false}
[DashboardServer] {"type":"STATS_UPDATE","zkProofsPerSec": 66.7, "cacheHitRate": 0.000000}
[DashboardServer] {"type":"STATS_UPDATE","zkProofsPerSec": 66.7, "cacheHitRate": 0.000000}
[DashboardServer] {"type":"STATS_UPDATE","zkProofsPerSec": 66.7, "cacheHitRate": 0.000000}
[DashboardServer] {"type":"PACKET_EVENT","msgType":"SAFETY_MSG","senderId":"15f4eee5f864e77f1c51c1af3f9f929ff03770eebf0c8b191dd12c3650ef54bf","receiverId":"BROADCAST","outcome":"SENT","latencyMs":0,"isMalicious":false}
[DashboardServer] {"type":"PACKET_EVENT","msgType":"SAFETY_MSG","senderId":"86985ce93f062b1d3e1f26bc456dc6f046432363ff0d92b1728c63537939fa19","receiverId":"BROADCAST","outcome":"SENT","latencyMs":0,"isMalicious":false}
[DashboardServer] {"type":"PACKET_EVENT","msgType":"SAFETY_MSG","senderId":"dd9f86eefbc290fa473a0b63d382b568c06ad2279c679aded6248f350deeab87","receiverId":"BROADCAST","outcome":"SENT","latencyMs":0,"isMalicious":false}
[DashboardServer] {"type":"PACKET_EVENT","msgType":"SAFETY_MSG","senderId":"eb54ee6bc4c9e1a6401615599da94978994bb6f420ea34755384fd7a47949e09","receiverId":"BROADCAST","outcome":"SENT","latencyMs":0,"isMalicious":false}
[DashboardServer] {"type":"PACKET_EVENT","msgType":"SAFETY_MSG","senderId":"1cf1f281e4628ab988065d1deb4634ca70866bc43a908b6ce38dcd0995d0a8bc","receiverId":"BROADCAST","outcome":"SENT","latencyMs":0,"isMalicious":false}
[DashboardServer] {"type":"STATS_UPDATE","zkProofsPerSec": 66.7, "cacheHitRate": 0.000000}
[DashboardServer] {"type":"STATS_UPDATE","zkProofsPerSec": 66.7, "cacheHitRate": 0.000000}
[DashboardServer] {"type":"STATS_UPDATE","zkProofsPerSec": 66.7, "cacheHitRate": 0.000000}
[DashboardServer] {"type":"PACKET_EVENT","msgType":"SAFETY_MSG","senderId":"15f4eee5f864e77f1c51c1af3f9f929ff03770eebf0c8b191dd12c3650ef54bf","receiverId":"BROADCAST","outcome":"SENT","latencyMs":0,"isMalicious":false}
[DashboardServer] {"type":"PACKET_EVENT","msgType":"SAFETY_MSG","senderId":"86985ce93f062b1d3e1f26bc456dc6f046432363ff0d92b1728c63537939fa19","receiverId":"BROADCAST","outcome":"SENT","latencyMs":0,"isMalicious":false}
[DashboardServer] {"type":"PACKET_EVENT","msgType":"SAFETY_MSG","senderId":"dd9f86eefbc290fa473a0b63d382b568c06ad2279c679aded6248f350deeab87","receiverId":"BROADCAST","outcome":"SENT","latencyMs":0,"isMalicious":false}
[DashboardServer] {"type":"PACKET_EVENT","msgType":"SAFETY_MSG","senderId":"eb54ee6bc4c9e1a6401615599da94978994bb6f420ea34755384fd7a47949e09","receiverId":"BROADCAST","outcome":"SENT","latencyMs":0,"isMalicious":false}
[DashboardServer] {"type":"PACKET_EVENT","msgType":"SAFETY_MSG","senderId":"1cf1f281e4628ab988065d1deb4634ca70866bc43a908b6ce38dcd0995d0a8bc","receiverId":"BROADCAST","outcome":"SENT","latencyMs":0,"isMalicious":false}
[DashboardServer] {"type":"STATS_UPDATE","zkProofsPerSec": 66.7, "cacheHitRate": 0.000000}
[DashboardServer] {"type":"STATS_UPDATE","zkProofsPerSec": 66.7, "cacheHitRate": 0.000000}
[DashboardServer] {"type":"PACKET_EVENT","msgType":"SAFETY_MSG","senderId":"15f4eee5f864e77f1c51c1af3f9f929ff03770eebf0c8b191dd12c3650ef54bf","receiverId":"BROADCAST","outcome":"SENT","latencyMs":0,"isMalicious":false}
[DashboardServer] {"type":"PACKET_EVENT","msgType":"SAFETY_MSG","senderId":"86985ce93f062b1d3e1f26bc456dc6f046432363ff0d92b1728c63537939fa19","receiverId":"BROADCAST","outcome":"SENT","latencyMs":0,"isMalicious":false}
[DashboardServer] {"type":"PACKET_EVENT","msgType":"SAFETY_MSG","senderId":"dd9f86eefbc290fa473a0b63d382b568c06ad2279c679aded6248f350deeab87","receiverId":"BROADCAST","outcome":"SENT","latencyMs":0,"isMalicious":false}
[DashboardServer] {"type":"PACKET_EVENT","msgType":"SAFETY_MSG","senderId":"eb54ee6bc4c9e1a6401615599da94978994bb6f420ea34755384fd7a47949e09","receiverId":"BROADCAST","outcome":"SENT","latencyMs":0,"isMalicious":false}
[DashboardServer] {"type":"PACKET_EVENT","msgType":"SAFETY_MSG","senderId":"1cf1f281e4628ab988065d1deb4634ca70866bc43a908b6ce38dcd0995d0a8bc","receiverId":"BROADCAST","outcome":"SENT","latencyMs":0,"isMalicious":false}
[DashboardServer] {"type":"STATS_UPDATE","zkProofsPerSec": 66.7, "cacheHitRate": 0.000000}
[DashboardServer] {"type":"STATS_UPDATE","zkProofsPerSec": 66.7, "cacheHitRate": 0.000000}
[DashboardServer] {"type":"STATS_UPDATE","zkProofsPerSec": 66.7, "cacheHitRate": 0.000000}
[DashboardServer] {"type":"STATS_UPDATE","zkProofsPerSec": 66.7, "cacheHitRate": 0.000000}
[DashboardServer] {"type":"PACKET_EVENT","msgType":"SAFETY_MSG","senderId":"15f4eee5f864e77f1c51c1af3f9f929ff03770eebf0c8b191dd12c3650ef54bf","receiverId":"BROADCAST","outcome":"SENT","latencyMs":0,"isMalicious":false}
[DashboardServer] {"type":"PACKET_EVENT","msgType":"SAFETY_MSG","senderId":"86985ce93f062b1d3e1f26bc456dc6f046432363ff0d92b1728c63537939fa19","receiverId":"BROADCAST","outcome":"SENT","latencyMs":0,"isMalicious":false}
[DashboardServer] {"type":"PACKET_EVENT","msgType":"SAFETY_MSG","senderId":"dd9f86eefbc290fa473a0b63d382b568c06ad2279c679aded6248f350deeab87","receiverId":"BROADCAST","outcome":"SENT","latencyMs":0,"isMalicious":false}
[DashboardServer] {"type":"PACKET_EVENT","msgType":"SAFETY_MSG","senderId":"eb54ee6bc4c9e1a6401615599da94978994bb6f420ea34755384fd7a47949e09","receiverId":"BROADCAST","outcome":"SENT","latencyMs":0,"isMalicious":false}
[DashboardServer] {"type":"PACKET_EVENT","msgType":"SAFETY_MSG","senderId":"1cf1f281e4628ab988065d1deb4634ca70866bc43a908b6ce38dcd0995d0a8bc","receiverId":"BROADCAST","outcome":"SENT","latencyMs":0,"isMalicious":false}
[DashboardServer] {"type":"STATS_UPDATE","zkProofsPerSec": 66.7, "cacheHitRate": 0.000000}
[DashboardServer] {"type":"STATS_UPDATE","zkProofsPerSec": 66.7, "cacheHitRate": 0.000000}
[DashboardServer] {"type":"STATS_UPDATE","zkProofsPerSec": 66.7, "cacheHitRate": 0.000000}
[DashboardServer] {"type":"PACKET_EVENT","msgType":"SAFETY_MSG","senderId":"15f4eee5f864e77f1c51c1af3f9f929ff03770eebf0c8b191dd12c3650ef54bf","receiverId":"BROADCAST","outcome":"SENT","latencyMs":0,"isMalicious":false}
[DashboardServer] {"type":"PACKET_EVENT","msgType":"SAFETY_MSG","senderId":"86985ce93f062b1d3e1f26bc456dc6f046432363ff0d92b1728c63537939fa19","receiverId":"BROADCAST","outcome":"SENT","latencyMs":0,"isMalicious":false}
[DashboardServer] {"type":"PACKET_EVENT","msgType":"SAFETY_MSG","senderId":"dd9f86eefbc290fa473a0b63d382b568c06ad2279c679aded6248f350deeab87","receiverId":"BROADCAST","outcome":"SENT","latencyMs":0,"isMalicious":false}
[DashboardServer] {"type":"PACKET_EVENT","msgType":"SAFETY_MSG","senderId":"eb54ee6bc4c9e1a6401615599da94978994bb6f420ea34755384fd7a47949e09","receiverId":"BROADCAST","outcome":"SENT","latencyMs":0,"isMalicious":false}
[DashboardServer] {"type":"PACKET_EVENT","msgType":"SAFETY_MSG","senderId":"1cf1f281e4628ab988065d1deb4634ca70866bc43a908b6ce38dcd0995d0a8bc","receiverId":"BROADCAST","outcome":"SENT","latencyMs":0,"isMalicious":false}
[DashboardServer] {"type":"STATS_UPDATE","zkProofsPerSec": 66.7, "cacheHitRate": 0.000000}
[DashboardServer] {"type":"STATS_UPDATE","zkProofsPerSec": 66.7, "cacheHitRate": 0.000000}
[DashboardServer] {"type":"STATS_UPDATE","zkProofsPerSec": 66.7, "cacheHitRate": 0.000000}
[DashboardServer] {"type":"PACKET_EVENT","msgType":"SAFETY_MSG","senderId":"15f4eee5f864e77f1c51c1af3f9f929ff03770eebf0c8b191dd12c3650ef54bf","receiverId":"BROADCAST","outcome":"SENT","latencyMs":0,"isMalicious":false}
[DashboardServer] {"type":"PACKET_EVENT","msgType":"SAFETY_MSG","senderId":"86985ce93f062b1d3e1f26bc456dc6f046432363ff0d92b1728c63537939fa19","receiverId":"BROADCAST","outcome":"SENT","latencyMs":0,"isMalicious":false}
[DashboardServer] {"type":"PACKET_EVENT","msgType":"SAFETY_MSG","senderId":"dd9f86eefbc290fa473a0b63d382b568c06ad2279c679aded6248f350deeab87","receiverId":"BROADCAST","outcome":"SENT","latencyMs":0,"isMalicious":false}
[DashboardServer] {"type":"PACKET_EVENT","msgType":"SAFETY_MSG","senderId":"eb54ee6bc4c9e1a6401615599da94978994bb6f420ea34755384fd7a47949e09","receiverId":"BROADCAST","outcome":"SENT","latencyMs":0,"isMalicious":false}
[DashboardServer] {"type":"PACKET_EVENT","msgType":"SAFETY_MSG","senderId":"1cf1f281e4628ab988065d1deb4634ca70866bc43a908b6ce38dcd0995d0a8bc","receiverId":"BROADCAST","outcome":"SENT","latencyMs":0,"isMalicious":false}
[DashboardServer] {"type":"STATS_UPDATE","zkProofsPerSec": 66.7, "cacheHitRate": 0.000000}
[DashboardServer] {"type":"STATS_UPDATE","zkProofsPerSec": 66.7, "cacheHitRate": 0.000000}
[DashboardServer] {"type":"STATS_UPDATE","zkProofsPerSec": 66.7, "cacheHitRate": 0.000000}
[DashboardServer] {"type":"STATS_UPDATE","zkProofsPerSec": 66.7, "cacheHitRate": 0.000000}
[DashboardServer] {"type":"PACKET_EVENT","msgType":"SAFETY_MSG","senderId":"15f4eee5f864e77f1c51c1af3f9f929ff03770eebf0c8b191dd12c3650ef54bf","receiverId":"BROADCAST","outcome":"SENT","latencyMs":0,"isMalicious":false}
[DashboardServer] {"type":"PACKET_EVENT","msgType":"SAFETY_MSG","senderId":"86985ce93f062b1d3e1f26bc456dc6f046432363ff0d92b1728c63537939fa19","receiverId":"BROADCAST","outcome":"SENT","latencyMs":0,"isMalicious":false}
[DashboardServer] {"type":"PACKET_EVENT","msgType":"SAFETY_MSG","senderId":"dd9f86eefbc290fa473a0b63d382b568c06ad2279c679aded6248f350deeab87","receiverId":"BROADCAST","outcome":"SENT","latencyMs":0,"isMalicious":false}
[DashboardServer] {"type":"PACKET_EVENT","msgType":"SAFETY_MSG","senderId":"eb54ee6bc4c9e1a6401615599da94978994bb6f420ea34755384fd7a47949e09","receiverId":"BROADCAST","outcome":"SENT","latencyMs":0,"isMalicious":false}
[DashboardServer] {"type":"PACKET_EVENT","msgType":"SAFETY_MSG","senderId":"1cf1f281e4628ab988065d1deb4634ca70866bc43a908b6ce38dcd0995d0a8bc","receiverId":"BROADCAST","outcome":"SENT","latencyMs":0,"isMalicious":false}
[DashboardServer] {"type":"STATS_UPDATE","zkProofsPerSec": 66.7, "cacheHitRate": 0.000000}
[DashboardServer] {"type":"STATS_UPDATE","zkProofsPerSec": 66.7, "cacheHitRate": 0.000000}
[DashboardServer] {"type":"STATS_UPDATE","zkProofsPerSec": 66.7, "cacheHitRate": 0.000000}
[DashboardServer] {"type":"PACKET_EVENT","msgType":"SAFETY_MSG","senderId":"15f4eee5f864e77f1c51c1af3f9f929ff03770eebf0c8b191dd12c3650ef54bf","receiverId":"BROADCAST","outcome":"SENT","latencyMs":0,"isMalicious":false}
[DashboardServer] {"type":"PACKET_EVENT","msgType":"SAFETY_MSG","senderId":"86985ce93f062b1d3e1f26bc456dc6f046432363ff0d92b1728c63537939fa19","receiverId":"BROADCAST","outcome":"SENT","latencyMs":0,"isMalicious":false}
[DashboardServer] {"type":"PACKET_EVENT","msgType":"SAFETY_MSG","senderId":"dd9f86eefbc290fa473a0b63d382b568c06ad2279c679aded6248f350deeab87","receiverId":"BROADCAST","outcome":"SENT","latencyMs":0,"isMalicious":false}
[DashboardServer] {"type":"PACKET_EVENT","msgType":"SAFETY_MSG","senderId":"eb54ee6bc4c9e1a6401615599da94978994bb6f420ea34755384fd7a47949e09","receiverId":"BROADCAST","outcome":"SENT","latencyMs":0,"isMalicious":false}
[DashboardServer] {"type":"PACKET_EVENT","msgType":"SAFETY_MSG","senderId":"1cf1f281e4628ab988065d1deb4634ca70866bc43a908b6ce38dcd0995d0a8bc","receiverId":"BROADCAST","outcome":"SENT","latencyMs":0,"isMalicious":false}
[DashboardServer] {"type":"STATS_UPDATE","zkProofsPerSec": 66.7, "cacheHitRate": 0.000000}
[DashboardServer] {"type":"STATS_UPDATE","zkProofsPerSec": 66.7, "cacheHitRate": 0.000000}
[DashboardServer] {"type":"STATS_UPDATE","zkProofsPerSec": 66.7, "cacheHitRate": 0.000000}
[DashboardServer] {"type":"PACKET_EVENT","msgType":"SAFETY_MSG","senderId":"15f4eee5f864e77f1c51c1af3f9f929ff03770eebf0c8b191dd12c3650ef54bf","receiverId":"BROADCAST","outcome":"SENT","latencyMs":0,"isMalicious":false}
[DashboardServer] {"type":"PACKET_EVENT","msgType":"SAFETY_MSG","senderId":"86985ce93f062b1d3e1f26bc456dc6f046432363ff0d92b1728c63537939fa19","receiverId":"BROADCAST","outcome":"SENT","latencyMs":0,"isMalicious":false}
[DashboardServer] {"type":"PACKET_EVENT","msgType":"SAFETY_MSG","senderId":"dd9f86eefbc290fa473a0b63d382b568c06ad2279c679aded6248f350deeab87","receiverId":"BROADCAST","outcome":"SENT","latencyMs":0,"isMalicious":false}
[DashboardServer] {"type":"PACKET_EVENT","msgType":"SAFETY_MSG","senderId":"eb54ee6bc4c9e1a6401615599da94978994bb6f420ea34755384fd7a47949e09","receiverId":"BROADCAST","outcome":"SENT","latencyMs":0,"isMalicious":false}
[DashboardServer] {"type":"PACKET_EVENT","msgType":"SAFETY_MSG","senderId":"1cf1f281e4628ab988065d1deb4634ca70866bc43a908b6ce38dcd0995d0a8bc","receiverId":"BROADCAST","outcome":"SENT","latencyMs":0,"isMalicious":false}
[DashboardServer] {"type":"STATS_UPDATE","zkProofsPerSec": 66.7, "cacheHitRate": 0.000000}
[DashboardServer] {"type":"STATS_UPDATE","zkProofsPerSec": 66.7, "cacheHitRate": 0.000000}
[DashboardServer] {"type":"STATS_UPDATE","zkProofsPerSec": 66.7, "cacheHitRate": 0.000000}
[DashboardServer] {"type":"STATS_UPDATE","zkProofsPerSec": 66.7, "cacheHitRate": 0.000000}
[DashboardServer] {"type":"PACKET_EVENT","msgType":"SAFETY_MSG","senderId":"15f4eee5f864e77f1c51c1af3f9f929ff03770eebf0c8b191dd12c3650ef54bf","receiverId":"BROADCAST","outcome":"SENT","latencyMs":0,"isMalicious":false}
[DashboardServer] {"type":"PACKET_EVENT","msgType":"SAFETY_MSG","senderId":"86985ce93f062b1d3e1f26bc456dc6f046432363ff0d92b1728c63537939fa19","receiverId":"BROADCAST","outcome":"SENT","latencyMs":0,"isMalicious":false}
[DashboardServer] {"type":"PACKET_EVENT","msgType":"SAFETY_MSG","senderId":"dd9f86eefbc290fa473a0b63d382b568c06ad2279c679aded6248f350deeab87","receiverId":"BROADCAST","outcome":"SENT","latencyMs":0,"isMalicious":false}
[DashboardServer] {"type":"PACKET_EVENT","msgType":"SAFETY_MSG","senderId":"eb54ee6bc4c9e1a6401615599da94978994bb6f420ea34755384fd7a47949e09","receiverId":"BROADCAST","outcome":"SENT","latencyMs":0,"isMalicious":false}
[DashboardServer] {"type":"PACKET_EVENT","msgType":"SAFETY_MSG","senderId":"1cf1f281e4628ab988065d1deb4634ca70866bc43a908b6ce38dcd0995d0a8bc","receiverId":"BROADCAST","outcome":"SENT","latencyMs":0,"isMalicious":false}
[DashboardServer] {"type":"STATS_UPDATE","zkProofsPerSec": 66.7, "cacheHitRate": 0.000000}
[DashboardServer] {"type":"STATS_UPDATE","zkProofsPerSec": 66.7, "cacheHitRate": 0.000000}
[DashboardServer] {"type":"STATS_UPDATE","zkProofsPerSec": 66.7, "cacheHitRate": 0.000000}
[DashboardServer] {"type":"PACKET_EVENT","msgType":"SAFETY_MSG","senderId":"15f4eee5f864e77f1c51c1af3f9f929ff03770eebf0c8b191dd12c3650ef54bf","receiverId":"BROADCAST","outcome":"SENT","latencyMs":0,"isMalicious":false}
[DashboardServer] {"type":"PACKET_EVENT","msgType":"SAFETY_MSG","senderId":"86985ce93f062b1d3e1f26bc456dc6f046432363ff0d92b1728c63537939fa19","receiverId":"BROADCAST","outcome":"SENT","latencyMs":0,"isMalicious":false}
[DashboardServer] {"type":"PACKET_EVENT","msgType":"SAFETY_MSG","senderId":"dd9f86eefbc290fa473a0b63d382b568c06ad2279c679aded6248f350deeab87","receiverId":"BROADCAST","outcome":"SENT","latencyMs":0,"isMalicious":false}
[DashboardServer] {"type":"PACKET_EVENT","msgType":"SAFETY_MSG","senderId":"eb54ee6bc4c9e1a6401615599da94978994bb6f420ea34755384fd7a47949e09","receiverId":"BROADCAST","outcome":"SENT","latencyMs":0,"isMalicious":false}
[DashboardServer] {"type":"PACKET_EVENT","msgType":"SAFETY_MSG","senderId":"1cf1f281e4628ab988065d1deb4634ca70866bc43a908b6ce38dcd0995d0a8bc","receiverId":"BROADCAST","outcome":"SENT","latencyMs":0,"isMalicious":false}
[DashboardServer] {"type":"STATS_UPDATE","zkProofsPerSec": 66.7, "cacheHitRate": 0.000000}
[DashboardServer] {"type":"STATS_UPDATE","zkProofsPerSec": 66.7, "cacheHitRate": 0.000000}
[DashboardServer] {"type":"STATS_UPDATE","zkProofsPerSec": 66.7, "cacheHitRate": 0.000000}
[DashboardServer] {"type":"PACKET_EVENT","msgType":"SAFETY_MSG","senderId":"15f4eee5f864e77f1c51c1af3f9f929ff03770eebf0c8b191dd12c3650ef54bf","receiverId":"BROADCAST","outcome":"SENT","latencyMs":0,"isMalicious":false}
[DashboardServer] {"type":"PACKET_EVENT","msgType":"SAFETY_MSG","senderId":"86985ce93f062b1d3e1f26bc456dc6f046432363ff0d92b1728c63537939fa19","receiverId":"BROADCAST","outcome":"SENT","latencyMs":0,"isMalicious":false}
[DashboardServer] {"type":"PACKET_EVENT","msgType":"SAFETY_MSG","senderId":"dd9f86eefbc290fa473a0b63d382b568c06ad2279c679aded6248f350deeab87","receiverId":"BROADCAST","outcome":"SENT","latencyMs":0,"isMalicious":false}
[DashboardServer] {"type":"PACKET_EVENT","msgType":"SAFETY_MSG","senderId":"eb54ee6bc4c9e1a6401615599da94978994bb6f420ea34755384fd7a47949e09","receiverId":"BROADCAST","outcome":"SENT","latencyMs":0,"isMalicious":false}
[DashboardServer] {"type":"PACKET_EVENT","msgType":"SAFETY_MSG","senderId":"1cf1f281e4628ab988065d1deb4634ca70866bc43a908b6ce38dcd0995d0a8bc","receiverId":"BROADCAST","outcome":"SENT","latencyMs":0,"isMalicious":false}
[DashboardServer] {"type":"STATS_UPDATE","zkProofsPerSec": 66.7, "cacheHitRate": 0.000000}
[DashboardServer] {"type":"STATS_UPDATE","zkProofsPerSec": 66.7, "cacheHitRate": 0.000000}
[DashboardServer] {"type":"STATS_UPDATE","zkProofsPerSec": 66.7, "cacheHitRate": 0.000000}
[DashboardServer] {"type":"STATS_UPDATE","zkProofsPerSec": 66.7, "cacheHitRate": 0.000000}
[DashboardServer] {"type":"PACKET_EVENT","msgType":"SAFETY_MSG","senderId":"15f4eee5f864e77f1c51c1af3f9f929ff03770eebf0c8b191dd12c3650ef54bf","receiverId":"BROADCAST","outcome":"SENT","latencyMs":0,"isMalicious":false}
[DashboardServer] {"type":"PACKET_EVENT","msgType":"SAFETY_MSG","senderId":"86985ce93f062b1d3e1f26bc456dc6f046432363ff0d92b1728c63537939fa19","receiverId":"BROADCAST","outcome":"SENT","latencyMs":0,"isMalicious":false}
[DashboardServer] {"type":"PACKET_EVENT","msgType":"SAFETY_MSG","senderId":"dd9f86eefbc290fa473a0b63d382b568c06ad2279c679aded6248f350deeab87","receiverId":"BROADCAST","outcome":"SENT","latencyMs":0,"isMalicious":false}
[DashboardServer] {"type":"PACKET_EVENT","msgType":"SAFETY_MSG","senderId":"eb54ee6bc4c9e1a6401615599da94978994bb6f420ea34755384fd7a47949e09","receiverId":"BROADCAST","outcome":"SENT","latencyMs":0,"isMalicious":false}
[DashboardServer] {"type":"PACKET_EVENT","msgType":"SAFETY_MSG","senderId":"1cf1f281e4628ab988065d1deb4634ca70866bc43a908b6ce38dcd0995d0a8bc","receiverId":"BROADCAST","outcome":"SENT","latencyMs":0,"isMalicious":false}
[DashboardServer] {"type":"STATS_UPDATE","zkProofsPerSec": 66.7, "cacheHitRate": 0.000000}
[DashboardServer] {"type":"STATS_UPDATE","zkProofsPerSec": 66.7, "cacheHitRate": 0.000000}
[DashboardServer] {"type":"STATS_UPDATE","zkProofsPerSec": 66.7, "cacheHitRate": 0.000000}
[DashboardServer] {"type":"PACKET_EVENT","msgType":"SAFETY_MSG","senderId":"15f4eee5f864e77f1c51c1af3f9f929ff03770eebf0c8b191dd12c3650ef54bf","receiverId":"BROADCAST","outcome":"SENT","latencyMs":0,"isMalicious":false}
[DashboardServer] {"type":"PACKET_EVENT","msgType":"SAFETY_MSG","senderId":"86985ce93f062b1d3e1f26bc456dc6f046432363ff0d92b1728c63537939fa19","receiverId":"BROADCAST","outcome":"SENT","latencyMs":0,"isMalicious":false}
[DashboardServer] {"type":"PACKET_EVENT","msgType":"SAFETY_MSG","senderId":"dd9f86eefbc290fa473a0b63d382b568c06ad2279c679aded6248f350deeab87","receiverId":"BROADCAST","outcome":"SENT","latencyMs":0,"isMalicious":false}
[DashboardServer] {"type":"PACKET_EVENT","msgType":"SAFETY_MSG","senderId":"eb54ee6bc4c9e1a6401615599da94978994bb6f420ea34755384fd7a47949e09","receiverId":"BROADCAST","outcome":"SENT","latencyMs":0,"isMalicious":false}
[DashboardServer] {"type":"PACKET_EVENT","msgType":"SAFETY_MSG","senderId":"1cf1f281e4628ab988065d1deb4634ca70866bc43a908b6ce38dcd0995d0a8bc","receiverId":"BROADCAST","outcome":"SENT","latencyMs":0,"isMalicious":false}
[DashboardServer] {"type":"STATS_UPDATE","zkProofsPerSec": 66.7, "cacheHitRate": 0.000000}
[DashboardServer] {"type":"STATS_UPDATE","zkProofsPerSec": 66.7, "cacheHitRate": 0.000000}
[DashboardServer] {"type":"STATS_UPDATE","zkProofsPerSec": 66.7, "cacheHitRate": 0.000000}
[DashboardServer] {"type":"PACKET_EVENT","msgType":"SAFETY_MSG","senderId":"15f4eee5f864e77f1c51c1af3f9f929ff03770eebf0c8b191dd12c3650ef54bf","receiverId":"BROADCAST","outcome":"SENT","latencyMs":0,"isMalicious":false}
[DashboardServer] {"type":"PACKET_EVENT","msgType":"SAFETY_MSG","senderId":"86985ce93f062b1d3e1f26bc456dc6f046432363ff0d92b1728c63537939fa19","receiverId":"BROADCAST","outcome":"SENT","latencyMs":0,"isMalicious":false}
[DashboardServer] {"type":"PACKET_EVENT","msgType":"SAFETY_MSG","senderId":"dd9f86eefbc290fa473a0b63d382b568c06ad2279c679aded6248f350deeab87","receiverId":"BROADCAST","outcome":"SENT","latencyMs":0,"isMalicious":false}
[DashboardServer] {"type":"PACKET_EVENT","msgType":"SAFETY_MSG","senderId":"eb54ee6bc4c9e1a6401615599da94978994bb6f420ea34755384fd7a47949e09","receiverId":"BROADCAST","outcome":"SENT","latencyMs":0,"isMalicious":false}
[DashboardServer] {"type":"PACKET_EVENT","msgType":"SAFETY_MSG","senderId":"1cf1f281e4628ab988065d1deb4634ca70866bc43a908b6ce38dcd0995d0a8bc","receiverId":"BROADCAST","outcome":"SENT","latencyMs":0,"isMalicious":false}
[DashboardServer] {"type":"STATS_UPDATE","zkProofsPerSec": 66.7, "cacheHitRate": 0.000000}
[DashboardServer] {"type":"STATS_UPDATE","zkProofsPerSec": 66.7, "cacheHitRate": 0.000000}
[DashboardServer] {"type":"STATS_UPDATE","zkProofsPerSec": 66.7, "cacheHitRate": 0.000000}
[DashboardServer] {"type":"STATS_UPDATE","zkProofsPerSec": 66.7, "cacheHitRate": 0.000000}
[DashboardServer] {"type":"PACKET_EVENT","msgType":"SAFETY_MSG","senderId":"15f4eee5f864e77f1c51c1af3f9f929ff03770eebf0c8b191dd12c3650ef54bf","receiverId":"BROADCAST","outcome":"SENT","latencyMs":0,"isMalicious":false}
[DashboardServer] {"type":"PACKET_EVENT","msgType":"SAFETY_MSG","senderId":"86985ce93f062b1d3e1f26bc456dc6f046432363ff0d92b1728c63537939fa19","receiverId":"BROADCAST","outcome":"SENT","latencyMs":0,"isMalicious":false}
[DashboardServer] {"type":"PACKET_EVENT","msgType":"SAFETY_MSG","senderId":"dd9f86eefbc290fa473a0b63d382b568c06ad2279c679aded6248f350deeab87","receiverId":"BROADCAST","outcome":"SENT","latencyMs":0,"isMalicious":false}
[DashboardServer] {"type":"PACKET_EVENT","msgType":"SAFETY_MSG","senderId":"eb54ee6bc4c9e1a6401615599da94978994bb6f420ea34755384fd7a47949e09","receiverId":"BROADCAST","outcome":"SENT","latencyMs":0,"isMalicious":false}
[DashboardServer] {"type":"PACKET_EVENT","msgType":"SAFETY_MSG","senderId":"1cf1f281e4628ab988065d1deb4634ca70866bc43a908b6ce38dcd0995d0a8bc","receiverId":"BROADCAST","outcome":"SENT","latencyMs":0,"isMalicious":false}
[DashboardServer] {"type":"STATS_UPDATE","zkProofsPerSec": 66.7, "cacheHitRate": 0.000000}
[DashboardServer] {"type":"STATS_UPDATE","zkProofsPerSec": 66.7, "cacheHitRate": 0.000000}
[DashboardServer] {"type":"STATS_UPDATE","zkProofsPerSec": 66.7, "cacheHitRate": 0.000000}
[DashboardServer] {"type":"PACKET_EVENT","msgType":"SAFETY_MSG","senderId":"15f4eee5f864e77f1c51c1af3f9f929ff03770eebf0c8b191dd12c3650ef54bf","receiverId":"BROADCAST","outcome":"SENT","latencyMs":0,"isMalicious":false}
[DashboardServer] {"type":"PACKET_EVENT","msgType":"SAFETY_MSG","senderId":"86985ce93f062b1d3e1f26bc456dc6f046432363ff0d92b1728c63537939fa19","receiverId":"BROADCAST","outcome":"SENT","latencyMs":0,"isMalicious":false}
[DashboardServer] {"type":"PACKET_EVENT","msgType":"SAFETY_MSG","senderId":"dd9f86eefbc290fa473a0b63d382b568c06ad2279c679aded6248f350deeab87","receiverId":"BROADCAST","outcome":"SENT","latencyMs":0,"isMalicious":false}
[DashboardServer] {"type":"PACKET_EVENT","msgType":"SAFETY_MSG","senderId":"eb54ee6bc4c9e1a6401615599da94978994bb6f420ea34755384fd7a47949e09","receiverId":"BROADCAST","outcome":"SENT","latencyMs":0,"isMalicious":false}
[DashboardServer] {"type":"PACKET_EVENT","msgType":"SAFETY_MSG","senderId":"1cf1f281e4628ab988065d1deb4634ca70866bc43a908b6ce38dcd0995d0a8bc","receiverId":"BROADCAST","outcome":"SENT","latencyMs":0,"isMalicious":false}
[DashboardServer] {"type":"STATS_UPDATE","zkProofsPerSec": 66.7, "cacheHitRate": 0.000000}
[DashboardServer] {"type":"STATS_UPDATE","zkProofsPerSec": 66.7, "cacheHitRate": 0.000000}
[DashboardServer] {"type":"STATS_UPDATE","zkProofsPerSec": 66.7, "cacheHitRate": 0.000000}
[DashboardServer] {"type":"PACKET_EVENT","msgType":"SAFETY_MSG","senderId":"15f4eee5f864e77f1c51c1af3f9f929ff03770eebf0c8b191dd12c3650ef54bf","receiverId":"BROADCAST","outcome":"SENT","latencyMs":0,"isMalicious":false}
[DashboardServer] {"type":"PACKET_EVENT","msgType":"SAFETY_MSG","senderId":"86985ce93f062b1d3e1f26bc456dc6f046432363ff0d92b1728c63537939fa19","receiverId":"BROADCAST","outcome":"SENT","latencyMs":0,"isMalicious":false}
[DashboardServer] {"type":"PACKET_EVENT","msgType":"SAFETY_MSG","senderId":"dd9f86eefbc290fa473a0b63d382b568c06ad2279c679aded6248f350deeab87","receiverId":"BROADCAST","outcome":"SENT","latencyMs":0,"isMalicious":false}
[DashboardServer] {"type":"PACKET_EVENT","msgType":"SAFETY_MSG","senderId":"eb54ee6bc4c9e1a6401615599da94978994bb6f420ea34755384fd7a47949e09","receiverId":"BROADCAST","outcome":"SENT","latencyMs":0,"isMalicious":false}
[DashboardServer] {"type":"PACKET_EVENT","msgType":"SAFETY_MSG","senderId":"1cf1f281e4628ab988065d1deb4634ca70866bc43a908b6ce38dcd0995d0a8bc","receiverId":"BROADCAST","outcome":"SENT","latencyMs":0,"isMalicious":false}
[DashboardServer] {"type":"STATS_UPDATE","zkProofsPerSec": 66.7, "cacheHitRate": 0.000000}
[DashboardServer] {"type":"STATS_UPDATE","zkProofsPerSec": 66.7, "cacheHitRate": 0.000000}
[DashboardServer] {"type":"STATS_UPDATE","zkProofsPerSec": 66.7, "cacheHitRate": 0.000000}
[DashboardServer] {"type":"STATS_UPDATE","zkProofsPerSec": 66.7, "cacheHitRate": 0.000000}
[DashboardServer] {"type":"PACKET_EVENT","msgType":"SAFETY_MSG","senderId":"15f4eee5f864e77f1c51c1af3f9f929ff03770eebf0c8b191dd12c3650ef54bf","receiverId":"BROADCAST","outcome":"SENT","latencyMs":0,"isMalicious":false}
[DashboardServer] {"type":"PACKET_EVENT","msgType":"SAFETY_MSG","senderId":"86985ce93f062b1d3e1f26bc456dc6f046432363ff0d92b1728c63537939fa19","receiverId":"BROADCAST","outcome":"SENT","latencyMs":0,"isMalicious":false}
[DashboardServer] {"type":"PACKET_EVENT","msgType":"SAFETY_MSG","senderId":"dd9f86eefbc290fa473a0b63d382b568c06ad2279c679aded6248f350deeab87","receiverId":"BROADCAST","outcome":"SENT","latencyMs":0,"isMalicious":false}
[DashboardServer] {"type":"PACKET_EVENT","msgType":"SAFETY_MSG","senderId":"eb54ee6bc4c9e1a6401615599da94978994bb6f420ea34755384fd7a47949e09","receiverId":"BROADCAST","outcome":"SENT","latencyMs":0,"isMalicious":false}
[DashboardServer] {"type":"PACKET_EVENT","msgType":"SAFETY_MSG","senderId":"1cf1f281e4628ab988065d1deb4634ca70866bc43a908b6ce38dcd0995d0a8bc","receiverId":"BROADCAST","outcome":"SENT","latencyMs":0,"isMalicious":false}
[DashboardServer] {"type":"STATS_UPDATE","zkProofsPerSec": 66.7, "cacheHitRate": 0.000000}
[DashboardServer] {"type":"STATS_UPDATE","zkProofsPerSec": 66.7, "cacheHitRate": 0.000000}
[DashboardServer] {"type":"STATS_UPDATE","zkProofsPerSec": 66.7, "cacheHitRate": 0.000000}
[DashboardServer] {"type":"PACKET_EVENT","msgType":"SAFETY_MSG","senderId":"15f4eee5f864e77f1c51c1af3f9f929ff03770eebf0c8b191dd12c3650ef54bf","receiverId":"BROADCAST","outcome":"SENT","latencyMs":0,"isMalicious":false}
[DashboardServer] {"type":"PACKET_EVENT","msgType":"SAFETY_MSG","senderId":"86985ce93f062b1d3e1f26bc456dc6f046432363ff0d92b1728c63537939fa19","receiverId":"BROADCAST","outcome":"SENT","latencyMs":0,"isMalicious":false}
[DashboardServer] {"type":"PACKET_EVENT","msgType":"SAFETY_MSG","senderId":"dd9f86eefbc290fa473a0b63d382b568c06ad2279c679aded6248f350deeab87","receiverId":"BROADCAST","outcome":"SENT","latencyMs":0,"isMalicious":false}
[DashboardServer] {"type":"PACKET_EVENT","msgType":"SAFETY_MSG","senderId":"eb54ee6bc4c9e1a6401615599da94978994bb6f420ea34755384fd7a47949e09","receiverId":"BROADCAST","outcome":"SENT","latencyMs":0,"isMalicious":false}
[DashboardServer] {"type":"PACKET_EVENT","msgType":"SAFETY_MSG","senderId":"1cf1f281e4628ab988065d1deb4634ca70866bc43a908b6ce38dcd0995d0a8bc","receiverId":"BROADCAST","outcome":"SENT","latencyMs":0,"isMalicious":false}
[DashboardServer] {"type":"STATS_UPDATE","zkProofsPerSec": 66.7, "cacheHitRate": 0.000000}
[DashboardServer] {"type":"STATS_UPDATE","zkProofsPerSec": 66.7, "cacheHitRate": 0.000000}
[DashboardServer] {"type":"STATS_UPDATE","zkProofsPerSec": 66.7, "cacheHitRate": 0.000000}
[DashboardServer] {"type":"PACKET_EVENT","msgType":"SAFETY_MSG","senderId":"15f4eee5f864e77f1c51c1af3f9f929ff03770eebf0c8b191dd12c3650ef54bf","receiverId":"BROADCAST","outcome":"SENT","latencyMs":0,"isMalicious":false}
[DashboardServer] {"type":"PACKET_EVENT","msgType":"SAFETY_MSG","senderId":"86985ce93f062b1d3e1f26bc456dc6f046432363ff0d92b1728c63537939fa19","receiverId":"BROADCAST","outcome":"SENT","latencyMs":0,"isMalicious":false}
[DashboardServer] {"type":"PACKET_EVENT","msgType":"SAFETY_MSG","senderId":"dd9f86eefbc290fa473a0b63d382b568c06ad2279c679aded6248f350deeab87","receiverId":"BROADCAST","outcome":"SENT","latencyMs":0,"isMalicious":false}
[DashboardServer] {"type":"PACKET_EVENT","msgType":"SAFETY_MSG","senderId":"eb54ee6bc4c9e1a6401615599da94978994bb6f420ea34755384fd7a47949e09","receiverId":"BROADCAST","outcome":"SENT","latencyMs":0,"isMalicious":false}
[DashboardServer] {"type":"PACKET_EVENT","msgType":"SAFETY_MSG","senderId":"1cf1f281e4628ab988065d1deb4634ca70866bc43a908b6ce38dcd0995d0a8bc","receiverId":"BROADCAST","outcome":"SENT","latencyMs":0,"isMalicious":false}
[DashboardServer] {"type":"STATS_UPDATE","zkProofsPerSec": 66.7, "cacheHitRate": 0.000000}
[DashboardServer] {"type":"STATS_UPDATE","zkProofsPerSec": 66.7, "cacheHitRate": 0.000000}
[DashboardServer] {"type":"STATS_UPDATE","zkProofsPerSec": 66.7, "cacheHitRate": 0.000000}
[DashboardServer] {"type":"STATS_UPDATE","zkProofsPerSec": 66.7, "cacheHitRate": 0.000000}
[DashboardServer] {"type":"PACKET_EVENT","msgType":"SAFETY_MSG","senderId":"15f4eee5f864e77f1c51c1af3f9f929ff03770eebf0c8b191dd12c3650ef54bf","receiverId":"BROADCAST","outcome":"SENT","latencyMs":0,"isMalicious":false}
[DashboardServer] {"type":"PACKET_EVENT","msgType":"SAFETY_MSG","senderId":"86985ce93f062b1d3e1f26bc456dc6f046432363ff0d92b1728c63537939fa19","receiverId":"BROADCAST","outcome":"SENT","latencyMs":0,"isMalicious":false}
[DashboardServer] {"type":"PACKET_EVENT","msgType":"SAFETY_MSG","senderId":"dd9f86eefbc290fa473a0b63d382b568c06ad2279c679aded6248f350deeab87","receiverId":"BROADCAST","outcome":"SENT","latencyMs":0,"isMalicious":false}
[DashboardServer] {"type":"PACKET_EVENT","msgType":"SAFETY_MSG","senderId":"eb54ee6bc4c9e1a6401615599da94978994bb6f420ea34755384fd7a47949e09","receiverId":"BROADCAST","outcome":"SENT","latencyMs":0,"isMalicious":false}
[DashboardServer] {"type":"PACKET_EVENT","msgType":"SAFETY_MSG","senderId":"1cf1f281e4628ab988065d1deb4634ca70866bc43a908b6ce38dcd0995d0a8bc","receiverId":"BROADCAST","outcome":"SENT","latencyMs":0,"isMalicious":false}
[DashboardServer] {"type":"STATS_UPDATE","zkProofsPerSec": 66.7, "cacheHitRate": 0.000000}
[DashboardServer] {"type":"STATS_UPDATE","zkProofsPerSec": 66.7, "cacheHitRate": 0.000000}
[DashboardServer] {"type":"STATS_UPDATE","zkProofsPerSec": 66.7, "cacheHitRate": 0.000000}
[DashboardServer] {"type":"PACKET_EVENT","msgType":"SAFETY_MSG","senderId":"15f4eee5f864e77f1c51c1af3f9f929ff03770eebf0c8b191dd12c3650ef54bf","receiverId":"BROADCAST","outcome":"SENT","latencyMs":0,"isMalicious":false}
[DashboardServer] {"type":"PACKET_EVENT","msgType":"SAFETY_MSG","senderId":"86985ce93f062b1d3e1f26bc456dc6f046432363ff0d92b1728c63537939fa19","receiverId":"BROADCAST","outcome":"SENT","latencyMs":0,"isMalicious":false}
[DashboardServer] {"type":"PACKET_EVENT","msgType":"SAFETY_MSG","senderId":"dd9f86eefbc290fa473a0b63d382b568c06ad2279c679aded6248f350deeab87","receiverId":"BROADCAST","outcome":"SENT","latencyMs":0,"isMalicious":false}
[DashboardServer] {"type":"PACKET_EVENT","msgType":"SAFETY_MSG","senderId":"eb54ee6bc4c9e1a6401615599da94978994bb6f420ea34755384fd7a47949e09","receiverId":"BROADCAST","outcome":"SENT","latencyMs":0,"isMalicious":false}
[DashboardServer] {"type":"PACKET_EVENT","msgType":"SAFETY_MSG","senderId":"1cf1f281e4628ab988065d1deb4634ca70866bc43a908b6ce38dcd0995d0a8bc","receiverId":"BROADCAST","outcome":"SENT","latencyMs":0,"isMalicious":false}
[DashboardServer] {"type":"STATS_UPDATE","zkProofsPerSec": 66.7, "cacheHitRate": 0.000000}
[DashboardServer] {"type":"STATS_UPDATE","zkProofsPerSec": 66.7, "cacheHitRate": 0.000000}
[DashboardServer] {"type":"STATS_UPDATE","zkProofsPerSec": 66.7, "cacheHitRate": 0.000000}
[DashboardServer] {"type":"PACKET_EVENT","msgType":"SAFETY_MSG","senderId":"15f4eee5f864e77f1c51c1af3f9f929ff03770eebf0c8b191dd12c3650ef54bf","receiverId":"BROADCAST","outcome":"SENT","latencyMs":0,"isMalicious":false}
[DashboardServer] {"type":"PACKET_EVENT","msgType":"SAFETY_MSG","senderId":"86985ce93f062b1d3e1f26bc456dc6f046432363ff0d92b1728c63537939fa19","receiverId":"BROADCAST","outcome":"SENT","latencyMs":0,"isMalicious":false}
[DashboardServer] {"type":"PACKET_EVENT","msgType":"SAFETY_MSG","senderId":"dd9f86eefbc290fa473a0b63d382b568c06ad2279c679aded6248f350deeab87","receiverId":"BROADCAST","outcome":"SENT","latencyMs":0,"isMalicious":false}
[DashboardServer] {"type":"PACKET_EVENT","msgType":"SAFETY_MSG","senderId":"eb54ee6bc4c9e1a6401615599da94978994bb6f420ea34755384fd7a47949e09","receiverId":"BROADCAST","outcome":"SENT","latencyMs":0,"isMalicious":false}
[DashboardServer] {"type":"PACKET_EVENT","msgType":"SAFETY_MSG","senderId":"1cf1f281e4628ab988065d1deb4634ca70866bc43a908b6ce38dcd0995d0a8bc","receiverId":"BROADCAST","outcome":"SENT","latencyMs":0,"isMalicious":false}
[DashboardServer] {"type":"STATS_UPDATE","zkProofsPerSec": 66.7, "cacheHitRate": 0.000000}
[DashboardServer] {"type":"STATS_UPDATE","zkProofsPerSec": 66.7, "cacheHitRate": 0.000000}
[DashboardServer] {"type":"STATS_UPDATE","zkProofsPerSec": 66.7, "cacheHitRate": 0.000000}
[DashboardServer] {"type":"STATS_UPDATE","zkProofsPerSec": 66.7, "cacheHitRate": 0.000000}
[DashboardServer] {"type":"PACKET_EVENT","msgType":"SAFETY_MSG","senderId":"15f4eee5f864e77f1c51c1af3f9f929ff03770eebf0c8b191dd12c3650ef54bf","receiverId":"BROADCAST","outcome":"SENT","latencyMs":0,"isMalicious":false}
[DashboardServer] {"type":"PACKET_EVENT","msgType":"SAFETY_MSG","senderId":"86985ce93f062b1d3e1f26bc456dc6f046432363ff0d92b1728c63537939fa19","receiverId":"BROADCAST","outcome":"SENT","latencyMs":0,"isMalicious":false}
[DashboardServer] {"type":"PACKET_EVENT","msgType":"SAFETY_MSG","senderId":"dd9f86eefbc290fa473a0b63d382b568c06ad2279c679aded6248f350deeab87","receiverId":"BROADCAST","outcome":"SENT","latencyMs":0,"isMalicious":false}
[DashboardServer] {"type":"PACKET_EVENT","msgType":"SAFETY_MSG","senderId":"eb54ee6bc4c9e1a6401615599da94978994bb6f420ea34755384fd7a47949e09","receiverId":"BROADCAST","outcome":"SENT","latencyMs":0,"isMalicious":false}
[DashboardServer] {"type":"PACKET_EVENT","msgType":"SAFETY_MSG","senderId":"1cf1f281e4628ab988065d1deb4634ca70866bc43a908b6ce38dcd0995d0a8bc","receiverId":"BROADCAST","outcome":"SENT","latencyMs":0,"isMalicious":false}
[DashboardServer] {"type":"STATS_UPDATE","zkProofsPerSec": 66.7, "cacheHitRate": 0.000000}
[DashboardServer] {"type":"STATS_UPDATE","zkProofsPerSec": 66.7, "cacheHitRate": 0.000000}
[DashboardServer] {"type":"STATS_UPDATE","zkProofsPerSec": 66.7, "cacheHitRate": 0.000000}
[DashboardServer] {"type":"PACKET_EVENT","msgType":"SAFETY_MSG","senderId":"15f4eee5f864e77f1c51c1af3f9f929ff03770eebf0c8b191dd12c3650ef54bf","receiverId":"BROADCAST","outcome":"SENT","latencyMs":0,"isMalicious":false}
[DashboardServer] {"type":"PACKET_EVENT","msgType":"SAFETY_MSG","senderId":"86985ce93f062b1d3e1f26bc456dc6f046432363ff0d92b1728c63537939fa19","receiverId":"BROADCAST","outcome":"SENT","latencyMs":0,"isMalicious":false}
[DashboardServer] {"type":"PACKET_EVENT","msgType":"SAFETY_MSG","senderId":"dd9f86eefbc290fa473a0b63d382b568c06ad2279c679aded6248f350deeab87","receiverId":"BROADCAST","outcome":"SENT","latencyMs":0,"isMalicious":false}
[DashboardServer] {"type":"PACKET_EVENT","msgType":"SAFETY_MSG","senderId":"eb54ee6bc4c9e1a6401615599da94978994bb6f420ea34755384fd7a47949e09","receiverId":"BROADCAST","outcome":"SENT","latencyMs":0,"isMalicious":false}
[DashboardServer] {"type":"PACKET_EVENT","msgType":"SAFETY_MSG","senderId":"1cf1f281e4628ab988065d1deb4634ca70866bc43a908b6ce38dcd0995d0a8bc","receiverId":"BROADCAST","outcome":"SENT","latencyMs":0,"isMalicious":false}
[DashboardServer] {"type":"STATS_UPDATE","zkProofsPerSec": 66.7, "cacheHitRate": 0.000000}
[DashboardServer] {"type":"STATS_UPDATE","zkProofsPerSec": 66.7, "cacheHitRate": 0.000000}
[DashboardServer] {"type":"STATS_UPDATE","zkProofsPerSec": 66.7, "cacheHitRate": 0.000000}
[DashboardServer] {"type":"PACKET_EVENT","msgType":"SAFETY_MSG","senderId":"15f4eee5f864e77f1c51c1af3f9f929ff03770eebf0c8b191dd12c3650ef54bf","receiverId":"BROADCAST","outcome":"SENT","latencyMs":0,"isMalicious":false}
[DashboardServer] {"type":"PACKET_EVENT","msgType":"SAFETY_MSG","senderId":"86985ce93f062b1d3e1f26bc456dc6f046432363ff0d92b1728c63537939fa19","receiverId":"BROADCAST","outcome":"SENT","latencyMs":0,"isMalicious":false}
[DashboardServer] {"type":"PACKET_EVENT","msgType":"SAFETY_MSG","senderId":"dd9f86eefbc290fa473a0b63d382b568c06ad2279c679aded6248f350deeab87","receiverId":"BROADCAST","outcome":"SENT","latencyMs":0,"isMalicious":false}
[DashboardServer] {"type":"PACKET_EVENT","msgType":"SAFETY_MSG","senderId":"eb54ee6bc4c9e1a6401615599da94978994bb6f420ea34755384fd7a47949e09","receiverId":"BROADCAST","outcome":"SENT","latencyMs":0,"isMalicious":false}
[DashboardServer] {"type":"PACKET_EVENT","msgType":"SAFETY_MSG","senderId":"1cf1f281e4628ab988065d1deb4634ca70866bc43a908b6ce38dcd0995d0a8bc","receiverId":"BROADCAST","outcome":"SENT","latencyMs":0,"isMalicious":false}
[DashboardServer] {"type":"STATS_UPDATE","zkProofsPerSec": 66.7, "cacheHitRate": 0.000000}
[DashboardServer] {"type":"STATS_UPDATE","zkProofsPerSec": 66.7, "cacheHitRate": 0.000000}
[DashboardServer] {"type":"STATS_UPDATE","zkProofsPerSec": 66.7, "cacheHitRate": 0.000000}
[DashboardServer] {"type":"STATS_UPDATE","zkProofsPerSec": 66.7, "cacheHitRate": 0.000000}
[DashboardServer] {"type":"PACKET_EVENT","msgType":"SAFETY_MSG","senderId":"15f4eee5f864e77f1c51c1af3f9f929ff03770eebf0c8b191dd12c3650ef54bf","receiverId":"BROADCAST","outcome":"SENT","latencyMs":0,"isMalicious":false}
[DashboardServer] {"type":"PACKET_EVENT","msgType":"SAFETY_MSG","senderId":"86985ce93f062b1d3e1f26bc456dc6f046432363ff0d92b1728c63537939fa19","receiverId":"BROADCAST","outcome":"SENT","latencyMs":0,"isMalicious":false}
[DashboardServer] {"type":"PACKET_EVENT","msgType":"SAFETY_MSG","senderId":"dd9f86eefbc290fa473a0b63d382b568c06ad2279c679aded6248f350deeab87","receiverId":"BROADCAST","outcome":"SENT","latencyMs":0,"isMalicious":false}
[DashboardServer] {"type":"PACKET_EVENT","msgType":"SAFETY_MSG","senderId":"eb54ee6bc4c9e1a6401615599da94978994bb6f420ea34755384fd7a47949e09","receiverId":"BROADCAST","outcome":"SENT","latencyMs":0,"isMalicious":false}
[DashboardServer] {"type":"PACKET_EVENT","msgType":"SAFETY_MSG","senderId":"1cf1f281e4628ab988065d1deb4634ca70866bc43a908b6ce38dcd0995d0a8bc","receiverId":"BROADCAST","outcome":"SENT","latencyMs":0,"isMalicious":false}
[DashboardServer] {"type":"STATS_UPDATE","zkProofsPerSec": 66.7, "cacheHitRate": 0.000000}
[DashboardServer] {"type":"STATS_UPDATE","zkProofsPerSec": 66.7, "cacheHitRate": 0.000000}
[DashboardServer] {"type":"STATS_UPDATE","zkProofsPerSec": 66.7, "cacheHitRate": 0.000000}
[DashboardServer] {"type":"PACKET_EVENT","msgType":"SAFETY_MSG","senderId":"15f4eee5f864e77f1c51c1af3f9f929ff03770eebf0c8b191dd12c3650ef54bf","receiverId":"BROADCAST","outcome":"SENT","latencyMs":0,"isMalicious":false}
[DashboardServer] {"type":"PACKET_EVENT","msgType":"SAFETY_MSG","senderId":"86985ce93f062b1d3e1f26bc456dc6f046432363ff0d92b1728c63537939fa19","receiverId":"BROADCAST","outcome":"SENT","latencyMs":0,"isMalicious":false}
[DashboardServer] {"type":"PACKET_EVENT","msgType":"SAFETY_MSG","senderId":"dd9f86eefbc290fa473a0b63d382b568c06ad2279c679aded6248f350deeab87","receiverId":"BROADCAST","outcome":"SENT","latencyMs":0,"isMalicious":false}
[DashboardServer] {"type":"PACKET_EVENT","msgType":"SAFETY_MSG","senderId":"eb54ee6bc4c9e1a6401615599da94978994bb6f420ea34755384fd7a47949e09","receiverId":"BROADCAST","outcome":"SENT","latencyMs":0,"isMalicious":false}
[DashboardServer] {"type":"PACKET_EVENT","msgType":"SAFETY_MSG","senderId":"1cf1f281e4628ab988065d1deb4634ca70866bc43a908b6ce38dcd0995d0a8bc","receiverId":"BROADCAST","outcome":"SENT","latencyMs":0,"isMalicious":false}
[DashboardServer] {"type":"STATS_UPDATE","zkProofsPerSec": 66.7, "cacheHitRate": 0.000000}
[DashboardServer] {"type":"STATS_UPDATE","zkProofsPerSec": 66.7, "cacheHitRate": 0.000000}
[DashboardServer] {"type":"STATS_UPDATE","zkProofsPerSec": 66.7, "cacheHitRate": 0.000000}
[DashboardServer] {"type":"PACKET_EVENT","msgType":"SAFETY_MSG","senderId":"15f4eee5f864e77f1c51c1af3f9f929ff03770eebf0c8b191dd12c3650ef54bf","receiverId":"BROADCAST","outcome":"SENT","latencyMs":0,"isMalicious":false}
[DashboardServer] {"type":"PACKET_EVENT","msgType":"SAFETY_MSG","senderId":"86985ce93f062b1d3e1f26bc456dc6f046432363ff0d92b1728c63537939fa19","receiverId":"BROADCAST","outcome":"SENT","latencyMs":0,"isMalicious":false}
[DashboardServer] {"type":"PACKET_EVENT","msgType":"SAFETY_MSG","senderId":"dd9f86eefbc290fa473a0b63d382b568c06ad2279c679aded6248f350deeab87","receiverId":"BROADCAST","outcome":"SENT","latencyMs":0,"isMalicious":false}
[DashboardServer] {"type":"PACKET_EVENT","msgType":"SAFETY_MSG","senderId":"eb54ee6bc4c9e1a6401615599da94978994bb6f420ea34755384fd7a47949e09","receiverId":"BROADCAST","outcome":"SENT","latencyMs":0,"isMalicious":false}
[DashboardServer] {"type":"PACKET_EVENT","msgType":"SAFETY_MSG","senderId":"1cf1f281e4628ab988065d1deb4634ca70866bc43a908b6ce38dcd0995d0a8bc","receiverId":"BROADCAST","outcome":"SENT","latencyMs":0,"isMalicious":false}
[DashboardServer] {"type":"STATS_UPDATE","zkProofsPerSec": 66.7, "cacheHitRate": 0.000000}
[DashboardServer] {"type":"STATS_UPDATE","zkProofsPerSec": 66.7, "cacheHitRate": 0.000000}
[DashboardServer] {"type":"STATS_UPDATE","zkProofsPerSec": 66.7, "cacheHitRate": 0.000000}
[DashboardServer] {"type":"STATS_UPDATE","zkProofsPerSec": 66.7, "cacheHitRate": 0.000000}
[DashboardServer] {"type":"PACKET_EVENT","msgType":"SAFETY_MSG","senderId":"15f4eee5f864e77f1c51c1af3f9f929ff03770eebf0c8b191dd12c3650ef54bf","receiverId":"BROADCAST","outcome":"SENT","latencyMs":0,"isMalicious":false}
[DashboardServer] {"type":"PACKET_EVENT","msgType":"SAFETY_MSG","senderId":"86985ce93f062b1d3e1f26bc456dc6f046432363ff0d92b1728c63537939fa19","receiverId":"BROADCAST","outcome":"SENT","latencyMs":0,"isMalicious":false}
[DashboardServer] {"type":"PACKET_EVENT","msgType":"SAFETY_MSG","senderId":"dd9f86eefbc290fa473a0b63d382b568c06ad2279c679aded6248f350deeab87","receiverId":"BROADCAST","outcome":"SENT","latencyMs":0,"isMalicious":false}
[DashboardServer] {"type":"PACKET_EVENT","msgType":"SAFETY_MSG","senderId":"eb54ee6bc4c9e1a6401615599da94978994bb6f420ea34755384fd7a47949e09","receiverId":"BROADCAST","outcome":"SENT","latencyMs":0,"isMalicious":false}
[DashboardServer] {"type":"PACKET_EVENT","msgType":"SAFETY_MSG","senderId":"1cf1f281e4628ab988065d1deb4634ca70866bc43a908b6ce38dcd0995d0a8bc","receiverId":"BROADCAST","outcome":"SENT","latencyMs":0,"isMalicious":false}
[DashboardServer] {"type":"STATS_UPDATE","zkProofsPerSec": 66.7, "cacheHitRate": 0.000000}
[DashboardServer] {"type":"STATS_UPDATE","zkProofsPerSec": 66.7, "cacheHitRate": 0.000000}
[DashboardServer] {"type":"STATS_UPDATE","zkProofsPerSec": 66.7, "cacheHitRate": 0.000000}
[DashboardServer] {"type":"PACKET_EVENT","msgType":"SAFETY_MSG","senderId":"15f4eee5f864e77f1c51c1af3f9f929ff03770eebf0c8b191dd12c3650ef54bf","receiverId":"BROADCAST","outcome":"SENT","latencyMs":0,"isMalicious":false}
[DashboardServer] {"type":"PACKET_EVENT","msgType":"SAFETY_MSG","senderId":"86985ce93f062b1d3e1f26bc456dc6f046432363ff0d92b1728c63537939fa19","receiverId":"BROADCAST","outcome":"SENT","latencyMs":0,"isMalicious":false}
[DashboardServer] {"type":"PACKET_EVENT","msgType":"SAFETY_MSG","senderId":"dd9f86eefbc290fa473a0b63d382b568c06ad2279c679aded6248f350deeab87","receiverId":"BROADCAST","outcome":"SENT","latencyMs":0,"isMalicious":false}
[DashboardServer] {"type":"PACKET_EVENT","msgType":"SAFETY_MSG","senderId":"eb54ee6bc4c9e1a6401615599da94978994bb6f420ea34755384fd7a47949e09","receiverId":"BROADCAST","outcome":"SENT","latencyMs":0,"isMalicious":false}
[DashboardServer] {"type":"PACKET_EVENT","msgType":"SAFETY_MSG","senderId":"1cf1f281e4628ab988065d1deb4634ca70866bc43a908b6ce38dcd0995d0a8bc","receiverId":"BROADCAST","outcome":"SENT","latencyMs":0,"isMalicious":false}
[DashboardServer] {"type":"STATS_UPDATE","zkProofsPerSec": 66.7, "cacheHitRate": 0.000000}
[DashboardServer] {"type":"STATS_UPDATE","zkProofsPerSec": 66.7, "cacheHitRate": 0.000000}
[DashboardServer] {"type":"STATS_UPDATE","zkProofsPerSec": 66.7, "cacheHitRate": 0.000000}
[DashboardServer] {"type":"PACKET_EVENT","msgType":"SAFETY_MSG","senderId":"15f4eee5f864e77f1c51c1af3f9f929ff03770eebf0c8b191dd12c3650ef54bf","receiverId":"BROADCAST","outcome":"SENT","latencyMs":0,"isMalicious":false}
[DashboardServer] {"type":"PACKET_EVENT","msgType":"SAFETY_MSG","senderId":"86985ce93f062b1d3e1f26bc456dc6f046432363ff0d92b1728c63537939fa19","receiverId":"BROADCAST","outcome":"SENT","latencyMs":0,"isMalicious":false}
[DashboardServer] {"type":"PACKET_EVENT","msgType":"SAFETY_MSG","senderId":"dd9f86eefbc290fa473a0b63d382b568c06ad2279c679aded6248f350deeab87","receiverId":"BROADCAST","outcome":"SENT","latencyMs":0,"isMalicious":false}
[DashboardServer] {"type":"PACKET_EVENT","msgType":"SAFETY_MSG","senderId":"eb54ee6bc4c9e1a6401615599da94978994bb6f420ea34755384fd7a47949e09","receiverId":"BROADCAST","outcome":"SENT","latencyMs":0,"isMalicious":false}
[DashboardServer] {"type":"PACKET_EVENT","msgType":"SAFETY_MSG","senderId":"1cf1f281e4628ab988065d1deb4634ca70866bc43a908b6ce38dcd0995d0a8bc","receiverId":"BROADCAST","outcome":"SENT","latencyMs":0,"isMalicious":false}
[DashboardServer] {"type":"STATS_UPDATE","zkProofsPerSec": 66.7, "cacheHitRate": 0.000000}
[DashboardServer] {"type":"STATS_UPDATE","zkProofsPerSec": 66.7, "cacheHitRate": 0.000000}
[DashboardServer] {"type":"STATS_UPDATE","zkProofsPerSec": 66.7, "cacheHitRate": 0.000000}
[DashboardServer] {"type":"STATS_UPDATE","zkProofsPerSec": 66.7, "cacheHitRate": 0.000000}
[DashboardServer] {"type":"PACKET_EVENT","msgType":"SAFETY_MSG","senderId":"15f4eee5f864e77f1c51c1af3f9f929ff03770eebf0c8b191dd12c3650ef54bf","receiverId":"BROADCAST","outcome":"SENT","latencyMs":0,"isMalicious":false}
[DashboardServer] {"type":"PACKET_EVENT","msgType":"SAFETY_MSG","senderId":"86985ce93f062b1d3e1f26bc456dc6f046432363ff0d92b1728c63537939fa19","receiverId":"BROADCAST","outcome":"SENT","latencyMs":0,"isMalicious":false}
[DashboardServer] {"type":"PACKET_EVENT","msgType":"SAFETY_MSG","senderId":"dd9f86eefbc290fa473a0b63d382b568c06ad2279c679aded6248f350deeab87","receiverId":"BROADCAST","outcome":"SENT","latencyMs":0,"isMalicious":false}
[DashboardServer] {"type":"PACKET_EVENT","msgType":"SAFETY_MSG","senderId":"eb54ee6bc4c9e1a6401615599da94978994bb6f420ea34755384fd7a47949e09","receiverId":"BROADCAST","outcome":"SENT","latencyMs":0,"isMalicious":false}
[DashboardServer] {"type":"PACKET_EVENT","msgType":"SAFETY_MSG","senderId":"1cf1f281e4628ab988065d1deb4634ca70866bc43a908b6ce38dcd0995d0a8bc","receiverId":"BROADCAST","outcome":"SENT","latencyMs":0,"isMalicious":false}
[DashboardServer] {"type":"STATS_UPDATE","zkProofsPerSec": 66.7, "cacheHitRate": 0.000000}
[DashboardServer] {"type":"STATS_UPDATE","zkProofsPerSec": 66.7, "cacheHitRate": 0.000000}
[DashboardServer] {"type":"STATS_UPDATE","zkProofsPerSec": 66.7, "cacheHitRate": 0.000000}
[DashboardServer] {"type":"PACKET_EVENT","msgType":"SAFETY_MSG","senderId":"15f4eee5f864e77f1c51c1af3f9f929ff03770eebf0c8b191dd12c3650ef54bf","receiverId":"BROADCAST","outcome":"SENT","latencyMs":0,"isMalicious":false}
[DashboardServer] {"type":"PACKET_EVENT","msgType":"SAFETY_MSG","senderId":"86985ce93f062b1d3e1f26bc456dc6f046432363ff0d92b1728c63537939fa19","receiverId":"BROADCAST","outcome":"SENT","latencyMs":0,"isMalicious":false}
[DashboardServer] {"type":"PACKET_EVENT","msgType":"SAFETY_MSG","senderId":"dd9f86eefbc290fa473a0b63d382b568c06ad2279c679aded6248f350deeab87","receiverId":"BROADCAST","outcome":"SENT","latencyMs":0,"isMalicious":false}
[DashboardServer] {"type":"PACKET_EVENT","msgType":"SAFETY_MSG","senderId":"eb54ee6bc4c9e1a6401615599da94978994bb6f420ea34755384fd7a47949e09","receiverId":"BROADCAST","outcome":"SENT","latencyMs":0,"isMalicious":false}
[DashboardServer] {"type":"PACKET_EVENT","msgType":"SAFETY_MSG","senderId":"1cf1f281e4628ab988065d1deb4634ca70866bc43a908b6ce38dcd0995d0a8bc","receiverId":"BROADCAST","outcome":"SENT","latencyMs":0,"isMalicious":false}
[DashboardServer] {"type":"STATS_UPDATE","zkProofsPerSec": 66.7, "cacheHitRate": 0.000000}
[DashboardServer] {"type":"STATS_UPDATE","zkProofsPerSec": 66.7, "cacheHitRate": 0.000000}
[DashboardServer] {"type":"STATS_UPDATE","zkProofsPerSec": 66.7, "cacheHitRate": 0.000000}
[DashboardServer] {"type":"PACKET_EVENT","msgType":"SAFETY_MSG","senderId":"15f4eee5f864e77f1c51c1af3f9f929ff03770eebf0c8b191dd12c3650ef54bf","receiverId":"BROADCAST","outcome":"SENT","latencyMs":0,"isMalicious":false}
[DashboardServer] {"type":"PACKET_EVENT","msgType":"SAFETY_MSG","senderId":"86985ce93f062b1d3e1f26bc456dc6f046432363ff0d92b1728c63537939fa19","receiverId":"BROADCAST","outcome":"SENT","latencyMs":0,"isMalicious":false}
[DashboardServer] {"type":"PACKET_EVENT","msgType":"SAFETY_MSG","senderId":"dd9f86eefbc290fa473a0b63d382b568c06ad2279c679aded6248f350deeab87","receiverId":"BROADCAST","outcome":"SENT","latencyMs":0,"isMalicious":false}
[DashboardServer] {"type":"PACKET_EVENT","msgType":"SAFETY_MSG","senderId":"eb54ee6bc4c9e1a6401615599da94978994bb6f420ea34755384fd7a47949e09","receiverId":"BROADCAST","outcome":"SENT","latencyMs":0,"isMalicious":false}
[DashboardServer] {"type":"PACKET_EVENT","msgType":"SAFETY_MSG","senderId":"1cf1f281e4628ab988065d1deb4634ca70866bc43a908b6ce38dcd0995d0a8bc","receiverId":"BROADCAST","outcome":"SENT","latencyMs":0,"isMalicious":false}
[DashboardServer] {"type":"STATS_UPDATE","zkProofsPerSec": 66.7, "cacheHitRate": 0.000000}
[DashboardServer] {"type":"STATS_UPDATE","zkProofsPerSec": 66.7, "cacheHitRate": 0.000000}
[DashboardServer] {"type":"STATS_UPDATE","zkProofsPerSec": 66.7, "cacheHitRate": 0.000000}
[DashboardServer] {"type":"STATS_UPDATE","zkProofsPerSec": 66.7, "cacheHitRate": 0.000000}
[DashboardServer] {"type":"PACKET_EVENT","msgType":"SAFETY_MSG","senderId":"15f4eee5f864e77f1c51c1af3f9f929ff03770eebf0c8b191dd12c3650ef54bf","receiverId":"BROADCAST","outcome":"SENT","latencyMs":0,"isMalicious":false}
[DashboardServer] {"type":"PACKET_EVENT","msgType":"SAFETY_MSG","senderId":"86985ce93f062b1d3e1f26bc456dc6f046432363ff0d92b1728c63537939fa19","receiverId":"BROADCAST","outcome":"SENT","latencyMs":0,"isMalicious":false}
[DashboardServer] {"type":"PACKET_EVENT","msgType":"SAFETY_MSG","senderId":"dd9f86eefbc290fa473a0b63d382b568c06ad2279c679aded6248f350deeab87","receiverId":"BROADCAST","outcome":"SENT","latencyMs":0,"isMalicious":false}
[DashboardServer] {"type":"PACKET_EVENT","msgType":"SAFETY_MSG","senderId":"eb54ee6bc4c9e1a6401615599da94978994bb6f420ea34755384fd7a47949e09","receiverId":"BROADCAST","outcome":"SENT","latencyMs":0,"isMalicious":false}
[DashboardServer] {"type":"PACKET_EVENT","msgType":"SAFETY_MSG","senderId":"1cf1f281e4628ab988065d1deb4634ca70866bc43a908b6ce38dcd0995d0a8bc","receiverId":"BROADCAST","outcome":"SENT","latencyMs":0,"isMalicious":false}
[DashboardServer] {"type":"STATS_UPDATE","zkProofsPerSec": 66.7, "cacheHitRate": 0.000000}
[DashboardServer] {"type":"STATS_UPDATE","zkProofsPerSec": 66.7, "cacheHitRate": 0.000000}
[DashboardServer] {"type":"STATS_UPDATE","zkProofsPerSec": 66.7, "cacheHitRate": 0.000000}
[DashboardServer] {"type":"PACKET_EVENT","msgType":"SAFETY_MSG","senderId":"15f4eee5f864e77f1c51c1af3f9f929ff03770eebf0c8b191dd12c3650ef54bf","receiverId":"BROADCAST","outcome":"SENT","latencyMs":0,"isMalicious":false}
[DashboardServer] {"type":"PACKET_EVENT","msgType":"SAFETY_MSG","senderId":"86985ce93f062b1d3e1f26bc456dc6f046432363ff0d92b1728c63537939fa19","receiverId":"BROADCAST","outcome":"SENT","latencyMs":0,"isMalicious":false}
[DashboardServer] {"type":"PACKET_EVENT","msgType":"SAFETY_MSG","senderId":"dd9f86eefbc290fa473a0b63d382b568c06ad2279c679aded6248f350deeab87","receiverId":"BROADCAST","outcome":"SENT","latencyMs":0,"isMalicious":false}
[DashboardServer] {"type":"PACKET_EVENT","msgType":"SAFETY_MSG","senderId":"eb54ee6bc4c9e1a6401615599da94978994bb6f420ea34755384fd7a47949e09","receiverId":"BROADCAST","outcome":"SENT","latencyMs":0,"isMalicious":false}
[DashboardServer] {"type":"PACKET_EVENT","msgType":"SAFETY_MSG","senderId":"1cf1f281e4628ab988065d1deb4634ca70866bc43a908b6ce38dcd0995d0a8bc","receiverId":"BROADCAST","outcome":"SENT","latencyMs":0,"isMalicious":false}
[DashboardServer] {"type":"STATS_UPDATE","zkProofsPerSec": 66.7, "cacheHitRate": 0.000000}
[DashboardServer] {"type":"STATS_UPDATE","zkProofsPerSec": 66.7, "cacheHitRate": 0.000000}
[DashboardServer] {"type":"STATS_UPDATE","zkProofsPerSec": 66.7, "cacheHitRate": 0.000000}
[DashboardServer] {"type":"PACKET_EVENT","msgType":"SAFETY_MSG","senderId":"15f4eee5f864e77f1c51c1af3f9f929ff03770eebf0c8b191dd12c3650ef54bf","receiverId":"BROADCAST","outcome":"SENT","latencyMs":0,"isMalicious":false}
[DashboardServer] {"type":"PACKET_EVENT","msgType":"SAFETY_MSG","senderId":"86985ce93f062b1d3e1f26bc456dc6f046432363ff0d92b1728c63537939fa19","receiverId":"BROADCAST","outcome":"SENT","latencyMs":0,"isMalicious":false}
[DashboardServer] {"type":"PACKET_EVENT","msgType":"SAFETY_MSG","senderId":"dd9f86eefbc290fa473a0b63d382b568c06ad2279c679aded6248f350deeab87","receiverId":"BROADCAST","outcome":"SENT","latencyMs":0,"isMalicious":false}
[DashboardServer] {"type":"PACKET_EVENT","msgType":"SAFETY_MSG","senderId":"eb54ee6bc4c9e1a6401615599da94978994bb6f420ea34755384fd7a47949e09","receiverId":"BROADCAST","outcome":"SENT","latencyMs":0,"isMalicious":false}
[DashboardServer] {"type":"PACKET_EVENT","msgType":"SAFETY_MSG","senderId":"1cf1f281e4628ab988065d1deb4634ca70866bc43a908b6ce38dcd0995d0a8bc","receiverId":"BROADCAST","outcome":"SENT","latencyMs":0,"isMalicious":false}
[DashboardServer] {"type":"STATS_UPDATE","zkProofsPerSec": 66.7, "cacheHitRate": 0.000000}
[DashboardServer] {"type":"STATS_UPDATE","zkProofsPerSec": 66.7, "cacheHitRate": 0.000000}
[DashboardServer] {"type":"STATS_UPDATE","zkProofsPerSec": 66.7, "cacheHitRate": 0.000000}
[DashboardServer] {"type":"STATS_UPDATE","zkProofsPerSec": 66.7, "cacheHitRate": 0.000000}
[DashboardServer] {"type":"PACKET_EVENT","msgType":"SAFETY_MSG","senderId":"15f4eee5f864e77f1c51c1af3f9f929ff03770eebf0c8b191dd12c3650ef54bf","receiverId":"BROADCAST","outcome":"SENT","latencyMs":0,"isMalicious":false}
[DashboardServer] {"type":"PACKET_EVENT","msgType":"SAFETY_MSG","senderId":"86985ce93f062b1d3e1f26bc456dc6f046432363ff0d92b1728c63537939fa19","receiverId":"BROADCAST","outcome":"SENT","latencyMs":0,"isMalicious":false}
[DashboardServer] {"type":"PACKET_EVENT","msgType":"SAFETY_MSG","senderId":"dd9f86eefbc290fa473a0b63d382b568c06ad2279c679aded6248f350deeab87","receiverId":"BROADCAST","outcome":"SENT","latencyMs":0,"isMalicious":false}
[DashboardServer] {"type":"PACKET_EVENT","msgType":"SAFETY_MSG","senderId":"eb54ee6bc4c9e1a6401615599da94978994bb6f420ea34755384fd7a47949e09","receiverId":"BROADCAST","outcome":"SENT","latencyMs":0,"isMalicious":false}
[DashboardServer] {"type":"PACKET_EVENT","msgType":"SAFETY_MSG","senderId":"1cf1f281e4628ab988065d1deb4634ca70866bc43a908b6ce38dcd0995d0a8bc","receiverId":"BROADCAST","outcome":"SENT","latencyMs":0,"isMalicious":false}
[DashboardServer] {"type":"STATS_UPDATE","zkProofsPerSec": 66.7, "cacheHitRate": 0.000000}
[DashboardServer] {"type":"STATS_UPDATE","zkProofsPerSec": 66.7, "cacheHitRate": 0.000000}
[DashboardServer] {"type":"STATS_UPDATE","zkProofsPerSec": 66.7, "cacheHitRate": 0.000000}
[DashboardServer] {"type":"PACKET_EVENT","msgType":"SAFETY_MSG","senderId":"15f4eee5f864e77f1c51c1af3f9f929ff03770eebf0c8b191dd12c3650ef54bf","receiverId":"BROADCAST","outcome":"SENT","latencyMs":0,"isMalicious":false}
[DashboardServer] {"type":"PACKET_EVENT","msgType":"SAFETY_MSG","senderId":"86985ce93f062b1d3e1f26bc456dc6f046432363ff0d92b1728c63537939fa19","receiverId":"BROADCAST","outcome":"SENT","latencyMs":0,"isMalicious":false}
[DashboardServer] {"type":"PACKET_EVENT","msgType":"SAFETY_MSG","senderId":"dd9f86eefbc290fa473a0b63d382b568c06ad2279c679aded6248f350deeab87","receiverId":"BROADCAST","outcome":"SENT","latencyMs":0,"isMalicious":false}
[DashboardServer] {"type":"PACKET_EVENT","msgType":"SAFETY_MSG","senderId":"eb54ee6bc4c9e1a6401615599da94978994bb6f420ea34755384fd7a47949e09","receiverId":"BROADCAST","outcome":"SENT","latencyMs":0,"isMalicious":false}
[DashboardServer] {"type":"PACKET_EVENT","msgType":"SAFETY_MSG","senderId":"1cf1f281e4628ab988065d1deb4634ca70866bc43a908b6ce38dcd0995d0a8bc","receiverId":"BROADCAST","outcome":"SENT","latencyMs":0,"isMalicious":false}
[DashboardServer] {"type":"STATS_UPDATE","zkProofsPerSec": 66.7, "cacheHitRate": 0.000000}
[DashboardServer] {"type":"STATS_UPDATE","zkProofsPerSec": 66.7, "cacheHitRate": 0.000000}
[DashboardServer] {"type":"STATS_UPDATE","zkProofsPerSec": 66.7, "cacheHitRate": 0.000000}
[DashboardServer] {"type":"PACKET_EVENT","msgType":"SAFETY_MSG","senderId":"15f4eee5f864e77f1c51c1af3f9f929ff03770eebf0c8b191dd12c3650ef54bf","receiverId":"BROADCAST","outcome":"SENT","latencyMs":0,"isMalicious":false}
[DashboardServer] {"type":"PACKET_EVENT","msgType":"SAFETY_MSG","senderId":"86985ce93f062b1d3e1f26bc456dc6f046432363ff0d92b1728c63537939fa19","receiverId":"BROADCAST","outcome":"SENT","latencyMs":0,"isMalicious":false}
[DashboardServer] {"type":"PACKET_EVENT","msgType":"SAFETY_MSG","senderId":"dd9f86eefbc290fa473a0b63d382b568c06ad2279c679aded6248f350deeab87","receiverId":"BROADCAST","outcome":"SENT","latencyMs":0,"isMalicious":false}
[DashboardServer] {"type":"PACKET_EVENT","msgType":"SAFETY_MSG","senderId":"eb54ee6bc4c9e1a6401615599da94978994bb6f420ea34755384fd7a47949e09","receiverId":"BROADCAST","outcome":"SENT","latencyMs":0,"isMalicious":false}
[DashboardServer] {"type":"PACKET_EVENT","msgType":"SAFETY_MSG","senderId":"1cf1f281e4628ab988065d1deb4634ca70866bc43a908b6ce38dcd0995d0a8bc","receiverId":"BROADCAST","outcome":"SENT","latencyMs":0,"isMalicious":false}
[DashboardServer] {"type":"STATS_UPDATE","zkProofsPerSec": 66.7, "cacheHitRate": 0.000000}
[DashboardServer] {"type":"STATS_UPDATE","zkProofsPerSec": 66.7, "cacheHitRate": 0.000000}
[DashboardServer] {"type":"STATS_UPDATE","zkProofsPerSec": 66.7, "cacheHitRate": 0.000000}
[DashboardServer] {"type":"STATS_UPDATE","zkProofsPerSec": 66.7, "cacheHitRate": 0.000000}
[DashboardServer] {"type":"PACKET_EVENT","msgType":"SAFETY_MSG","senderId":"15f4eee5f864e77f1c51c1af3f9f929ff03770eebf0c8b191dd12c3650ef54bf","receiverId":"BROADCAST","outcome":"SENT","latencyMs":0,"isMalicious":false}
[DashboardServer] {"type":"PACKET_EVENT","msgType":"SAFETY_MSG","senderId":"86985ce93f062b1d3e1f26bc456dc6f046432363ff0d92b1728c63537939fa19","receiverId":"BROADCAST","outcome":"SENT","latencyMs":0,"isMalicious":false}
[DashboardServer] {"type":"PACKET_EVENT","msgType":"SAFETY_MSG","senderId":"dd9f86eefbc290fa473a0b63d382b568c06ad2279c679aded6248f350deeab87","receiverId":"BROADCAST","outcome":"SENT","latencyMs":0,"isMalicious":false}
[DashboardServer] {"type":"PACKET_EVENT","msgType":"SAFETY_MSG","senderId":"eb54ee6bc4c9e1a6401615599da94978994bb6f420ea34755384fd7a47949e09","receiverId":"BROADCAST","outcome":"SENT","latencyMs":0,"isMalicious":false}
[DashboardServer] {"type":"PACKET_EVENT","msgType":"SAFETY_MSG","senderId":"1cf1f281e4628ab988065d1deb4634ca70866bc43a908b6ce38dcd0995d0a8bc","receiverId":"BROADCAST","outcome":"SENT","latencyMs":0,"isMalicious":false}
[DashboardServer] {"type":"STATS_UPDATE","zkProofsPerSec": 66.7, "cacheHitRate": 0.000000}
[DashboardServer] {"type":"STATS_UPDATE","zkProofsPerSec": 66.7, "cacheHitRate": 0.000000}
[DashboardServer] {"type":"STATS_UPDATE","zkProofsPerSec": 66.7, "cacheHitRate": 0.000000}
[DashboardServer] {"type":"PACKET_EVENT","msgType":"SAFETY_MSG","senderId":"15f4eee5f864e77f1c51c1af3f9f929ff03770eebf0c8b191dd12c3650ef54bf","receiverId":"BROADCAST","outcome":"SENT","latencyMs":0,"isMalicious":false}
[DashboardServer] {"type":"PACKET_EVENT","msgType":"SAFETY_MSG","senderId":"86985ce93f062b1d3e1f26bc456dc6f046432363ff0d92b1728c63537939fa19","receiverId":"BROADCAST","outcome":"SENT","latencyMs":0,"isMalicious":false}
[DashboardServer] {"type":"PACKET_EVENT","msgType":"SAFETY_MSG","senderId":"dd9f86eefbc290fa473a0b63d382b568c06ad2279c679aded6248f350deeab87","receiverId":"BROADCAST","outcome":"SENT","latencyMs":0,"isMalicious":false}
[DashboardServer] {"type":"PACKET_EVENT","msgType":"SAFETY_MSG","senderId":"eb54ee6bc4c9e1a6401615599da94978994bb6f420ea34755384fd7a47949e09","receiverId":"BROADCAST","outcome":"SENT","latencyMs":0,"isMalicious":false}
[DashboardServer] {"type":"PACKET_EVENT","msgType":"SAFETY_MSG","senderId":"1cf1f281e4628ab988065d1deb4634ca70866bc43a908b6ce38dcd0995d0a8bc","receiverId":"BROADCAST","outcome":"SENT","latencyMs":0,"isMalicious":false}
[DashboardServer] {"type":"VEHICLE_UPDATE","vehicleId":"node[5]","pseudonym":"953404a20a30f245d2d5d34f7bdcaea6e6b8159c1cae33af02c9effd85e998f4","h0":"88f5d7ddb15c605e761ca9309bc3ae2f45a455969518dedb243a30efdf8867d6","posX":2525,"posY":28.2,"epoch":0,"threshold":1,"neighbours":0,"isMalicious":false,"maliciousMode":"NONE","status":"OK"}
[DashboardServer] {"type":"STATS_UPDATE","zkProofsPerSec": 66.7, "cacheHitRate": 0.000000}
[DashboardServer] {"type":"STATS_UPDATE","zkProofsPerSec": 66.7, "cacheHitRate": 0.000000}
[DashboardServer] {"type":"STATS_UPDATE","zkProofsPerSec": 66.7, "cacheHitRate": 0.000000}
[DashboardServer] {"type":"PACKET_EVENT","msgType":"SAFETY_MSG","senderId":"15f4eee5f864e77f1c51c1af3f9f929ff03770eebf0c8b191dd12c3650ef54bf","receiverId":"BROADCAST","outcome":"SENT","latencyMs":0,"isMalicious":false}
[DashboardServer] {"type":"PACKET_EVENT","msgType":"SAFETY_MSG","senderId":"86985ce93f062b1d3e1f26bc456dc6f046432363ff0d92b1728c63537939fa19","receiverId":"BROADCAST","outcome":"SENT","latencyMs":0,"isMalicious":false}
[DashboardServer] {"type":"PACKET_EVENT","msgType":"SAFETY_MSG","senderId":"dd9f86eefbc290fa473a0b63d382b568c06ad2279c679aded6248f350deeab87","receiverId":"BROADCAST","outcome":"SENT","latencyMs":0,"isMalicious":false}
[DashboardServer] {"type":"PACKET_EVENT","msgType":"SAFETY_MSG","senderId":"eb54ee6bc4c9e1a6401615599da94978994bb6f420ea34755384fd7a47949e09","receiverId":"BROADCAST","outcome":"SENT","latencyMs":0,"isMalicious":false}
[DashboardServer] {"type":"PACKET_EVENT","msgType":"SAFETY_MSG","senderId":"1cf1f281e4628ab988065d1deb4634ca70866bc43a908b6ce38dcd0995d0a8bc","receiverId":"BROADCAST","outcome":"SENT","latencyMs":0,"isMalicious":false}
[DashboardServer] {"type":"PACKET_EVENT","msgType":"SAFETY_MSG","senderId":"953404a20a30f245d2d5d34f7bdcaea6e6b8159c1cae33af02c9effd85e998f4","receiverId":"BROADCAST","outcome":"SENT","latencyMs":0,"isMalicious":false}
[DashboardServer] {"type":"STATS_UPDATE","zkProofsPerSec": 66.7, "cacheHitRate": 0.000000}
[DashboardServer] {"type":"STATS_UPDATE","zkProofsPerSec": 66.7, "cacheHitRate": 0.000000}
[DashboardServer] {"type":"STATS_UPDATE","zkProofsPerSec": 66.7, "cacheHitRate": 0.000000}
[DashboardServer] {"type":"STATS_UPDATE","zkProofsPerSec": 66.7, "cacheHitRate": 0.000000}
[DashboardServer] {"type":"PACKET_EVENT","msgType":"SAFETY_MSG","senderId":"15f4eee5f864e77f1c51c1af3f9f929ff03770eebf0c8b191dd12c3650ef54bf","receiverId":"BROADCAST","outcome":"SENT","latencyMs":0,"isMalicious":false}
[DashboardServer] {"type":"PACKET_EVENT","msgType":"SAFETY_MSG","senderId":"86985ce93f062b1d3e1f26bc456dc6f046432363ff0d92b1728c63537939fa19","receiverId":"BROADCAST","outcome":"SENT","latencyMs":0,"isMalicious":false}
[DashboardServer] {"type":"PACKET_EVENT","msgType":"SAFETY_MSG","senderId":"dd9f86eefbc290fa473a0b63d382b568c06ad2279c679aded6248f350deeab87","receiverId":"BROADCAST","outcome":"SENT","latencyMs":0,"isMalicious":false}
[DashboardServer] {"type":"PACKET_EVENT","msgType":"SAFETY_MSG","senderId":"eb54ee6bc4c9e1a6401615599da94978994bb6f420ea34755384fd7a47949e09","receiverId":"BROADCAST","outcome":"SENT","latencyMs":0,"isMalicious":false}
[DashboardServer] {"type":"PACKET_EVENT","msgType":"SAFETY_MSG","senderId":"1cf1f281e4628ab988065d1deb4634ca70866bc43a908b6ce38dcd0995d0a8bc","receiverId":"BROADCAST","outcome":"SENT","latencyMs":0,"isMalicious":false}
[DashboardServer] {"type":"PACKET_EVENT","msgType":"SAFETY_MSG","senderId":"953404a20a30f245d2d5d34f7bdcaea6e6b8159c1cae33af02c9effd85e998f4","receiverId":"BROADCAST","outcome":"SENT","latencyMs":0,"isMalicious":false}
[DashboardServer] {"type":"STATS_UPDATE","zkProofsPerSec": 66.7, "cacheHitRate": 0.000000}
[DashboardServer] {"type":"STATS_UPDATE","zkProofsPerSec": 66.7, "cacheHitRate": 0.000000}
[DashboardServer] {"type":"STATS_UPDATE","zkProofsPerSec": 66.7, "cacheHitRate": 0.000000}
[DashboardServer] {"type":"PACKET_EVENT","msgType":"SAFETY_MSG","senderId":"15f4eee5f864e77f1c51c1af3f9f929ff03770eebf0c8b191dd12c3650ef54bf","receiverId":"BROADCAST","outcome":"SENT","latencyMs":0,"isMalicious":false}
[DashboardServer] {"type":"PACKET_EVENT","msgType":"SAFETY_MSG","senderId":"86985ce93f062b1d3e1f26bc456dc6f046432363ff0d92b1728c63537939fa19","receiverId":"BROADCAST","outcome":"SENT","latencyMs":0,"isMalicious":false}
[DashboardServer] {"type":"PACKET_EVENT","msgType":"SAFETY_MSG","senderId":"dd9f86eefbc290fa473a0b63d382b568c06ad2279c679aded6248f350deeab87","receiverId":"BROADCAST","outcome":"SENT","latencyMs":0,"isMalicious":false}
[DashboardServer] {"type":"PACKET_EVENT","msgType":"SAFETY_MSG","senderId":"eb54ee6bc4c9e1a6401615599da94978994bb6f420ea34755384fd7a47949e09","receiverId":"BROADCAST","outcome":"SENT","latencyMs":0,"isMalicious":false}
[DashboardServer] {"type":"PACKET_EVENT","msgType":"SAFETY_MSG","senderId":"1cf1f281e4628ab988065d1deb4634ca70866bc43a908b6ce38dcd0995d0a8bc","receiverId":"BROADCAST","outcome":"SENT","latencyMs":0,"isMalicious":false}
[DashboardServer] {"type":"PACKET_EVENT","msgType":"SAFETY_MSG","senderId":"953404a20a30f245d2d5d34f7bdcaea6e6b8159c1cae33af02c9effd85e998f4","receiverId":"BROADCAST","outcome":"SENT","latencyMs":0,"isMalicious":false}
[DashboardServer] {"type":"STATS_UPDATE","zkProofsPerSec": 66.7, "cacheHitRate": 0.000000}
[DashboardServer] {"type":"STATS_UPDATE","zkProofsPerSec": 66.7, "cacheHitRate": 0.000000}
[DashboardServer] {"type":"STATS_UPDATE","zkProofsPerSec": 66.7, "cacheHitRate": 0.000000}
[DashboardServer] {"type":"PACKET_EVENT","msgType":"SAFETY_MSG","senderId":"15f4eee5f864e77f1c51c1af3f9f929ff03770eebf0c8b191dd12c3650ef54bf","receiverId":"BROADCAST","outcome":"SENT","latencyMs":0,"isMalicious":false}
[DashboardServer] {"type":"PACKET_EVENT","msgType":"SAFETY_MSG","senderId":"86985ce93f062b1d3e1f26bc456dc6f046432363ff0d92b1728c63537939fa19","receiverId":"BROADCAST","outcome":"SENT","latencyMs":0,"isMalicious":false}
[DashboardServer] {"type":"PACKET_EVENT","msgType":"SAFETY_MSG","senderId":"dd9f86eefbc290fa473a0b63d382b568c06ad2279c679aded6248f350deeab87","receiverId":"BROADCAST","outcome":"SENT","latencyMs":0,"isMalicious":false}
[DashboardServer] {"type":"PACKET_EVENT","msgType":"SAFETY_MSG","senderId":"eb54ee6bc4c9e1a6401615599da94978994bb6f420ea34755384fd7a47949e09","receiverId":"BROADCAST","outcome":"SENT","latencyMs":0,"isMalicious":false}
[DashboardServer] {"type":"PACKET_EVENT","msgType":"SAFETY_MSG","senderId":"1cf1f281e4628ab988065d1deb4634ca70866bc43a908b6ce38dcd0995d0a8bc","receiverId":"BROADCAST","outcome":"SENT","latencyMs":0,"isMalicious":false}
[DashboardServer] {"type":"PACKET_EVENT","msgType":"SAFETY_MSG","senderId":"953404a20a30f245d2d5d34f7bdcaea6e6b8159c1cae33af02c9effd85e998f4","receiverId":"BROADCAST","outcome":"SENT","latencyMs":0,"isMalicious":false}
[DashboardServer] {"type":"STATS_UPDATE","zkProofsPerSec": 66.7, "cacheHitRate": 0.000000}
[DashboardServer] {"type":"STATS_UPDATE","zkProofsPerSec": 66.7, "cacheHitRate": 0.000000}
[DashboardServer] {"type":"STATS_UPDATE","zkProofsPerSec": 66.7, "cacheHitRate": 0.000000}
[DashboardServer] {"type":"STATS_UPDATE","zkProofsPerSec": 66.7, "cacheHitRate": 0.000000}
[DashboardServer] {"type":"PACKET_EVENT","msgType":"SAFETY_MSG","senderId":"15f4eee5f864e77f1c51c1af3f9f929ff03770eebf0c8b191dd12c3650ef54bf","receiverId":"BROADCAST","outcome":"SENT","latencyMs":0,"isMalicious":false}
[DashboardServer] {"type":"PACKET_EVENT","msgType":"SAFETY_MSG","senderId":"86985ce93f062b1d3e1f26bc456dc6f046432363ff0d92b1728c63537939fa19","receiverId":"BROADCAST","outcome":"SENT","latencyMs":0,"isMalicious":false}
[DashboardServer] {"type":"PACKET_EVENT","msgType":"SAFETY_MSG","senderId":"dd9f86eefbc290fa473a0b63d382b568c06ad2279c679aded6248f350deeab87","receiverId":"BROADCAST","outcome":"SENT","latencyMs":0,"isMalicious":false}
[DashboardServer] {"type":"PACKET_EVENT","msgType":"SAFETY_MSG","senderId":"eb54ee6bc4c9e1a6401615599da94978994bb6f420ea34755384fd7a47949e09","receiverId":"BROADCAST","outcome":"SENT","latencyMs":0,"isMalicious":false}
[DashboardServer] {"type":"PACKET_EVENT","msgType":"SAFETY_MSG","senderId":"1cf1f281e4628ab988065d1deb4634ca70866bc43a908b6ce38dcd0995d0a8bc","receiverId":"BROADCAST","outcome":"SENT","latencyMs":0,"isMalicious":false}
[DashboardServer] {"type":"PACKET_EVENT","msgType":"SAFETY_MSG","senderId":"953404a20a30f245d2d5d34f7bdcaea6e6b8159c1cae33af02c9effd85e998f4","receiverId":"BROADCAST","outcome":"SENT","latencyMs":0,"isMalicious":false}
[DashboardServer] {"type":"STATS_UPDATE","zkProofsPerSec": 66.7, "cacheHitRate": 0.000000}
[DashboardServer] {"type":"STATS_UPDATE","zkProofsPerSec": 66.7, "cacheHitRate": 0.000000}
[DashboardServer] {"type":"STATS_UPDATE","zkProofsPerSec": 66.7, "cacheHitRate": 0.000000}
[DashboardServer] {"type":"PACKET_EVENT","msgType":"SAFETY_MSG","senderId":"15f4eee5f864e77f1c51c1af3f9f929ff03770eebf0c8b191dd12c3650ef54bf","receiverId":"BROADCAST","outcome":"SENT","latencyMs":0,"isMalicious":false}
[DashboardServer] {"type":"PACKET_EVENT","msgType":"SAFETY_MSG","senderId":"86985ce93f062b1d3e1f26bc456dc6f046432363ff0d92b1728c63537939fa19","receiverId":"BROADCAST","outcome":"SENT","latencyMs":0,"isMalicious":false}
[DashboardServer] {"type":"PACKET_EVENT","msgType":"SAFETY_MSG","senderId":"dd9f86eefbc290fa473a0b63d382b568c06ad2279c679aded6248f350deeab87","receiverId":"BROADCAST","outcome":"SENT","latencyMs":0,"isMalicious":false}
[DashboardServer] {"type":"PACKET_EVENT","msgType":"SAFETY_MSG","senderId":"eb54ee6bc4c9e1a6401615599da94978994bb6f420ea34755384fd7a47949e09","receiverId":"BROADCAST","outcome":"SENT","latencyMs":0,"isMalicious":false}
[DashboardServer] {"type":"PACKET_EVENT","msgType":"SAFETY_MSG","senderId":"1cf1f281e4628ab988065d1deb4634ca70866bc43a908b6ce38dcd0995d0a8bc","receiverId":"BROADCAST","outcome":"SENT","latencyMs":0,"isMalicious":false}
[DashboardServer] {"type":"PACKET_EVENT","msgType":"SAFETY_MSG","senderId":"953404a20a30f245d2d5d34f7bdcaea6e6b8159c1cae33af02c9effd85e998f4","receiverId":"BROADCAST","outcome":"SENT","latencyMs":0,"isMalicious":false}
[DashboardServer] {"type":"STATS_UPDATE","zkProofsPerSec": 66.7, "cacheHitRate": 0.000000}
[DashboardServer] {"type":"STATS_UPDATE","zkProofsPerSec": 66.7, "cacheHitRate": 0.000000}
[DashboardServer] {"type":"STATS_UPDATE","zkProofsPerSec": 66.7, "cacheHitRate": 0.000000}
[DashboardServer] {"type":"PACKET_EVENT","msgType":"SAFETY_MSG","senderId":"15f4eee5f864e77f1c51c1af3f9f929ff03770eebf0c8b191dd12c3650ef54bf","receiverId":"BROADCAST","outcome":"SENT","latencyMs":0,"isMalicious":false}
[DashboardServer] {"type":"PACKET_EVENT","msgType":"SAFETY_MSG","senderId":"86985ce93f062b1d3e1f26bc456dc6f046432363ff0d92b1728c63537939fa19","receiverId":"BROADCAST","outcome":"SENT","latencyMs":0,"isMalicious":false}
[DashboardServer] {"type":"PACKET_EVENT","msgType":"SAFETY_MSG","senderId":"dd9f86eefbc290fa473a0b63d382b568c06ad2279c679aded6248f350deeab87","receiverId":"BROADCAST","outcome":"SENT","latencyMs":0,"isMalicious":false}
[DashboardServer] {"type":"PACKET_EVENT","msgType":"SAFETY_MSG","senderId":"eb54ee6bc4c9e1a6401615599da94978994bb6f420ea34755384fd7a47949e09","receiverId":"BROADCAST","outcome":"SENT","latencyMs":0,"isMalicious":false}
[DashboardServer] {"type":"PACKET_EVENT","msgType":"SAFETY_MSG","senderId":"1cf1f281e4628ab988065d1deb4634ca70866bc43a908b6ce38dcd0995d0a8bc","receiverId":"BROADCAST","outcome":"SENT","latencyMs":0,"isMalicious":false}
[DashboardServer] {"type":"PACKET_EVENT","msgType":"SAFETY_MSG","senderId":"953404a20a30f245d2d5d34f7bdcaea6e6b8159c1cae33af02c9effd85e998f4","receiverId":"BROADCAST","outcome":"SENT","latencyMs":0,"isMalicious":false}
[DashboardServer] {"type":"STATS_UPDATE","zkProofsPerSec": 66.7, "cacheHitRate": 0.000000}
[DashboardServer] {"type":"STATS_UPDATE","zkProofsPerSec": 66.7, "cacheHitRate": 0.000000}
[DashboardServer] {"type":"STATS_UPDATE","zkProofsPerSec": 66.7, "cacheHitRate": 0.000000}
[DashboardServer] {"type":"STATS_UPDATE","zkProofsPerSec": 66.7, "cacheHitRate": 0.000000}
[DashboardServer] {"type":"PACKET_EVENT","msgType":"SAFETY_MSG","senderId":"15f4eee5f864e77f1c51c1af3f9f929ff03770eebf0c8b191dd12c3650ef54bf","receiverId":"BROADCAST","outcome":"SENT","latencyMs":0,"isMalicious":false}
[DashboardServer] {"type":"PACKET_EVENT","msgType":"SAFETY_MSG","senderId":"86985ce93f062b1d3e1f26bc456dc6f046432363ff0d92b1728c63537939fa19","receiverId":"BROADCAST","outcome":"SENT","latencyMs":0,"isMalicious":false}
[DashboardServer] {"type":"PACKET_EVENT","msgType":"SAFETY_MSG","senderId":"dd9f86eefbc290fa473a0b63d382b568c06ad2279c679aded6248f350deeab87","receiverId":"BROADCAST","outcome":"SENT","latencyMs":0,"isMalicious":false}
[DashboardServer] {"type":"PACKET_EVENT","msgType":"SAFETY_MSG","senderId":"eb54ee6bc4c9e1a6401615599da94978994bb6f420ea34755384fd7a47949e09","receiverId":"BROADCAST","outcome":"SENT","latencyMs":0,"isMalicious":false}
[DashboardServer] {"type":"PACKET_EVENT","msgType":"SAFETY_MSG","senderId":"1cf1f281e4628ab988065d1deb4634ca70866bc43a908b6ce38dcd0995d0a8bc","receiverId":"BROADCAST","outcome":"SENT","latencyMs":0,"isMalicious":false}
[DashboardServer] {"type":"PACKET_EVENT","msgType":"SAFETY_MSG","senderId":"953404a20a30f245d2d5d34f7bdcaea6e6b8159c1cae33af02c9effd85e998f4","receiverId":"BROADCAST","outcome":"SENT","latencyMs":0,"isMalicious":false}
[DashboardServer] {"type":"STATS_UPDATE","zkProofsPerSec": 66.7, "cacheHitRate": 0.000000}
[DashboardServer] {"type":"STATS_UPDATE","zkProofsPerSec": 66.7, "cacheHitRate": 0.000000}
[DashboardServer] {"type":"STATS_UPDATE","zkProofsPerSec": 66.7, "cacheHitRate": 0.000000}
[DashboardServer] {"type":"PACKET_EVENT","msgType":"SAFETY_MSG","senderId":"15f4eee5f864e77f1c51c1af3f9f929ff03770eebf0c8b191dd12c3650ef54bf","receiverId":"BROADCAST","outcome":"SENT","latencyMs":0,"isMalicious":false}
[DashboardServer] {"type":"PACKET_EVENT","msgType":"SAFETY_MSG","senderId":"86985ce93f062b1d3e1f26bc456dc6f046432363ff0d92b1728c63537939fa19","receiverId":"BROADCAST","outcome":"SENT","latencyMs":0,"isMalicious":false}
[DashboardServer] {"type":"PACKET_EVENT","msgType":"SAFETY_MSG","senderId":"dd9f86eefbc290fa473a0b63d382b568c06ad2279c679aded6248f350deeab87","receiverId":"BROADCAST","outcome":"SENT","latencyMs":0,"isMalicious":false}
[DashboardServer] {"type":"PACKET_EVENT","msgType":"SAFETY_MSG","senderId":"eb54ee6bc4c9e1a6401615599da94978994bb6f420ea34755384fd7a47949e09","receiverId":"BROADCAST","outcome":"SENT","latencyMs":0,"isMalicious":false}
[DashboardServer] {"type":"PACKET_EVENT","msgType":"SAFETY_MSG","senderId":"1cf1f281e4628ab988065d1deb4634ca70866bc43a908b6ce38dcd0995d0a8bc","receiverId":"BROADCAST","outcome":"SENT","latencyMs":0,"isMalicious":false}
[DashboardServer] {"type":"PACKET_EVENT","msgType":"SAFETY_MSG","senderId":"953404a20a30f245d2d5d34f7bdcaea6e6b8159c1cae33af02c9effd85e998f4","receiverId":"BROADCAST","outcome":"SENT","latencyMs":0,"isMalicious":false}
[DashboardServer] {"type":"STATS_UPDATE","zkProofsPerSec": 66.7, "cacheHitRate": 0.000000}
[DashboardServer] {"type":"STATS_UPDATE","zkProofsPerSec": 66.7, "cacheHitRate": 0.000000}
[DashboardServer] {"type":"STATS_UPDATE","zkProofsPerSec": 66.7, "cacheHitRate": 0.000000}
[DashboardServer] {"type":"STATS_UPDATE","zkProofsPerSec": 66.7, "cacheHitRate": 0.000000}
[DashboardServer] {"type":"PACKET_EVENT","msgType":"SAFETY_MSG","senderId":"15f4eee5f864e77f1c51c1af3f9f929ff03770eebf0c8b191dd12c3650ef54bf","receiverId":"BROADCAST","outcome":"SENT","latencyMs":0,"isMalicious":false}
[DashboardServer] {"type":"PACKET_EVENT","msgType":"SAFETY_MSG","senderId":"86985ce93f062b1d3e1f26bc456dc6f046432363ff0d92b1728c63537939fa19","receiverId":"BROADCAST","outcome":"SENT","latencyMs":0,"isMalicious":false}
[DashboardServer] {"type":"PACKET_EVENT","msgType":"SAFETY_MSG","senderId":"dd9f86eefbc290fa473a0b63d382b568c06ad2279c679aded6248f350deeab87","receiverId":"BROADCAST","outcome":"SENT","latencyMs":0,"isMalicious":false}
[DashboardServer] {"type":"PACKET_EVENT","msgType":"SAFETY_MSG","senderId":"eb54ee6bc4c9e1a6401615599da94978994bb6f420ea34755384fd7a47949e09","receiverId":"BROADCAST","outcome":"SENT","latencyMs":0,"isMalicious":false}
[DashboardServer] {"type":"PACKET_EVENT","msgType":"SAFETY_MSG","senderId":"1cf1f281e4628ab988065d1deb4634ca70866bc43a908b6ce38dcd0995d0a8bc","receiverId":"BROADCAST","outcome":"SENT","latencyMs":0,"isMalicious":false}
[DashboardServer] {"type":"PACKET_EVENT","msgType":"SAFETY_MSG","senderId":"953404a20a30f245d2d5d34f7bdcaea6e6b8159c1cae33af02c9effd85e998f4","receiverId":"BROADCAST","outcome":"SENT","latencyMs":0,"isMalicious":false}
[DashboardServer] {"type":"STATS_UPDATE","zkProofsPerSec": 66.7, "cacheHitRate": 0.000000}
[DashboardServer] {"type":"STATS_UPDATE","zkProofsPerSec": 66.7, "cacheHitRate": 0.000000}
[DashboardServer] {"type":"STATS_UPDATE","zkProofsPerSec": 66.7, "cacheHitRate": 0.000000}
[DashboardServer] {"type":"STATS_UPDATE","zkProofsPerSec": 66.7, "cacheHitRate": 0.000000}
[DashboardServer] {"type":"PACKET_EVENT","msgType":"SAFETY_MSG","senderId":"15f4eee5f864e77f1c51c1af3f9f929ff03770eebf0c8b191dd12c3650ef54bf","receiverId":"BROADCAST","outcome":"SENT","latencyMs":0,"isMalicious":false}
[DashboardServer] {"type":"PACKET_EVENT","msgType":"SAFETY_MSG","senderId":"86985ce93f062b1d3e1f26bc456dc6f046432363ff0d92b1728c63537939fa19","receiverId":"BROADCAST","outcome":"SENT","latencyMs":0,"isMalicious":false}
[DashboardServer] {"type":"PACKET_EVENT","msgType":"SAFETY_MSG","senderId":"dd9f86eefbc290fa473a0b63d382b568c06ad2279c679aded6248f350deeab87","receiverId":"BROADCAST","outcome":"SENT","latencyMs":0,"isMalicious":false}
[DashboardServer] {"type":"PACKET_EVENT","msgType":"SAFETY_MSG","senderId":"eb54ee6bc4c9e1a6401615599da94978994bb6f420ea34755384fd7a47949e09","receiverId":"BROADCAST","outcome":"SENT","latencyMs":0,"isMalicious":false}
[DashboardServer] {"type":"PACKET_EVENT","msgType":"SAFETY_MSG","senderId":"1cf1f281e4628ab988065d1deb4634ca70866bc43a908b6ce38dcd0995d0a8bc","receiverId":"BROADCAST","outcome":"SENT","latencyMs":0,"isMalicious":false}
[DashboardServer] {"type":"PACKET_EVENT","msgType":"SAFETY_MSG","senderId":"953404a20a30f245d2d5d34f7bdcaea6e6b8159c1cae33af02c9effd85e998f4","receiverId":"BROADCAST","outcome":"SENT","latencyMs":0,"isMalicious":false}
[DashboardServer] {"type":"STATS_UPDATE","zkProofsPerSec": 66.7, "cacheHitRate": 0.000000}
[DashboardServer] {"type":"STATS_UPDATE","zkProofsPerSec": 66.7, "cacheHitRate": 0.000000}
[DashboardServer] {"type":"STATS_UPDATE","zkProofsPerSec": 66.7, "cacheHitRate": 0.000000}
[DashboardServer] {"type":"STATS_UPDATE","zkProofsPerSec": 66.7, "cacheHitRate": 0.000000}
[DashboardServer] {"type":"PACKET_EVENT","msgType":"SAFETY_MSG","senderId":"15f4eee5f864e77f1c51c1af3f9f929ff03770eebf0c8b191dd12c3650ef54bf","receiverId":"BROADCAST","outcome":"SENT","latencyMs":0,"isMalicious":false}
[DashboardServer] {"type":"PACKET_EVENT","msgType":"SAFETY_MSG","senderId":"86985ce93f062b1d3e1f26bc456dc6f046432363ff0d92b1728c63537939fa19","receiverId":"BROADCAST","outcome":"SENT","latencyMs":0,"isMalicious":false}
[DashboardServer] {"type":"PACKET_EVENT","msgType":"SAFETY_MSG","senderId":"dd9f86eefbc290fa473a0b63d382b568c06ad2279c679aded6248f350deeab87","receiverId":"BROADCAST","outcome":"SENT","latencyMs":0,"isMalicious":false}
[DashboardServer] {"type":"PACKET_EVENT","msgType":"SAFETY_MSG","senderId":"eb54ee6bc4c9e1a6401615599da94978994bb6f420ea34755384fd7a47949e09","receiverId":"BROADCAST","outcome":"SENT","latencyMs":0,"isMalicious":false}
[DashboardServer] {"type":"PACKET_EVENT","msgType":"SAFETY_MSG","senderId":"1cf1f281e4628ab988065d1deb4634ca70866bc43a908b6ce38dcd0995d0a8bc","receiverId":"BROADCAST","outcome":"SENT","latencyMs":0,"isMalicious":false}
[DashboardServer] {"type":"PACKET_EVENT","msgType":"SAFETY_MSG","senderId":"953404a20a30f245d2d5d34f7bdcaea6e6b8159c1cae33af02c9effd85e998f4","receiverId":"BROADCAST","outcome":"SENT","latencyMs":0,"isMalicious":false}
[DashboardServer] {"type":"STATS_UPDATE","zkProofsPerSec": 66.7, "cacheHitRate": 0.000000}
[DashboardServer] {"type":"STATS_UPDATE","zkProofsPerSec": 66.7, "cacheHitRate": 0.000000}
[DashboardServer] {"type":"STATS_UPDATE","zkProofsPerSec": 66.7, "cacheHitRate": 0.000000}
[DashboardServer] {"type":"STATS_UPDATE","zkProofsPerSec": 66.7, "cacheHitRate": 0.000000}
[DashboardServer] {"type":"PACKET_EVENT","msgType":"SAFETY_MSG","senderId":"15f4eee5f864e77f1c51c1af3f9f929ff03770eebf0c8b191dd12c3650ef54bf","receiverId":"BROADCAST","outcome":"SENT","latencyMs":0,"isMalicious":false}
[DashboardServer] {"type":"PACKET_EVENT","msgType":"SAFETY_MSG","senderId":"86985ce93f062b1d3e1f26bc456dc6f046432363ff0d92b1728c63537939fa19","receiverId":"BROADCAST","outcome":"SENT","latencyMs":0,"isMalicious":false}
[DashboardServer] {"type":"PACKET_EVENT","msgType":"SAFETY_MSG","senderId":"dd9f86eefbc290fa473a0b63d382b568c06ad2279c679aded6248f350deeab87","receiverId":"BROADCAST","outcome":"SENT","latencyMs":0,"isMalicious":false}
[DashboardServer] {"type":"PACKET_EVENT","msgType":"SAFETY_MSG","senderId":"eb54ee6bc4c9e1a6401615599da94978994bb6f420ea34755384fd7a47949e09","receiverId":"BROADCAST","outcome":"SENT","latencyMs":0,"isMalicious":false}
[DashboardServer] {"type":"PACKET_EVENT","msgType":"SAFETY_MSG","senderId":"1cf1f281e4628ab988065d1deb4634ca70866bc43a908b6ce38dcd0995d0a8bc","receiverId":"BROADCAST","outcome":"SENT","latencyMs":0,"isMalicious":false}
[DashboardServer] {"type":"PACKET_EVENT","msgType":"SAFETY_MSG","senderId":"953404a20a30f245d2d5d34f7bdcaea6e6b8159c1cae33af02c9effd85e998f4","receiverId":"BROADCAST","outcome":"SENT","latencyMs":0,"isMalicious":false}
[DashboardServer] {"type":"STATS_UPDATE","zkProofsPerSec": 66.7, "cacheHitRate": 0.000000}
[DashboardServer] {"type":"STATS_UPDATE","zkProofsPerSec": 66.7, "cacheHitRate": 0.000000}
[DashboardServer] {"type":"STATS_UPDATE","zkProofsPerSec": 66.7, "cacheHitRate": 0.000000}
[DashboardServer] {"type":"STATS_UPDATE","zkProofsPerSec": 66.7, "cacheHitRate": 0.000000}
[DashboardServer] {"type":"PACKET_EVENT","msgType":"SAFETY_MSG","senderId":"15f4eee5f864e77f1c51c1af3f9f929ff03770eebf0c8b191dd12c3650ef54bf","receiverId":"BROADCAST","outcome":"SENT","latencyMs":0,"isMalicious":false}
[DashboardServer] {"type":"PACKET_EVENT","msgType":"SAFETY_MSG","senderId":"86985ce93f062b1d3e1f26bc456dc6f046432363ff0d92b1728c63537939fa19","receiverId":"BROADCAST","outcome":"SENT","latencyMs":0,"isMalicious":false}
[DashboardServer] {"type":"PACKET_EVENT","msgType":"SAFETY_MSG","senderId":"dd9f86eefbc290fa473a0b63d382b568c06ad2279c679aded6248f350deeab87","receiverId":"BROADCAST","outcome":"SENT","latencyMs":0,"isMalicious":false}
[DashboardServer] {"type":"PACKET_EVENT","msgType":"SAFETY_MSG","senderId":"eb54ee6bc4c9e1a6401615599da94978994bb6f420ea34755384fd7a47949e09","receiverId":"BROADCAST","outcome":"SENT","latencyMs":0,"isMalicious":false}
[DashboardServer] {"type":"PACKET_EVENT","msgType":"SAFETY_MSG","senderId":"1cf1f281e4628ab988065d1deb4634ca70866bc43a908b6ce38dcd0995d0a8bc","receiverId":"BROADCAST","outcome":"SENT","latencyMs":0,"isMalicious":false}
[DashboardServer] {"type":"PACKET_EVENT","msgType":"SAFETY_MSG","senderId":"953404a20a30f245d2d5d34f7bdcaea6e6b8159c1cae33af02c9effd85e998f4","receiverId":"BROADCAST","outcome":"SENT","latencyMs":0,"isMalicious":false}
[DashboardServer] {"type":"STATS_UPDATE","zkProofsPerSec": 66.7, "cacheHitRate": 0.000000}
[DashboardServer] {"type":"STATS_UPDATE","zkProofsPerSec": 66.7, "cacheHitRate": 0.000000}
[DashboardServer] {"type":"STATS_UPDATE","zkProofsPerSec": 66.7, "cacheHitRate": 0.000000}
[DashboardServer] {"type":"STATS_UPDATE","zkProofsPerSec": 66.7, "cacheHitRate": 0.000000}
[DashboardServer] {"type":"PACKET_EVENT","msgType":"SAFETY_MSG","senderId":"15f4eee5f864e77f1c51c1af3f9f929ff03770eebf0c8b191dd12c3650ef54bf","receiverId":"BROADCAST","outcome":"SENT","latencyMs":0,"isMalicious":false}
[DashboardServer] {"type":"PACKET_EVENT","msgType":"SAFETY_MSG","senderId":"86985ce93f062b1d3e1f26bc456dc6f046432363ff0d92b1728c63537939fa19","receiverId":"BROADCAST","outcome":"SENT","latencyMs":0,"isMalicious":false}
[DashboardServer] {"type":"PACKET_EVENT","msgType":"SAFETY_MSG","senderId":"dd9f86eefbc290fa473a0b63d382b568c06ad2279c679aded6248f350deeab87","receiverId":"BROADCAST","outcome":"SENT","latencyMs":0,"isMalicious":false}
[DashboardServer] {"type":"PACKET_EVENT","msgType":"SAFETY_MSG","senderId":"eb54ee6bc4c9e1a6401615599da94978994bb6f420ea34755384fd7a47949e09","receiverId":"BROADCAST","outcome":"SENT","latencyMs":0,"isMalicious":false}
[DashboardServer] {"type":"PACKET_EVENT","msgType":"SAFETY_MSG","senderId":"1cf1f281e4628ab988065d1deb4634ca70866bc43a908b6ce38dcd0995d0a8bc","receiverId":"BROADCAST","outcome":"SENT","latencyMs":0,"isMalicious":false}
[DashboardServer] {"type":"PACKET_EVENT","msgType":"SAFETY_MSG","senderId":"953404a20a30f245d2d5d34f7bdcaea6e6b8159c1cae33af02c9effd85e998f4","receiverId":"BROADCAST","outcome":"SENT","latencyMs":0,"isMalicious":false}
[DashboardServer] {"type":"STATS_UPDATE","zkProofsPerSec": 66.7, "cacheHitRate": 0.000000}
[DashboardServer] {"type":"STATS_UPDATE","zkProofsPerSec": 66.7, "cacheHitRate": 0.000000}
[DashboardServer] {"type":"STATS_UPDATE","zkProofsPerSec": 66.7, "cacheHitRate": 0.000000}
[DashboardServer] {"type":"STATS_UPDATE","zkProofsPerSec": 66.7, "cacheHitRate": 0.000000}
[DashboardServer] {"type":"PACKET_EVENT","msgType":"SAFETY_MSG","senderId":"15f4eee5f864e77f1c51c1af3f9f929ff03770eebf0c8b191dd12c3650ef54bf","receiverId":"BROADCAST","outcome":"SENT","latencyMs":0,"isMalicious":false}
[DashboardServer] {"type":"PACKET_EVENT","msgType":"SAFETY_MSG","senderId":"86985ce93f062b1d3e1f26bc456dc6f046432363ff0d92b1728c63537939fa19","receiverId":"BROADCAST","outcome":"SENT","latencyMs":0,"isMalicious":false}
[DashboardServer] {"type":"PACKET_EVENT","msgType":"SAFETY_MSG","senderId":"dd9f86eefbc290fa473a0b63d382b568c06ad2279c679aded6248f350deeab87","receiverId":"BROADCAST","outcome":"SENT","latencyMs":0,"isMalicious":false}
[DashboardServer] {"type":"PACKET_EVENT","msgType":"SAFETY_MSG","senderId":"eb54ee6bc4c9e1a6401615599da94978994bb6f420ea34755384fd7a47949e09","receiverId":"BROADCAST","outcome":"SENT","latencyMs":0,"isMalicious":false}
[DashboardServer] {"type":"PACKET_EVENT","msgType":"SAFETY_MSG","senderId":"1cf1f281e4628ab988065d1deb4634ca70866bc43a908b6ce38dcd0995d0a8bc","receiverId":"BROADCAST","outcome":"SENT","latencyMs":0,"isMalicious":false}
[DashboardServer] {"type":"PACKET_EVENT","msgType":"SAFETY_MSG","senderId":"953404a20a30f245d2d5d34f7bdcaea6e6b8159c1cae33af02c9effd85e998f4","receiverId":"BROADCAST","outcome":"SENT","latencyMs":0,"isMalicious":false}
[DashboardServer] {"type":"STATS_UPDATE","zkProofsPerSec": 66.7, "cacheHitRate": 0.000000}
[DashboardServer] {"type":"STATS_UPDATE","zkProofsPerSec": 66.7, "cacheHitRate": 0.000000}
[DashboardServer] {"type":"STATS_UPDATE","zkProofsPerSec": 66.7, "cacheHitRate": 0.000000}
[DashboardServer] {"type":"STATS_UPDATE","zkProofsPerSec": 66.7, "cacheHitRate": 0.000000}
[DashboardServer] {"type":"PACKET_EVENT","msgType":"SAFETY_MSG","senderId":"15f4eee5f864e77f1c51c1af3f9f929ff03770eebf0c8b191dd12c3650ef54bf","receiverId":"BROADCAST","outcome":"SENT","latencyMs":0,"isMalicious":false}
[DashboardServer] {"type":"PACKET_EVENT","msgType":"SAFETY_MSG","senderId":"86985ce93f062b1d3e1f26bc456dc6f046432363ff0d92b1728c63537939fa19","receiverId":"BROADCAST","outcome":"SENT","latencyMs":0,"isMalicious":false}
[DashboardServer] {"type":"PACKET_EVENT","msgType":"SAFETY_MSG","senderId":"dd9f86eefbc290fa473a0b63d382b568c06ad2279c679aded6248f350deeab87","receiverId":"BROADCAST","outcome":"SENT","latencyMs":0,"isMalicious":false}
[DashboardServer] {"type":"PACKET_EVENT","msgType":"SAFETY_MSG","senderId":"eb54ee6bc4c9e1a6401615599da94978994bb6f420ea34755384fd7a47949e09","receiverId":"BROADCAST","outcome":"SENT","latencyMs":0,"isMalicious":false}
[DashboardServer] {"type":"PACKET_EVENT","msgType":"SAFETY_MSG","senderId":"1cf1f281e4628ab988065d1deb4634ca70866bc43a908b6ce38dcd0995d0a8bc","receiverId":"BROADCAST","outcome":"SENT","latencyMs":0,"isMalicious":false}
[DashboardServer] {"type":"PACKET_EVENT","msgType":"SAFETY_MSG","senderId":"953404a20a30f245d2d5d34f7bdcaea6e6b8159c1cae33af02c9effd85e998f4","receiverId":"BROADCAST","outcome":"SENT","latencyMs":0,"isMalicious":false}
[DashboardServer] {"type":"STATS_UPDATE","zkProofsPerSec": 66.7, "cacheHitRate": 0.000000}
[DashboardServer] {"type":"STATS_UPDATE","zkProofsPerSec": 66.7, "cacheHitRate": 0.000000}
[DashboardServer] {"type":"STATS_UPDATE","zkProofsPerSec": 66.7, "cacheHitRate": 0.000000}
[DashboardServer] {"type":"STATS_UPDATE","zkProofsPerSec": 66.7, "cacheHitRate": 0.000000}
[DashboardServer] {"type":"PACKET_EVENT","msgType":"SAFETY_MSG","senderId":"15f4eee5f864e77f1c51c1af3f9f929ff03770eebf0c8b191dd12c3650ef54bf","receiverId":"BROADCAST","outcome":"SENT","latencyMs":0,"isMalicious":false}
[DashboardServer] {"type":"PACKET_EVENT","msgType":"SAFETY_MSG","senderId":"86985ce93f062b1d3e1f26bc456dc6f046432363ff0d92b1728c63537939fa19","receiverId":"BROADCAST","outcome":"SENT","latencyMs":0,"isMalicious":false}
[DashboardServer] {"type":"PACKET_EVENT","msgType":"SAFETY_MSG","senderId":"dd9f86eefbc290fa473a0b63d382b568c06ad2279c679aded6248f350deeab87","receiverId":"BROADCAST","outcome":"SENT","latencyMs":0,"isMalicious":false}
[DashboardServer] {"type":"PACKET_EVENT","msgType":"SAFETY_MSG","senderId":"eb54ee6bc4c9e1a6401615599da94978994bb6f420ea34755384fd7a47949e09","receiverId":"BROADCAST","outcome":"SENT","latencyMs":0,"isMalicious":false}
[DashboardServer] {"type":"PACKET_EVENT","msgType":"SAFETY_MSG","senderId":"1cf1f281e4628ab988065d1deb4634ca70866bc43a908b6ce38dcd0995d0a8bc","receiverId":"BROADCAST","outcome":"SENT","latencyMs":0,"isMalicious":false}
[DashboardServer] {"type":"PACKET_EVENT","msgType":"SAFETY_MSG","senderId":"953404a20a30f245d2d5d34f7bdcaea6e6b8159c1cae33af02c9effd85e998f4","receiverId":"BROADCAST","outcome":"SENT","latencyMs":0,"isMalicious":false}
[DashboardServer] {"type":"STATS_UPDATE","zkProofsPerSec": 66.7, "cacheHitRate": 0.000000}
[DashboardServer] {"type":"STATS_UPDATE","zkProofsPerSec": 66.7, "cacheHitRate": 0.000000}
[DashboardServer] {"type":"STATS_UPDATE","zkProofsPerSec": 66.7, "cacheHitRate": 0.000000}
[DashboardServer] {"type":"STATS_UPDATE","zkProofsPerSec": 66.7, "cacheHitRate": 0.000000}
[DashboardServer] {"type":"PACKET_EVENT","msgType":"SAFETY_MSG","senderId":"15f4eee5f864e77f1c51c1af3f9f929ff03770eebf0c8b191dd12c3650ef54bf","receiverId":"BROADCAST","outcome":"SENT","latencyMs":0,"isMalicious":false}
[DashboardServer] {"type":"PACKET_EVENT","msgType":"SAFETY_MSG","senderId":"86985ce93f062b1d3e1f26bc456dc6f046432363ff0d92b1728c63537939fa19","receiverId":"BROADCAST","outcome":"SENT","latencyMs":0,"isMalicious":false}
[DashboardServer] {"type":"PACKET_EVENT","msgType":"SAFETY_MSG","senderId":"dd9f86eefbc290fa473a0b63d382b568c06ad2279c679aded6248f350deeab87","receiverId":"BROADCAST","outcome":"SENT","latencyMs":0,"isMalicious":false}
[DashboardServer] {"type":"PACKET_EVENT","msgType":"SAFETY_MSG","senderId":"eb54ee6bc4c9e1a6401615599da94978994bb6f420ea34755384fd7a47949e09","receiverId":"BROADCAST","outcome":"SENT","latencyMs":0,"isMalicious":false}
[DashboardServer] {"type":"PACKET_EVENT","msgType":"SAFETY_MSG","senderId":"1cf1f281e4628ab988065d1deb4634ca70866bc43a908b6ce38dcd0995d0a8bc","receiverId":"BROADCAST","outcome":"SENT","latencyMs":0,"isMalicious":false}
[DashboardServer] {"type":"PACKET_EVENT","msgType":"SAFETY_MSG","senderId":"953404a20a30f245d2d5d34f7bdcaea6e6b8159c1cae33af02c9effd85e998f4","receiverId":"BROADCAST","outcome":"SENT","latencyMs":0,"isMalicious":false}
[DashboardServer] {"type":"STATS_UPDATE","zkProofsPerSec": 66.7, "cacheHitRate": 0.000000}
[DashboardServer] {"type":"STATS_UPDATE","zkProofsPerSec": 66.7, "cacheHitRate": 0.000000}
[DashboardServer] {"type":"STATS_UPDATE","zkProofsPerSec": 66.7, "cacheHitRate": 0.000000}
[DashboardServer] {"type":"STATS_UPDATE","zkProofsPerSec": 66.7, "cacheHitRate": 0.000000}
[DashboardServer] {"type":"PACKET_EVENT","msgType":"SAFETY_MSG","senderId":"15f4eee5f864e77f1c51c1af3f9f929ff03770eebf0c8b191dd12c3650ef54bf","receiverId":"BROADCAST","outcome":"SENT","latencyMs":0,"isMalicious":false}
[DashboardServer] {"type":"PACKET_EVENT","msgType":"SAFETY_MSG","senderId":"86985ce93f062b1d3e1f26bc456dc6f046432363ff0d92b1728c63537939fa19","receiverId":"BROADCAST","outcome":"SENT","latencyMs":0,"isMalicious":false}
[DashboardServer] {"type":"PACKET_EVENT","msgType":"SAFETY_MSG","senderId":"dd9f86eefbc290fa473a0b63d382b568c06ad2279c679aded6248f350deeab87","receiverId":"BROADCAST","outcome":"SENT","latencyMs":0,"isMalicious":false}
[DashboardServer] {"type":"PACKET_EVENT","msgType":"SAFETY_MSG","senderId":"eb54ee6bc4c9e1a6401615599da94978994bb6f420ea34755384fd7a47949e09","receiverId":"BROADCAST","outcome":"SENT","latencyMs":0,"isMalicious":false}
[DashboardServer] {"type":"PACKET_EVENT","msgType":"SAFETY_MSG","senderId":"1cf1f281e4628ab988065d1deb4634ca70866bc43a908b6ce38dcd0995d0a8bc","receiverId":"BROADCAST","outcome":"SENT","latencyMs":0,"isMalicious":false}
[DashboardServer] {"type":"PACKET_EVENT","msgType":"SAFETY_MSG","senderId":"953404a20a30f245d2d5d34f7bdcaea6e6b8159c1cae33af02c9effd85e998f4","receiverId":"BROADCAST","outcome":"SENT","latencyMs":0,"isMalicious":false}
[DashboardServer] {"type":"STATS_UPDATE","zkProofsPerSec": 66.7, "cacheHitRate": 0.000000}
[DashboardServer] {"type":"STATS_UPDATE","zkProofsPerSec": 66.7, "cacheHitRate": 0.000000}
[DashboardServer] {"type":"STATS_UPDATE","zkProofsPerSec": 66.7, "cacheHitRate": 0.000000}
[DashboardServer] {"type":"STATS_UPDATE","zkProofsPerSec": 66.7, "cacheHitRate": 0.000000}
[DashboardServer] {"type":"PACKET_EVENT","msgType":"SAFETY_MSG","senderId":"15f4eee5f864e77f1c51c1af3f9f929ff03770eebf0c8b191dd12c3650ef54bf","receiverId":"BROADCAST","outcome":"SENT","latencyMs":0,"isMalicious":false}
[DashboardServer] {"type":"PACKET_EVENT","msgType":"SAFETY_MSG","senderId":"86985ce93f062b1d3e1f26bc456dc6f046432363ff0d92b1728c63537939fa19","receiverId":"BROADCAST","outcome":"SENT","latencyMs":0,"isMalicious":false}
[DashboardServer] {"type":"PACKET_EVENT","msgType":"SAFETY_MSG","senderId":"dd9f86eefbc290fa473a0b63d382b568c06ad2279c679aded6248f350deeab87","receiverId":"BROADCAST","outcome":"SENT","latencyMs":0,"isMalicious":false}
[DashboardServer] {"type":"PACKET_EVENT","msgType":"SAFETY_MSG","senderId":"eb54ee6bc4c9e1a6401615599da94978994bb6f420ea34755384fd7a47949e09","receiverId":"BROADCAST","outcome":"SENT","latencyMs":0,"isMalicious":false}
[DashboardServer] {"type":"PACKET_EVENT","msgType":"SAFETY_MSG","senderId":"1cf1f281e4628ab988065d1deb4634ca70866bc43a908b6ce38dcd0995d0a8bc","receiverId":"BROADCAST","outcome":"SENT","latencyMs":0,"isMalicious":false}
[DashboardServer] {"type":"PACKET_EVENT","msgType":"SAFETY_MSG","senderId":"953404a20a30f245d2d5d34f7bdcaea6e6b8159c1cae33af02c9effd85e998f4","receiverId":"BROADCAST","outcome":"SENT","latencyMs":0,"isMalicious":false}
[DashboardServer] {"type":"STATS_UPDATE","zkProofsPerSec": 66.7, "cacheHitRate": 0.000000}
[DashboardServer] {"type":"STATS_UPDATE","zkProofsPerSec": 66.7, "cacheHitRate": 0.000000}
[DashboardServer] {"type":"STATS_UPDATE","zkProofsPerSec": 66.7, "cacheHitRate": 0.000000}
[DashboardServer] {"type":"STATS_UPDATE","zkProofsPerSec": 66.7, "cacheHitRate": 0.000000}
[DashboardServer] {"type":"PACKET_EVENT","msgType":"SAFETY_MSG","senderId":"15f4eee5f864e77f1c51c1af3f9f929ff03770eebf0c8b191dd12c3650ef54bf","receiverId":"BROADCAST","outcome":"SENT","latencyMs":0,"isMalicious":false}
[DashboardServer] {"type":"PACKET_EVENT","msgType":"SAFETY_MSG","senderId":"86985ce93f062b1d3e1f26bc456dc6f046432363ff0d92b1728c63537939fa19","receiverId":"BROADCAST","outcome":"SENT","latencyMs":0,"isMalicious":false}
[DashboardServer] {"type":"PACKET_EVENT","msgType":"SAFETY_MSG","senderId":"dd9f86eefbc290fa473a0b63d382b568c06ad2279c679aded6248f350deeab87","receiverId":"BROADCAST","outcome":"SENT","latencyMs":0,"isMalicious":false}
[DashboardServer] {"type":"PACKET_EVENT","msgType":"SAFETY_MSG","senderId":"eb54ee6bc4c9e1a6401615599da94978994bb6f420ea34755384fd7a47949e09","receiverId":"BROADCAST","outcome":"SENT","latencyMs":0,"isMalicious":false}
[DashboardServer] {"type":"PACKET_EVENT","msgType":"SAFETY_MSG","senderId":"1cf1f281e4628ab988065d1deb4634ca70866bc43a908b6ce38dcd0995d0a8bc","receiverId":"BROADCAST","outcome":"SENT","latencyMs":0,"isMalicious":false}
[DashboardServer] {"type":"PACKET_EVENT","msgType":"SAFETY_MSG","senderId":"953404a20a30f245d2d5d34f7bdcaea6e6b8159c1cae33af02c9effd85e998f4","receiverId":"BROADCAST","outcome":"SENT","latencyMs":0,"isMalicious":false}
[DashboardServer] {"type":"STATS_UPDATE","zkProofsPerSec": 66.7, "cacheHitRate": 0.000000}
[DashboardServer] {"type":"STATS_UPDATE","zkProofsPerSec": 66.7, "cacheHitRate": 0.000000}
[DashboardServer] {"type":"STATS_UPDATE","zkProofsPerSec": 66.7, "cacheHitRate": 0.000000}
[DashboardServer] {"type":"STATS_UPDATE","zkProofsPerSec": 66.7, "cacheHitRate": 0.000000}
[DashboardServer] {"type":"PACKET_EVENT","msgType":"SAFETY_MSG","senderId":"15f4eee5f864e77f1c51c1af3f9f929ff03770eebf0c8b191dd12c3650ef54bf","receiverId":"BROADCAST","outcome":"SENT","latencyMs":0,"isMalicious":false}
[DashboardServer] {"type":"PACKET_EVENT","msgType":"SAFETY_MSG","senderId":"86985ce93f062b1d3e1f26bc456dc6f046432363ff0d92b1728c63537939fa19","receiverId":"BROADCAST","outcome":"SENT","latencyMs":0,"isMalicious":false}
[DashboardServer] {"type":"PACKET_EVENT","msgType":"SAFETY_MSG","senderId":"dd9f86eefbc290fa473a0b63d382b568c06ad2279c679aded6248f350deeab87","receiverId":"BROADCAST","outcome":"SENT","latencyMs":0,"isMalicious":false}
[DashboardServer] {"type":"PACKET_EVENT","msgType":"SAFETY_MSG","senderId":"eb54ee6bc4c9e1a6401615599da94978994bb6f420ea34755384fd7a47949e09","receiverId":"BROADCAST","outcome":"SENT","latencyMs":0,"isMalicious":false}
[DashboardServer] {"type":"PACKET_EVENT","msgType":"SAFETY_MSG","senderId":"1cf1f281e4628ab988065d1deb4634ca70866bc43a908b6ce38dcd0995d0a8bc","receiverId":"BROADCAST","outcome":"SENT","latencyMs":0,"isMalicious":false}
[DashboardServer] {"type":"PACKET_EVENT","msgType":"SAFETY_MSG","senderId":"953404a20a30f245d2d5d34f7bdcaea6e6b8159c1cae33af02c9effd85e998f4","receiverId":"BROADCAST","outcome":"SENT","latencyMs":0,"isMalicious":false}
[DashboardServer] {"type":"STATS_UPDATE","zkProofsPerSec": 66.7, "cacheHitRate": 0.000000}
[DashboardServer] {"type":"STATS_UPDATE","zkProofsPerSec": 66.7, "cacheHitRate": 0.000000}
[DashboardServer] {"type":"STATS_UPDATE","zkProofsPerSec": 66.7, "cacheHitRate": 0.000000}
[DashboardServer] {"type":"STATS_UPDATE","zkProofsPerSec": 66.7, "cacheHitRate": 0.000000}
[DashboardServer] {"type":"PACKET_EVENT","msgType":"SAFETY_MSG","senderId":"15f4eee5f864e77f1c51c1af3f9f929ff03770eebf0c8b191dd12c3650ef54bf","receiverId":"BROADCAST","outcome":"SENT","latencyMs":0,"isMalicious":false}
[DashboardServer] {"type":"PACKET_EVENT","msgType":"SAFETY_MSG","senderId":"86985ce93f062b1d3e1f26bc456dc6f046432363ff0d92b1728c63537939fa19","receiverId":"BROADCAST","outcome":"SENT","latencyMs":0,"isMalicious":false}
[DashboardServer] {"type":"PACKET_EVENT","msgType":"SAFETY_MSG","senderId":"dd9f86eefbc290fa473a0b63d382b568c06ad2279c679aded6248f350deeab87","receiverId":"BROADCAST","outcome":"SENT","latencyMs":0,"isMalicious":false}
[DashboardServer] {"type":"PACKET_EVENT","msgType":"SAFETY_MSG","senderId":"eb54ee6bc4c9e1a6401615599da94978994bb6f420ea34755384fd7a47949e09","receiverId":"BROADCAST","outcome":"SENT","latencyMs":0,"isMalicious":false}
[DashboardServer] {"type":"PACKET_EVENT","msgType":"SAFETY_MSG","senderId":"1cf1f281e4628ab988065d1deb4634ca70866bc43a908b6ce38dcd0995d0a8bc","receiverId":"BROADCAST","outcome":"SENT","latencyMs":0,"isMalicious":false}
[DashboardServer] {"type":"PACKET_EVENT","msgType":"SAFETY_MSG","senderId":"953404a20a30f245d2d5d34f7bdcaea6e6b8159c1cae33af02c9effd85e998f4","receiverId":"BROADCAST","outcome":"SENT","latencyMs":0,"isMalicious":false}
[DashboardServer] {"type":"STATS_UPDATE","zkProofsPerSec": 66.7, "cacheHitRate": 0.000000}
[DashboardServer] {"type":"STATS_UPDATE","zkProofsPerSec": 66.7, "cacheHitRate": 0.000000}
[DashboardServer] {"type":"STATS_UPDATE","zkProofsPerSec": 66.7, "cacheHitRate": 0.000000}
[DashboardServer] {"type":"STATS_UPDATE","zkProofsPerSec": 66.7, "cacheHitRate": 0.000000}
[DashboardServer] {"type":"PACKET_EVENT","msgType":"SAFETY_MSG","senderId":"15f4eee5f864e77f1c51c1af3f9f929ff03770eebf0c8b191dd12c3650ef54bf","receiverId":"BROADCAST","outcome":"SENT","latencyMs":0,"isMalicious":false}
[DashboardServer] {"type":"PACKET_EVENT","msgType":"SAFETY_MSG","senderId":"86985ce93f062b1d3e1f26bc456dc6f046432363ff0d92b1728c63537939fa19","receiverId":"BROADCAST","outcome":"SENT","latencyMs":0,"isMalicious":false}
[DashboardServer] {"type":"PACKET_EVENT","msgType":"SAFETY_MSG","senderId":"dd9f86eefbc290fa473a0b63d382b568c06ad2279c679aded6248f350deeab87","receiverId":"BROADCAST","outcome":"SENT","latencyMs":0,"isMalicious":false}
[DashboardServer] {"type":"PACKET_EVENT","msgType":"SAFETY_MSG","senderId":"eb54ee6bc4c9e1a6401615599da94978994bb6f420ea34755384fd7a47949e09","receiverId":"BROADCAST","outcome":"SENT","latencyMs":0,"isMalicious":false}
[DashboardServer] {"type":"PACKET_EVENT","msgType":"SAFETY_MSG","senderId":"1cf1f281e4628ab988065d1deb4634ca70866bc43a908b6ce38dcd0995d0a8bc","receiverId":"BROADCAST","outcome":"SENT","latencyMs":0,"isMalicious":false}
[DashboardServer] {"type":"PACKET_EVENT","msgType":"SAFETY_MSG","senderId":"953404a20a30f245d2d5d34f7bdcaea6e6b8159c1cae33af02c9effd85e998f4","receiverId":"BROADCAST","outcome":"SENT","latencyMs":0,"isMalicious":false}
[DashboardServer] {"type":"STATS_UPDATE","zkProofsPerSec": 66.7, "cacheHitRate": 0.000000}
[DashboardServer] {"type":"STATS_UPDATE","zkProofsPerSec": 66.7, "cacheHitRate": 0.000000}
[DashboardServer] {"type":"STATS_UPDATE","zkProofsPerSec": 66.7, "cacheHitRate": 0.000000}
[DashboardServer] {"type":"STATS_UPDATE","zkProofsPerSec": 66.7, "cacheHitRate": 0.000000}
[DashboardServer] {"type":"PACKET_EVENT","msgType":"SAFETY_MSG","senderId":"15f4eee5f864e77f1c51c1af3f9f929ff03770eebf0c8b191dd12c3650ef54bf","receiverId":"BROADCAST","outcome":"SENT","latencyMs":0,"isMalicious":false}
[DashboardServer] {"type":"PACKET_EVENT","msgType":"SAFETY_MSG","senderId":"86985ce93f062b1d3e1f26bc456dc6f046432363ff0d92b1728c63537939fa19","receiverId":"BROADCAST","outcome":"SENT","latencyMs":0,"isMalicious":false}
[DashboardServer] {"type":"PACKET_EVENT","msgType":"SAFETY_MSG","senderId":"dd9f86eefbc290fa473a0b63d382b568c06ad2279c679aded6248f350deeab87","receiverId":"BROADCAST","outcome":"SENT","latencyMs":0,"isMalicious":false}
[DashboardServer] {"type":"PACKET_EVENT","msgType":"SAFETY_MSG","senderId":"eb54ee6bc4c9e1a6401615599da94978994bb6f420ea34755384fd7a47949e09","receiverId":"BROADCAST","outcome":"SENT","latencyMs":0,"isMalicious":false}
[DashboardServer] {"type":"PACKET_EVENT","msgType":"SAFETY_MSG","senderId":"1cf1f281e4628ab988065d1deb4634ca70866bc43a908b6ce38dcd0995d0a8bc","receiverId":"BROADCAST","outcome":"SENT","latencyMs":0,"isMalicious":false}
[DashboardServer] {"type":"PACKET_EVENT","msgType":"SAFETY_MSG","senderId":"953404a20a30f245d2d5d34f7bdcaea6e6b8159c1cae33af02c9effd85e998f4","receiverId":"BROADCAST","outcome":"SENT","latencyMs":0,"isMalicious":false}
[DashboardServer] {"type":"STATS_UPDATE","zkProofsPerSec": 66.7, "cacheHitRate": 0.000000}
[DashboardServer] {"type":"STATS_UPDATE","zkProofsPerSec": 66.7, "cacheHitRate": 0.000000}
[DashboardServer] {"type":"STATS_UPDATE","zkProofsPerSec": 66.7, "cacheHitRate": 0.000000}
[DashboardServer] {"type":"STATS_UPDATE","zkProofsPerSec": 66.7, "cacheHitRate": 0.000000}
[DashboardServer] {"type":"PACKET_EVENT","msgType":"SAFETY_MSG","senderId":"15f4eee5f864e77f1c51c1af3f9f929ff03770eebf0c8b191dd12c3650ef54bf","receiverId":"BROADCAST","outcome":"SENT","latencyMs":0,"isMalicious":false}
[DashboardServer] {"type":"PACKET_EVENT","msgType":"SAFETY_MSG","senderId":"86985ce93f062b1d3e1f26bc456dc6f046432363ff0d92b1728c63537939fa19","receiverId":"BROADCAST","outcome":"SENT","latencyMs":0,"isMalicious":false}
[DashboardServer] {"type":"PACKET_EVENT","msgType":"SAFETY_MSG","senderId":"dd9f86eefbc290fa473a0b63d382b568c06ad2279c679aded6248f350deeab87","receiverId":"BROADCAST","outcome":"SENT","latencyMs":0,"isMalicious":false}
[DashboardServer] {"type":"PACKET_EVENT","msgType":"SAFETY_MSG","senderId":"eb54ee6bc4c9e1a6401615599da94978994bb6f420ea34755384fd7a47949e09","receiverId":"BROADCAST","outcome":"SENT","latencyMs":0,"isMalicious":false}
[DashboardServer] {"type":"PACKET_EVENT","msgType":"SAFETY_MSG","senderId":"1cf1f281e4628ab988065d1deb4634ca70866bc43a908b6ce38dcd0995d0a8bc","receiverId":"BROADCAST","outcome":"SENT","latencyMs":0,"isMalicious":false}
[DashboardServer] {"type":"PACKET_EVENT","msgType":"SAFETY_MSG","senderId":"953404a20a30f245d2d5d34f7bdcaea6e6b8159c1cae33af02c9effd85e998f4","receiverId":"BROADCAST","outcome":"SENT","latencyMs":0,"isMalicious":false}
[DashboardServer] {"type":"STATS_UPDATE","zkProofsPerSec": 66.7, "cacheHitRate": 0.000000}
[DashboardServer] {"type":"STATS_UPDATE","zkProofsPerSec": 66.7, "cacheHitRate": 0.000000}
[DashboardServer] {"type":"STATS_UPDATE","zkProofsPerSec": 66.7, "cacheHitRate": 0.000000}
[DashboardServer] {"type":"STATS_UPDATE","zkProofsPerSec": 66.7, "cacheHitRate": 0.000000}
[DashboardServer] {"type":"PACKET_EVENT","msgType":"SAFETY_MSG","senderId":"15f4eee5f864e77f1c51c1af3f9f929ff03770eebf0c8b191dd12c3650ef54bf","receiverId":"BROADCAST","outcome":"SENT","latencyMs":0,"isMalicious":false}
[DashboardServer] {"type":"PACKET_EVENT","msgType":"SAFETY_MSG","senderId":"86985ce93f062b1d3e1f26bc456dc6f046432363ff0d92b1728c63537939fa19","receiverId":"BROADCAST","outcome":"SENT","latencyMs":0,"isMalicious":false}
[DashboardServer] {"type":"PACKET_EVENT","msgType":"SAFETY_MSG","senderId":"dd9f86eefbc290fa473a0b63d382b568c06ad2279c679aded6248f350deeab87","receiverId":"BROADCAST","outcome":"SENT","latencyMs":0,"isMalicious":false}
[DashboardServer] {"type":"PACKET_EVENT","msgType":"SAFETY_MSG","senderId":"eb54ee6bc4c9e1a6401615599da94978994bb6f420ea34755384fd7a47949e09","receiverId":"BROADCAST","outcome":"SENT","latencyMs":0,"isMalicious":false}
[DashboardServer] {"type":"PACKET_EVENT","msgType":"SAFETY_MSG","senderId":"1cf1f281e4628ab988065d1deb4634ca70866bc43a908b6ce38dcd0995d0a8bc","receiverId":"BROADCAST","outcome":"SENT","latencyMs":0,"isMalicious":false}
[DashboardServer] {"type":"PACKET_EVENT","msgType":"SAFETY_MSG","senderId":"953404a20a30f245d2d5d34f7bdcaea6e6b8159c1cae33af02c9effd85e998f4","receiverId":"BROADCAST","outcome":"SENT","latencyMs":0,"isMalicious":false}
[DashboardServer] {"type":"STATS_UPDATE","zkProofsPerSec": 66.7, "cacheHitRate": 0.000000}
[DashboardServer] {"type":"STATS_UPDATE","zkProofsPerSec": 66.7, "cacheHitRate": 0.000000}
[DashboardServer] {"type":"STATS_UPDATE","zkProofsPerSec": 66.7, "cacheHitRate": 0.000000}
[DashboardServer] {"type":"STATS_UPDATE","zkProofsPerSec": 66.7, "cacheHitRate": 0.000000}
[DashboardServer] {"type":"PACKET_EVENT","msgType":"SAFETY_MSG","senderId":"15f4eee5f864e77f1c51c1af3f9f929ff03770eebf0c8b191dd12c3650ef54bf","receiverId":"BROADCAST","outcome":"SENT","latencyMs":0,"isMalicious":false}
[DashboardServer] {"type":"PACKET_EVENT","msgType":"SAFETY_MSG","senderId":"86985ce93f062b1d3e1f26bc456dc6f046432363ff0d92b1728c63537939fa19","receiverId":"BROADCAST","outcome":"SENT","latencyMs":0,"isMalicious":false}
[DashboardServer] {"type":"PACKET_EVENT","msgType":"SAFETY_MSG","senderId":"dd9f86eefbc290fa473a0b63d382b568c06ad2279c679aded6248f350deeab87","receiverId":"BROADCAST","outcome":"SENT","latencyMs":0,"isMalicious":false}
[DashboardServer] {"type":"PACKET_EVENT","msgType":"SAFETY_MSG","senderId":"eb54ee6bc4c9e1a6401615599da94978994bb6f420ea34755384fd7a47949e09","receiverId":"BROADCAST","outcome":"SENT","latencyMs":0,"isMalicious":false}
[DashboardServer] {"type":"PACKET_EVENT","msgType":"SAFETY_MSG","senderId":"1cf1f281e4628ab988065d1deb4634ca70866bc43a908b6ce38dcd0995d0a8bc","receiverId":"BROADCAST","outcome":"SENT","latencyMs":0,"isMalicious":false}
[DashboardServer] {"type":"PACKET_EVENT","msgType":"SAFETY_MSG","senderId":"953404a20a30f245d2d5d34f7bdcaea6e6b8159c1cae33af02c9effd85e998f4","receiverId":"BROADCAST","outcome":"SENT","latencyMs":0,"isMalicious":false}
[DashboardServer] {"type":"STATS_UPDATE","zkProofsPerSec": 66.7, "cacheHitRate": 0.000000}
[DashboardServer] {"type":"STATS_UPDATE","zkProofsPerSec": 66.7, "cacheHitRate": 0.000000}
[DashboardServer] {"type":"STATS_UPDATE","zkProofsPerSec": 66.7, "cacheHitRate": 0.000000}
[DashboardServer] {"type":"STATS_UPDATE","zkProofsPerSec": 66.7, "cacheHitRate": 0.000000}
[DashboardServer] {"type":"PACKET_EVENT","msgType":"SAFETY_MSG","senderId":"15f4eee5f864e77f1c51c1af3f9f929ff03770eebf0c8b191dd12c3650ef54bf","receiverId":"BROADCAST","outcome":"SENT","latencyMs":0,"isMalicious":false}
[DashboardServer] {"type":"PACKET_EVENT","msgType":"SAFETY_MSG","senderId":"86985ce93f062b1d3e1f26bc456dc6f046432363ff0d92b1728c63537939fa19","receiverId":"BROADCAST","outcome":"SENT","latencyMs":0,"isMalicious":false}
[DashboardServer] {"type":"PACKET_EVENT","msgType":"SAFETY_MSG","senderId":"dd9f86eefbc290fa473a0b63d382b568c06ad2279c679aded6248f350deeab87","receiverId":"BROADCAST","outcome":"SENT","latencyMs":0,"isMalicious":false}
[DashboardServer] {"type":"PACKET_EVENT","msgType":"SAFETY_MSG","senderId":"eb54ee6bc4c9e1a6401615599da94978994bb6f420ea34755384fd7a47949e09","receiverId":"BROADCAST","outcome":"SENT","latencyMs":0,"isMalicious":false}
[DashboardServer] {"type":"PACKET_EVENT","msgType":"SAFETY_MSG","senderId":"1cf1f281e4628ab988065d1deb4634ca70866bc43a908b6ce38dcd0995d0a8bc","receiverId":"BROADCAST","outcome":"SENT","latencyMs":0,"isMalicious":false}
[DashboardServer] {"type":"PACKET_EVENT","msgType":"SAFETY_MSG","senderId":"953404a20a30f245d2d5d34f7bdcaea6e6b8159c1cae33af02c9effd85e998f4","receiverId":"BROADCAST","outcome":"SENT","latencyMs":0,"isMalicious":false}
[DashboardServer] {"type":"STATS_UPDATE","zkProofsPerSec": 66.7, "cacheHitRate": 0.000000}
[DashboardServer] {"type":"STATS_UPDATE","zkProofsPerSec": 66.7, "cacheHitRate": 0.000000}
[DashboardServer] {"type":"STATS_UPDATE","zkProofsPerSec": 66.7, "cacheHitRate": 0.000000}
[DashboardServer] {"type":"STATS_UPDATE","zkProofsPerSec": 66.7, "cacheHitRate": 0.000000}
[DashboardServer] {"type":"PACKET_EVENT","msgType":"SAFETY_MSG","senderId":"15f4eee5f864e77f1c51c1af3f9f929ff03770eebf0c8b191dd12c3650ef54bf","receiverId":"BROADCAST","outcome":"SENT","latencyMs":0,"isMalicious":false}
[DashboardServer] {"type":"PACKET_EVENT","msgType":"SAFETY_MSG","senderId":"86985ce93f062b1d3e1f26bc456dc6f046432363ff0d92b1728c63537939fa19","receiverId":"BROADCAST","outcome":"SENT","latencyMs":0,"isMalicious":false}
[DashboardServer] {"type":"PACKET_EVENT","msgType":"SAFETY_MSG","senderId":"dd9f86eefbc290fa473a0b63d382b568c06ad2279c679aded6248f350deeab87","receiverId":"BROADCAST","outcome":"SENT","latencyMs":0,"isMalicious":false}
[DashboardServer] {"type":"PACKET_EVENT","msgType":"SAFETY_MSG","senderId":"eb54ee6bc4c9e1a6401615599da94978994bb6f420ea34755384fd7a47949e09","receiverId":"BROADCAST","outcome":"SENT","latencyMs":0,"isMalicious":false}
[DashboardServer] {"type":"PACKET_EVENT","msgType":"SAFETY_MSG","senderId":"1cf1f281e4628ab988065d1deb4634ca70866bc43a908b6ce38dcd0995d0a8bc","receiverId":"BROADCAST","outcome":"SENT","latencyMs":0,"isMalicious":false}
[DashboardServer] {"type":"PACKET_EVENT","msgType":"SAFETY_MSG","senderId":"953404a20a30f245d2d5d34f7bdcaea6e6b8159c1cae33af02c9effd85e998f4","receiverId":"BROADCAST","outcome":"SENT","latencyMs":0,"isMalicious":false}
[DashboardServer] {"type":"STATS_UPDATE","zkProofsPerSec": 66.7, "cacheHitRate": 0.000000}
[DashboardServer] {"type":"STATS_UPDATE","zkProofsPerSec": 66.7, "cacheHitRate": 0.000000}
[DashboardServer] {"type":"STATS_UPDATE","zkProofsPerSec": 66.7, "cacheHitRate": 0.000000}
[DashboardServer] {"type":"STATS_UPDATE","zkProofsPerSec": 66.7, "cacheHitRate": 0.000000}
[DashboardServer] {"type":"PACKET_EVENT","msgType":"SAFETY_MSG","senderId":"15f4eee5f864e77f1c51c1af3f9f929ff03770eebf0c8b191dd12c3650ef54bf","receiverId":"BROADCAST","outcome":"SENT","latencyMs":0,"isMalicious":false}
[DashboardServer] {"type":"PACKET_EVENT","msgType":"SAFETY_MSG","senderId":"86985ce93f062b1d3e1f26bc456dc6f046432363ff0d92b1728c63537939fa19","receiverId":"BROADCAST","outcome":"SENT","latencyMs":0,"isMalicious":false}
[DashboardServer] {"type":"PACKET_EVENT","msgType":"SAFETY_MSG","senderId":"dd9f86eefbc290fa473a0b63d382b568c06ad2279c679aded6248f350deeab87","receiverId":"BROADCAST","outcome":"SENT","latencyMs":0,"isMalicious":false}
[DashboardServer] {"type":"PACKET_EVENT","msgType":"SAFETY_MSG","senderId":"eb54ee6bc4c9e1a6401615599da94978994bb6f420ea34755384fd7a47949e09","receiverId":"BROADCAST","outcome":"SENT","latencyMs":0,"isMalicious":false}
[DashboardServer] {"type":"PACKET_EVENT","msgType":"SAFETY_MSG","senderId":"1cf1f281e4628ab988065d1deb4634ca70866bc43a908b6ce38dcd0995d0a8bc","receiverId":"BROADCAST","outcome":"SENT","latencyMs":0,"isMalicious":false}
[DashboardServer] {"type":"PACKET_EVENT","msgType":"SAFETY_MSG","senderId":"953404a20a30f245d2d5d34f7bdcaea6e6b8159c1cae33af02c9effd85e998f4","receiverId":"BROADCAST","outcome":"SENT","latencyMs":0,"isMalicious":false}
[DashboardServer] {"type":"STATS_UPDATE","zkProofsPerSec": 66.7, "cacheHitRate": 0.000000}
[DashboardServer] {"type":"STATS_UPDATE","zkProofsPerSec": 66.7, "cacheHitRate": 0.000000}
[DashboardServer] {"type":"STATS_UPDATE","zkProofsPerSec": 66.7, "cacheHitRate": 0.000000}
[DashboardServer] {"type":"STATS_UPDATE","zkProofsPerSec": 66.7, "cacheHitRate": 0.000000}
[DashboardServer] {"type":"PACKET_EVENT","msgType":"SAFETY_MSG","senderId":"15f4eee5f864e77f1c51c1af3f9f929ff03770eebf0c8b191dd12c3650ef54bf","receiverId":"BROADCAST","outcome":"SENT","latencyMs":0,"isMalicious":false}
[DashboardServer] {"type":"PACKET_EVENT","msgType":"SAFETY_MSG","senderId":"86985ce93f062b1d3e1f26bc456dc6f046432363ff0d92b1728c63537939fa19","receiverId":"BROADCAST","outcome":"SENT","latencyMs":0,"isMalicious":false}
[DashboardServer] {"type":"PACKET_EVENT","msgType":"SAFETY_MSG","senderId":"dd9f86eefbc290fa473a0b63d382b568c06ad2279c679aded6248f350deeab87","receiverId":"BROADCAST","outcome":"SENT","latencyMs":0,"isMalicious":false}
[DashboardServer] {"type":"PACKET_EVENT","msgType":"SAFETY_MSG","senderId":"eb54ee6bc4c9e1a6401615599da94978994bb6f420ea34755384fd7a47949e09","receiverId":"BROADCAST","outcome":"SENT","latencyMs":0,"isMalicious":false}
[DashboardServer] {"type":"PACKET_EVENT","msgType":"SAFETY_MSG","senderId":"1cf1f281e4628ab988065d1deb4634ca70866bc43a908b6ce38dcd0995d0a8bc","receiverId":"BROADCAST","outcome":"SENT","latencyMs":0,"isMalicious":false}
[DashboardServer] {"type":"PACKET_EVENT","msgType":"SAFETY_MSG","senderId":"953404a20a30f245d2d5d34f7bdcaea6e6b8159c1cae33af02c9effd85e998f4","receiverId":"BROADCAST","outcome":"SENT","latencyMs":0,"isMalicious":false}
[DashboardServer] {"type":"STATS_UPDATE","zkProofsPerSec": 66.7, "cacheHitRate": 0.000000}
[DashboardServer] {"type":"STATS_UPDATE","zkProofsPerSec": 66.7, "cacheHitRate": 0.000000}
[DashboardServer] {"type":"STATS_UPDATE","zkProofsPerSec": 66.7, "cacheHitRate": 0.000000}
[DashboardServer] {"type":"STATS_UPDATE","zkProofsPerSec": 66.7, "cacheHitRate": 0.000000}
[DashboardServer] {"type":"PACKET_EVENT","msgType":"SAFETY_MSG","senderId":"15f4eee5f864e77f1c51c1af3f9f929ff03770eebf0c8b191dd12c3650ef54bf","receiverId":"BROADCAST","outcome":"SENT","latencyMs":0,"isMalicious":false}
[DashboardServer] {"type":"PACKET_EVENT","msgType":"SAFETY_MSG","senderId":"86985ce93f062b1d3e1f26bc456dc6f046432363ff0d92b1728c63537939fa19","receiverId":"BROADCAST","outcome":"SENT","latencyMs":0,"isMalicious":false}
[DashboardServer] {"type":"PACKET_EVENT","msgType":"SAFETY_MSG","senderId":"dd9f86eefbc290fa473a0b63d382b568c06ad2279c679aded6248f350deeab87","receiverId":"BROADCAST","outcome":"SENT","latencyMs":0,"isMalicious":false}
[DashboardServer] {"type":"PACKET_EVENT","msgType":"SAFETY_MSG","senderId":"eb54ee6bc4c9e1a6401615599da94978994bb6f420ea34755384fd7a47949e09","receiverId":"BROADCAST","outcome":"SENT","latencyMs":0,"isMalicious":false}
[DashboardServer] {"type":"PACKET_EVENT","msgType":"SAFETY_MSG","senderId":"1cf1f281e4628ab988065d1deb4634ca70866bc43a908b6ce38dcd0995d0a8bc","receiverId":"BROADCAST","outcome":"SENT","latencyMs":0,"isMalicious":false}
[DashboardServer] {"type":"PACKET_EVENT","msgType":"SAFETY_MSG","senderId":"953404a20a30f245d2d5d34f7bdcaea6e6b8159c1cae33af02c9effd85e998f4","receiverId":"BROADCAST","outcome":"SENT","latencyMs":0,"isMalicious":false}
[DashboardServer] {"type":"STATS_UPDATE","zkProofsPerSec": 66.7, "cacheHitRate": 0.000000}
[DashboardServer] {"type":"STATS_UPDATE","zkProofsPerSec": 66.7, "cacheHitRate": 0.000000}
[DashboardServer] {"type":"STATS_UPDATE","zkProofsPerSec": 66.7, "cacheHitRate": 0.000000}
[DashboardServer] {"type":"STATS_UPDATE","zkProofsPerSec": 66.7, "cacheHitRate": 0.000000}
[DashboardServer] {"type":"PACKET_EVENT","msgType":"SAFETY_MSG","senderId":"15f4eee5f864e77f1c51c1af3f9f929ff03770eebf0c8b191dd12c3650ef54bf","receiverId":"BROADCAST","outcome":"SENT","latencyMs":0,"isMalicious":false}
[DashboardServer] {"type":"PACKET_EVENT","msgType":"SAFETY_MSG","senderId":"86985ce93f062b1d3e1f26bc456dc6f046432363ff0d92b1728c63537939fa19","receiverId":"BROADCAST","outcome":"SENT","latencyMs":0,"isMalicious":false}
[DashboardServer] {"type":"PACKET_EVENT","msgType":"SAFETY_MSG","senderId":"dd9f86eefbc290fa473a0b63d382b568c06ad2279c679aded6248f350deeab87","receiverId":"BROADCAST","outcome":"SENT","latencyMs":0,"isMalicious":false}
[DashboardServer] {"type":"PACKET_EVENT","msgType":"SAFETY_MSG","senderId":"eb54ee6bc4c9e1a6401615599da94978994bb6f420ea34755384fd7a47949e09","receiverId":"BROADCAST","outcome":"SENT","latencyMs":0,"isMalicious":false}
[DashboardServer] {"type":"PACKET_EVENT","msgType":"SAFETY_MSG","senderId":"1cf1f281e4628ab988065d1deb4634ca70866bc43a908b6ce38dcd0995d0a8bc","receiverId":"BROADCAST","outcome":"SENT","latencyMs":0,"isMalicious":false}
[DashboardServer] {"type":"PACKET_EVENT","msgType":"SAFETY_MSG","senderId":"953404a20a30f245d2d5d34f7bdcaea6e6b8159c1cae33af02c9effd85e998f4","receiverId":"BROADCAST","outcome":"SENT","latencyMs":0,"isMalicious":false}
[DashboardServer] {"type":"STATS_UPDATE","zkProofsPerSec": 66.7, "cacheHitRate": 0.000000}
[DashboardServer] {"type":"STATS_UPDATE","zkProofsPerSec": 66.7, "cacheHitRate": 0.000000}
[DashboardServer] {"type":"STATS_UPDATE","zkProofsPerSec": 66.7, "cacheHitRate": 0.000000}
[DashboardServer] {"type":"STATS_UPDATE","zkProofsPerSec": 66.7, "cacheHitRate": 0.000000}
[DashboardServer] {"type":"PACKET_EVENT","msgType":"SAFETY_MSG","senderId":"15f4eee5f864e77f1c51c1af3f9f929ff03770eebf0c8b191dd12c3650ef54bf","receiverId":"BROADCAST","outcome":"SENT","latencyMs":0,"isMalicious":false}
[DashboardServer] {"type":"PACKET_EVENT","msgType":"SAFETY_MSG","senderId":"86985ce93f062b1d3e1f26bc456dc6f046432363ff0d92b1728c63537939fa19","receiverId":"BROADCAST","outcome":"SENT","latencyMs":0,"isMalicious":false}
[DashboardServer] {"type":"PACKET_EVENT","msgType":"SAFETY_MSG","senderId":"dd9f86eefbc290fa473a0b63d382b568c06ad2279c679aded6248f350deeab87","receiverId":"BROADCAST","outcome":"SENT","latencyMs":0,"isMalicious":false}
[DashboardServer] {"type":"PACKET_EVENT","msgType":"SAFETY_MSG","senderId":"eb54ee6bc4c9e1a6401615599da94978994bb6f420ea34755384fd7a47949e09","receiverId":"BROADCAST","outcome":"SENT","latencyMs":0,"isMalicious":false}
[DashboardServer] {"type":"PACKET_EVENT","msgType":"SAFETY_MSG","senderId":"1cf1f281e4628ab988065d1deb4634ca70866bc43a908b6ce38dcd0995d0a8bc","receiverId":"BROADCAST","outcome":"SENT","latencyMs":0,"isMalicious":false}
[DashboardServer] {"type":"PACKET_EVENT","msgType":"SAFETY_MSG","senderId":"953404a20a30f245d2d5d34f7bdcaea6e6b8159c1cae33af02c9effd85e998f4","receiverId":"BROADCAST","outcome":"SENT","latencyMs":0,"isMalicious":false}
[DashboardServer] {"type":"STATS_UPDATE","zkProofsPerSec": 66.7, "cacheHitRate": 0.000000}
[DashboardServer] {"type":"STATS_UPDATE","zkProofsPerSec": 66.7, "cacheHitRate": 0.000000}
[DashboardServer] {"type":"STATS_UPDATE","zkProofsPerSec": 66.7, "cacheHitRate": 0.000000}
[DashboardServer] {"type":"STATS_UPDATE","zkProofsPerSec": 66.7, "cacheHitRate": 0.000000}
[DashboardServer] {"type":"PACKET_EVENT","msgType":"SAFETY_MSG","senderId":"15f4eee5f864e77f1c51c1af3f9f929ff03770eebf0c8b191dd12c3650ef54bf","receiverId":"BROADCAST","outcome":"SENT","latencyMs":0,"isMalicious":false}
[DashboardServer] {"type":"PACKET_EVENT","msgType":"SAFETY_MSG","senderId":"86985ce93f062b1d3e1f26bc456dc6f046432363ff0d92b1728c63537939fa19","receiverId":"BROADCAST","outcome":"SENT","latencyMs":0,"isMalicious":false}
[DashboardServer] {"type":"PACKET_EVENT","msgType":"SAFETY_MSG","senderId":"dd9f86eefbc290fa473a0b63d382b568c06ad2279c679aded6248f350deeab87","receiverId":"BROADCAST","outcome":"SENT","latencyMs":0,"isMalicious":false}
[DashboardServer] {"type":"PACKET_EVENT","msgType":"SAFETY_MSG","senderId":"eb54ee6bc4c9e1a6401615599da94978994bb6f420ea34755384fd7a47949e09","receiverId":"BROADCAST","outcome":"SENT","latencyMs":0,"isMalicious":false}
[DashboardServer] {"type":"PACKET_EVENT","msgType":"SAFETY_MSG","senderId":"1cf1f281e4628ab988065d1deb4634ca70866bc43a908b6ce38dcd0995d0a8bc","receiverId":"BROADCAST","outcome":"SENT","latencyMs":0,"isMalicious":false}
[DashboardServer] {"type":"PACKET_EVENT","msgType":"SAFETY_MSG","senderId":"953404a20a30f245d2d5d34f7bdcaea6e6b8159c1cae33af02c9effd85e998f4","receiverId":"BROADCAST","outcome":"SENT","latencyMs":0,"isMalicious":false}
[DashboardServer] {"type":"STATS_UPDATE","zkProofsPerSec": 66.7, "cacheHitRate": 0.000000}
[DashboardServer] {"type":"STATS_UPDATE","zkProofsPerSec": 66.7, "cacheHitRate": 0.000000}
