version 3
run UrbanEndToEndDemo-0-20260614-19:00:14-85227
attr configname UrbanEndToEndDemo
attr datetime 20260614-19:00:14
attr datetimef 20260614-190014
attr experiment UrbanEndToEndDemo
attr inifile omnetpp.ini
attr iterationvars ""
attr iterationvarsd ""
attr iterationvarsf ""
attr measurement ""
attr network SwarmNetwork
attr processid 85227
attr repetition 0
attr replication #0
attr resultdir results
attr runnumber 0
attr seedset 0
config description "Urban end-to-end demo: authentication, pseudonym generation, swarm acceptance, revocation, and malicious rejection"
config network SwarmNetwork
config sim-time-limit 45s
config *.manager.launchConfig "xmldoc(\"../../scripts/sumo_urban_full_demo.launchd.xml\")"
config SwarmNetwork.playgroundSizeX 600m
config SwarmNetwork.playgroundSizeY 600m
config SwarmNetwork.playgroundSizeZ 50m
config *.connectionManager.sendDirect true
config *.connectionManager.maxInterfDist 300m
config *.connectionManager.drawMaxIntfDist true
config *.node[*].applType "\"SwarmVehicle\""
config *.node[*].appl.headerLength 80bit
config *.node[*].appl.sendBeacons true
config *.node[*].appl.dataOnSch false
config *.node[*].appl.beaconInterval 5s
config **.epochDuration 30s
config **.preActivationLead 10s
config **.trustCacheTTL 30
config **.acfMaxStaleness 3
config **.proofPoolPrecompute 100
config **.dashboardPort 8765
config *.node[*].appl.demoTrace true
config *.node[0].appl.demoRole "\"LEGIT_SENDER\""
config *.node[1].appl.demoRole "\"LEGIT_RECEIVER\""
config *.node[2].appl.demoRole "\"VALIDATOR_1\""
config *.node[3].appl.demoRole "\"VALIDATOR_2\""
config *.node[4].appl.demoRole "\"VALIDATOR_3\""
config *.node[5].appl.demoRole "\"MALICIOUS\""
config **.maliciousRatio 0.0
config **.maliciousMode "\"NONE\""
config *.node[5].appl.maliciousRatio 1.0
config *.node[5].appl.maliciousMode "\"INVALID_ZK\""
config network SwarmNetwork
config sim-time-limit 300s
config record-eventlog false
config **.vector-recording true
config **.scalar-recording true
config SwarmNetwork.playgroundSizeX 6000m
config SwarmNetwork.playgroundSizeY 1200m
config SwarmNetwork.playgroundSizeZ 50m
config SwarmNetwork.connectionManager.sendDirect true
config SwarmNetwork.connectionManager.maxInterfDist 300m
config SwarmNetwork.connectionManager.drawMaxIntfDist false
config SwarmNetwork.manager.updateInterval 0.1s
config SwarmNetwork.manager.host "\"localhost\""
config SwarmNetwork.manager.port 9999
config SwarmNetwork.manager.autoShutdown true
config SwarmNetwork.manager.launchConfig "xmldoc(\"sumo_highway.launchd.xml\")"
config SwarmNetwork.node[*].applType "\"SwarmVehicle\""
config SwarmNetwork.node[*].appl.headerLength 80bit
config SwarmNetwork.node[*].appl.sendBeacons true
config SwarmNetwork.node[*].appl.dataOnSch false
config SwarmNetwork.node[*].appl.beaconInterval 0.1s
config SwarmNetwork.node[*].veinsmobility.x 0
config SwarmNetwork.node[*].veinsmobility.y 0
config SwarmNetwork.node[*].veinsmobility.z 0
config SwarmNetwork.node[*].veinsmobility.setHostSpeed false
config SwarmNetwork.node[*].nic.phy80211p.usePropagationDelay false
config SwarmNetwork.node[*].nic.phy80211p.useNoiseFloor true
config SwarmNetwork.node[*].nic.phy80211p.noiseFloor -98dBm
config SwarmNetwork.node[*].nic.phy80211p.useThermalNoise true
config SwarmNetwork.node[*].nic.phy80211p.thermalNoise -110dBm
config SwarmNetwork.node[*].nic.phy80211p.sensitivity -89dBm
config SwarmNetwork.node[*].nic.phy80211p.maxTXPower 20mW
config SwarmNetwork.node[*].nic.phy80211p.initialRadioState 0
config SwarmNetwork.node[*].nic.phy80211p.collectCollisionStatistics false
config SwarmNetwork.node[*].nic.phy80211p.channelNumber 180
config SwarmNetwork.node[*].nic.phy80211p.headerLength 46bit
config SwarmNetwork.node[*].nic.phy80211p.decider "xmldoc(\"config.xml\")"
config SwarmNetwork.node[*].nic.phy80211p.analogueModels "xmldoc(\"config.xml\")"
config SwarmNetwork.node[*].nic.phy80211p.antenna default
config SwarmNetwork.node[*].nic.phy80211p.minPowerLevel -110dBm
config SwarmNetwork.node[*].nic.phy80211p.carrierFrequency "5.890e9 Hz"
config SwarmNetwork.node[*].nic.phy80211p.drawCommunicationRange false
config SwarmNetwork.node[*].nic.mac1609_4.useServiceChannel false
config SwarmNetwork.node[*].nic.mac1609_4.queueSize 14
config SwarmNetwork.node[*].nic.mac1609_4.contentionWindowMin 15
config SwarmNetwork.node[*].nic.mac1609_4.contentionWindowMax 1007
config SwarmNetwork.node[*].nic.mac1609_4.AIFS 2
config SwarmNetwork.node[*].nic.mac1609_4.slotDuration 13us
config SwarmNetwork.node[*].nic.mac1609_4.guardSize 4us
config SwarmNetwork.node[*].nic.mac1609_4.txPower 20mW
config SwarmNetwork.node[*].nic.mac1609_4.bitrate 6Mbps
config SwarmNetwork.node[*].nic.mac1609_4.headerLength 88bit
config SwarmNetwork.node[*].nic.mac1609_4.bandwidth 10MHz
config SwarmNetwork.node[*].nic.mac1609_4.centerFrequency "5.890e9 Hz"
config **.epochDuration 600s
config **.beaconInterval 0.1s
config **.preActivationLead 60s
config **.trustCacheTTL 30
config **.acfMaxStaleness 3
config **.proofPoolPrecompute 100
config **.dashboardPort 8765
config **.maliciousRatio 0.0
config **.maliciousMode "\"NONE\""

vector 0 SwarmNetwork.node[0].nic.phy80211p RadioState ETV
vector 1 SwarmNetwork.node[0].nic.phy80211p RadioChannel ETV
vector 2 SwarmNetwork.manager posx ETV
vector 3 SwarmNetwork.manager posy ETV
vector 4 SwarmNetwork.node[1].nic.phy80211p RadioState ETV
vector 5 SwarmNetwork.node[1].nic.phy80211p RadioChannel ETV
vector 6 SwarmNetwork.manager posx ETV
vector 7 SwarmNetwork.manager posy ETV
vector 8 SwarmNetwork.manager speed ETV
vector 9 SwarmNetwork.node[2].nic.phy80211p RadioState ETV
vector 10 SwarmNetwork.node[2].nic.phy80211p RadioChannel ETV
vector 11 SwarmNetwork.manager posx ETV
vector 12 SwarmNetwork.manager posy ETV
vector 13 SwarmNetwork.manager acceleration ETV
vector 14 SwarmNetwork.manager co2emission ETV
vector 15 SwarmNetwork.manager speed ETV
vector 16 SwarmNetwork.node[3].nic.phy80211p RadioState ETV
vector 17 SwarmNetwork.node[3].nic.phy80211p RadioChannel ETV
vector 18 SwarmNetwork.manager posx ETV
vector 19 SwarmNetwork.manager posy ETV
vector 20 SwarmNetwork.manager acceleration ETV
vector 21 SwarmNetwork.manager co2emission ETV
vector 22 SwarmNetwork.manager speed ETV
vector 23 SwarmNetwork.node[4].nic.phy80211p RadioState ETV
vector 24 SwarmNetwork.node[4].nic.phy80211p RadioChannel ETV
vector 25 SwarmNetwork.manager posx ETV
vector 26 SwarmNetwork.manager posy ETV
vector 27 SwarmNetwork.manager acceleration ETV
vector 28 SwarmNetwork.manager co2emission ETV
vector 29 SwarmNetwork.manager speed ETV
vector 30 SwarmNetwork.node[5].nic.phy80211p RadioState ETV
vector 31 SwarmNetwork.node[5].nic.phy80211p RadioChannel ETV
vector 32 SwarmNetwork.manager posx ETV
vector 33 SwarmNetwork.manager posy ETV
vector 34 SwarmNetwork.manager acceleration ETV
vector 35 SwarmNetwork.manager co2emission ETV
vector 36 SwarmNetwork.manager speed ETV
vector 37 SwarmNetwork.manager acceleration ETV
vector 38 SwarmNetwork.manager co2emission ETV
vector 39 SwarmNetwork.manager speed ETV
vector 40 SwarmNetwork.manager acceleration ETV
vector 41 SwarmNetwork.manager co2emission ETV
41	9	0.8	4.3153558867908
41	10	0.9	4.3689806502507
41	11	1	4.5705334673036
41	12	1.1	5.1855968493381
41	13	1.2	5.4156634544466
41	14	1.3	5.2057695885635
41	15	1.4	5.5717275576747
41	16	1.5	5.9078727459046
41	17	1.6	5.3421320934894
41	19	1.7	5.6567543607387
41	20	1.8	5.5177779928051
41	21	1.9	5.7964110865216
41	22	2	6.2343815381085
41	24	2.1	6.4856567852654
41	65	2.2	6.5562246605591
41	105	2.3	6.9681653449523
41	145	2.4	7.2662788558114
41	185	2.5	6.5713895686922
41	186	2.6	6.9267195731134
41	187	2.7	7.8311054672633
41	189	2.8	7.4442708795615
41	190	2.9	7.3306783495546
41	191	3	7.9595013646984
41	192	3.1	8.475685518012
41	193	3.2	8.3237859319299
41	194	3.3	8.185332731082
41	195	3.4	7.6592918114861
41	196	3.5	7.7483244149773
41	197	3.6	9.0361871318299
41	198	3.7	8.5222298359569
41	199	3.8	9.4789370670135
41	200	3.9	8.3299193004533
41	201	4	8.6154978469983
41	202	4.1	9.4050537233126
41	203	4.2	9.2751494151201
41	204	4.3	9.1791099542941
41	206	4.4	10.500249133393
41	207	4.5	1.3189046559931
41	208	4.6	2.617885492476
41	209	4.7	1.2578894915533
41	210	4.8	1.9198463533635
41	211	4.9	2.6815014914758
41	212	5	2.3967694685671
41	213	5.1	1.974641698582
41	214	5.2	1.3841793202406
41	215	5.3	2.1418687189996
41	217	5.4	2.152118140632
41	218	5.5	2.5085322914977
41	219	5.6	2.1880326246639
41	220	5.7	1.3261202254052
41	221	5.8	2.2521796620341
41	222	5.9	1.2917071232523
41	223	6	2.1440977203299
41	224	6.1	3.5755626502618
41	225	6.2	0.973
41	226	6.3	2.6248522712027
41	227	6.4	1.6075304988525
41	228	6.5	2.6143108502208
41	229	6.6	2.8912945805976
41	230	6.7	1.1626557423532
41	231	6.8	1.7862625188438
41	232	6.9	1.7187657615647
41	233	7	2.3560787726089
41	235	7.1	2.3107036248419
41	274	7.2	1.5573230147268
41	275	7.3	2.6230209490407
41	276	7.4	1.4230614309393
41	277	7.5	2.9002900148935
41	278	7.6	0.973
41	279	7.7	2.5187885571786
41	280	7.8	2.4750129192407
41	281	7.9	1.7122896591728
41	282	8	2.9429736609755
41	283	8.1	1.4163946915327
41	284	8.2	1.5557414848902
41	285	8.3	2.3347700516434
41	286	8.4	2.0350150768099
41	287	8.5	2.5797703426846
41	288	8.6	1.4319719429754
41	289	8.7	1.6982397055779
41	290	8.8	2.2738498055116
41	291	8.9	1.7350324973086
41	292	9	2.1111920911518
41	293	9.1	1.6111617269184
41	294	9.2	2.0183559673397
41	295	9.3	2.2365348060607
41	296	9.4	3.2955817597003
41	297	9.5	1.8886896879204
41	298	9.6	0.973
41	299	9.7	1.8196956774554
41	300	9.8	3.1388760815886
41	301	9.9	1.3720017857772
41	302	10	2.2452323645233
41	303	10.1	1.9834553588203
41	304	10.2	1.8655433423703
41	305	10.3	2.5288776950433
41	306	10.4	1.7673221392099
41	307	10.5	1.9480065737177
41	308	10.6	1.8114411346669
41	309	10.7	1.7991827930914
41	310	10.8	2.4438621685133
41	311	10.9	1.5803154065015
41	312	11	2.5685688316585
41	313	11.1	1.4984775536333
41	314	11.2	2.7615577501918
41	315	11.3	1.6771510730905
41	316	11.4	1.9854248562296
41	317	11.5	2.7173800137233
41	319	11.6	1.2580065529844
41	358	11.7	2.4417893558539
41	359	11.8	1.6432901090445
41	360	11.9	2.4744412228016
41	361	12	1.1384907910075
41	362	12.1	3.1746570451349
41	363	12.2	2.2886507912571
41	364	12.3	0.973
41	365	12.4	2.2310270661848
41	366	12.5	3.0109831993123
41	368	12.6	1.2812124164067
41	445	12.7	3.0601784445173
41	485	12.8	0.973
41	704	12.9	1.844293209986
41	705	13	2.1503823170955
41	706	13.1	2.3701631556157
41	707	13.2	3.1652131237513
41	708	13.3	1.2261000282227
41	709	13.4	1.4492367580716
41	710	13.5	1.7664537199324
41	711	13.6	3.319668213567
41	712	13.7	1.726705605173
41	713	13.8	0.973
41	714	13.9	3.5644863244464
41	715	14	1.3583015669269
41	716	14.1	2.6467870877952
41	717	14.2	0.973
41	718	14.3	1.6437523473759
41	719	14.4	3.5340118710754
41	720	14.5	1.8882073747762
41	721	14.6	1.7027249424452
41	722	14.7	1.2123192326841
41	723	14.8	2.1221785338918
41	724	14.9	3.0117499294064
41	725	15	1.9426477573284
41	726	15.1	1.7366854599113
41	727	15.2	1.7829957148316
41	728	15.3	2.7941842518083
41	729	15.4	2.0264465643755
41	730	15.5	0.973
41	731	15.6	2.4608568197197
41	732	15.7	2.6314870567735
41	733	15.8	1.4673709030555
41	734	15.9	1.4446919024141
41	735	16	2.5316807441755
41	736	16.1	2.5849878800066
41	737	16.2	1.8096188533916
41	738	16.3	2.569831325791
41	739	16.4	0.973
41	740	16.5	2.9633432435157
41	741	16.6	1.3794119853326
41	742	16.7	3.24931731602
41	743	16.8	1.8816671667617
41	744	16.9	0.973
41	745	17	1.8082011859112
41	746	17.1	3.3496804005798
41	747	17.2	0.973
41	748	17.3	2.002295221011
41	749	17.4	1.7342096121192
41	750	17.5	3.0278973097892
41	751	17.6	1.4032813765402
41	752	17.7	2.5838710235479
41	753	17.8	2.2858248593972
41	754	17.9	1.8260823899501
41	755	18	1.1267821352785
41	756	18.1	3.5808848318538
41	757	18.2	0.973
41	758	18.3	2.9928409527715
41	759	18.4	1.4279440285966
41	760	18.5	1.5661103517652
41	762	18.6	3.3387396409891
41	801	18.7	0.973
41	802	18.8	3.0253541792673
41	803	18.9	2.1481164271993
41	804	19	1.2213764623516
41	805	19.1	2.5082967203305
41	806	19.2	2.1876351990298
41	807	19.3	1.9633716750061
41	808	19.4	1.9098297341457
41	809	19.5	2.4307176089369
41	810	19.6	1.857396420519
41	811	19.7	0.973
41	812	19.8	3.3227049687652
41	813	19.9	2.116013248333
41	814	20	1.9285363577121
41	815	20.1	1.284355319082
41	816	20.2	2.8998442109891
41	817	20.3	1.6489125488326
41	818	20.4	1.9122738950878
41	819	20.5	2.1030505854043
41	820	20.6	1.2909282315563
41	821	20.7	2.3748473459136
41	822	20.8	1.5656771640395
41	823	20.9	2.8934870030604
41	824	21	0.973
41	825	21.1	2.5195766685652
41	826	21.2	1.5342815436976
41	827	21.3	3.1741702504088
41	828	21.4	1.6791107499362
41	829	21.5	1.4066444222692
41	830	21.6	2.0314304483797
41	831	21.7	2.634359175156
41	832	21.8	1.4815710310291
41	833	21.9	1.7371677234283
41	834	22	3.299137443104
41	835	22.1	1.1662655888316
41	836	22.2	1.6099102906493
41	837	22.3	3.0006817465901
41	838	22.4	1.6492703328058
41	839	22.5	1.8166723340523
41	840	22.6	2.9819597796288
41	841	22.7	1.1477027409062
41	842	22.8	2.7139546377834
41	843	22.9	2.2450266271337
41	844	23	1.1980109971718
41	845	23.1	2.7360547406471
41	846	23.2	1.9170192313961
41	847	23.3	1.5440708921944
41	848	23.4	2.9651573605364
41	849	23.5	1.4733527643837
41	850	23.6	1.7281800428058
41	851	23.7	2.6733421925537
41	852	23.8	2.0974602767042
41	853	23.9	1.8108633072398
41	854	24	1.2941369168686
41	855	24.1	1.8261616325524
41	856	24.2	2.7887451022312
41	857	24.3	1.2545111005921
41	858	24.4	3.0873480174395
41	859	24.5	1.9423451096967
41	860	24.6	1.2916586306384
41	861	24.7	1.5550327238406
41	862	24.8	2.7927111166717
41	863	24.9	1.8980966753532
41	864	25	2.9130639299908
40	9	0.8	2.2221493961196
40	10	0.9	2.1675383958966
40	11	1	2.2187652638648
40	12	1.1	2.5320887626149
40	13	1.2	2.5696438018605
40	14	1.3	2.3394292564876
40	15	1.4	2.4669242621772
40	16	1.5	2.5643023688905
40	17	1.6	2.1627217384521
40	19	1.7	2.2623318758979
40	20	1.8	2.1197227509972
40	21	1.9	2.1982694478799
40	22	2	2.3479409244098
40	24	2.1	2.3964887725375
40	65	2.2	2.3576216941699
40	105	2.3	2.4749487231951
40	145	2.4	2.5328993200883
40	185	2.5	2.1630183482263
40	186	2.6	2.2577771991119
40	187	2.7	2.5690757215675
40	189	2.8	2.3447111588717
40	190	2.9	2.2418492494896
40	191	3	2.4284984891955
40	192	3.1	2.5602151341364
40	193	3.2	2.4400805310905
40	194	3.3	2.3324030318763
40	195	3.4	2.0953321032971
40	196	3.5	2.0833279539086
40	197	3.6	2.4769837696478
40	198	3.7	2.2507794822194
40	199	3.8	2.5152375082485
40	200	3.9	2.0927721382119
40	201	4	2.1432513776608
40	202	4.1	2.3467585791182
40	203	4.2	2.2601285320707
40	204	4.3	2.1879512334149
40	206	4.4	2.5355930660293
40	207	4.5	-0.21107017982741
40	208	4.6	0.17740004247987
40	209	4.7	-0.22928156468087
40	210	4.8	-0.030766677279015
40	211	4.9	0.19672024731523
40	212	5	0.11104467268101
40	213	5.1	-0.015195196242992
40	214	5.2	-0.19154118645936
40	215	5.3	0.035352220991616
40	217	5.4	0.038295304169882
40	218	5.5	0.14443352204747
40	219	5.6	0.048396263401962
40	220	5.7	-0.20902402189559
40	221	5.8	0.068075473885969
40	222	5.9	-0.2191104646027
40	223	6	0.036325402408828
40	224	6.1	0.46242925976403
40	225	6.2	-0.50586437302641
40	226	6.3	0.17983116341755
40	227	6.4	-0.12452632826752
40	228	6.5	0.1764507777337
40	229	6.6	0.25809348266572
40	230	6.7	-0.25806560294702
40	231	6.8	-0.071224947059534
40	232	6.9	-0.091221806593236
40	233	7	0.09939213955775
40	235	7.1	0.085491502191868
40	274	7.2	-0.13969401854091
40	275	7.3	0.17879145357758
40	276	7.4	-0.17991389986127
40	277	7.5	0.26134717867709
40	278	7.6	-0.34604057152755
40	279	7.7	0.14808423859998
40	280	7.8	0.1344368552696
40	281	7.9	-0.093513343576337
40	282	8	0.27352657581678
40	283	8.1	-0.18224839692003
40	284	8.2	-0.14027759156191
40	285	8.3	0.092667452227317
40	286	8.4	0.0029534981493029
40	287	8.5	0.16527449704705
40	288	8.6	-0.17748836687765
40	289	8.7	-0.097571882708003
40	290	8.8	0.074551824880764
40	291	8.9	-0.086523859333241
40	292	9	0.026058430550613
40	293	9.1	-0.1234163899254
40	294	9.2	-0.0013647049292942
40	295	9.3	0.063806974710907
40	296	9.4	0.37890069467014
40	297	9.5	-0.041331056775515
40	298	9.6	-0.3801761410106
40	299	9.7	-0.060806459002194
40	300	9.8	0.33289275715127
40	301	9.9	-0.19525676548481
40	302	10	0.066060102954513
40	303	10.1	-0.012273501995956
40	304	10.2	-0.047448799964052
40	305	10.3	0.15060182475485
40	306	10.4	-0.077049171924592
40	307	10.5	-0.022896179324015
40	308	10.6	-0.063619269262993
40	309	10.7	-0.067119717141608
40	310	10.8	0.12558123433031
40	311	10.9	-0.13269476972521
40	312	11	0.16279247008264
40	313	11.1	-0.15723165113478
40	314	11.2	0.22027040904387
40	315	11.3	-0.10395262779667
40	316	11.4	-0.011611817721278
40	317	11.5	0.20663967383094
40	319	11.6	-0.22940967283212
40	358	11.7	0.12464771958999
40	359	11.8	-0.11403897376731
40	360	11.9	0.13433697685599
40	361	12	-0.26507025907748
40	362	12.1	0.3434036333859
40	363	12.2	0.078185999374849
40	364	12.3	-0.39543591327035
40	365	12.4	0.062125458912927
40	366	12.5	0.29425953479484
40	368	12.6	-0.22251655458472
40	445	12.7	0.30851337531582
40	485	12.8	-0.43201626738533
40	704	12.9	-0.053450845843184
40	705	13	0.038188468236484
40	706	13.1	0.10366816783323
40	707	13.2	0.33991311255843
40	708	13.3	-0.23910452047364
40	709	13.4	-0.17201610841788
40	710	13.5	-0.076772013809538
40	711	13.6	0.38664766184056
40	712	13.7	-0.089401055285716
40	713	13.8	-0.29617723929695
40	714	13.9	0.45937464342453
40	715	14	-0.19955905305222
40	716	14.1	0.18521022481844
40	717	14.2	-0.33207979228347
40	718	14.3	-0.1135606664978
40	719	14.4	0.45032893773168
40	720	14.5	-0.041391652552409
40	721	14.6	-0.096611771248281
40	722	14.7	-0.2429990561679
40	723	14.8	0.029556329138565
40	724	14.9	0.29454914745875
40	725	15	-0.025002022106193
40	726	15.1	-0.086379759637634
40	727	15.2	-0.072341574868204
40	728	15.3	0.22929118227214
40	729	15.4	-0.00015861658379634
40	730	15.5	-0.41277413893491
40	731	15.6	0.13079322142527
40	732	15.7	0.18110525593162
40	733	15.8	-0.16675634633751
40	734	15.9	-0.17323804435319
40	735	16	0.15203150572255
40	736	16.1	0.16728588471191
40	737	16.2	-0.064482578746983
40	738	16.3	0.16234020005912
40	739	16.4	-0.3828041521553
40	740	16.5	0.28048502750694
40	741	16.6	-0.19301051485352
40	742	16.7	0.36505472963675
40	743	16.8	-0.043435299834247
40	744	16.9	-0.34214887182227
40	745	17	-0.064346601767475
40	746	17.1	0.39536099383607
40	747	17.2	-0.33983578548765
40	748	17.3	-0.0063165550492705
40	749	17.4	-0.086434844462211
40	750	17.5	0.29987479228527
40	751	17.6	-0.18584664513357
40	752	17.7	0.16711484408937
40	753	17.8	0.077656790316105
40	754	17.9	-0.059670448666438
40	755	18	-0.26858630792239
40	756	18.1	0.46406852073037
40	757	18.2	-0.36375367706642
40	758	18.3	0.28877363419159
40	759	18.4	-0.17868045046924
40	760	18.5	-0.13704697198236
40	762	18.6	0.3917215300724
40	801	18.7	-0.49732957067899
40	802	18.8	0.29912670139224
40	803	18.9	0.036557966703548
40	804	19	-0.24031366528012
40	805	19.1	0.14467686997728
40	806	19.2	0.048537446837873
40	807	19.3	-0.018508042311307
40	808	19.4	-0.034433784671126
40	809	19.5	0.1210010619741
40	810	19.6	-0.05031687387266
40	811	19.7	-0.30414714711718
40	812	19.8	0.3875581770297
40	813	19.9	0.026695071943106
40	814	20	-0.029263284811751
40	815	20.1	-0.22154531031847
40	816	20.2	0.26095001442359
40	817	20.3	-0.11270368556493
40	818	20.4	-0.033826300185176
40	819	20.5	0.023182945102462
40	820	20.6	-0.21945801030844
40	821	20.7	0.10492990858852
40	822	20.8	-0.13706623198464
40	823	20.9	0.25961575230584
40	824	21	-0.31703290008009
40	825	21.1	0.14845299828798
40	826	21.2	-0.14636626731605
40	827	21.3	0.34342491226271
40	828	21.4	-0.10349221181123
40	829	21.5	-0.18472976367921
40	830	21.6	0.0025175149645662
40	831	21.7	0.18242341257631
40	832	21.8	-0.16231567960233
40	833	21.9	-0.085516277020794
40	834	22	0.38063041646964
40	835	22.1	-0.25684589800424
40	836	22.2	-0.12367424408906
40	837	22.3	0.29184075435623
40	838	22.4	-0.11227244755252
40	839	22.5	-0.061982056470598
40	840	22.6	0.28567069755868
40	841	22.7	-0.2624265507143
40	842	22.8	0.20579975605012
40	843	22.9	0.065315396627401
40	844	23	-0.24738684618844
40	845	23.1	0.2122718638368
40	846	23.2	-0.032554902974518
40	847	23.3	-0.14381704373285
40	848	23.4	0.28025537717156
40	849	23.5	-0.16520348629914
40	850	23.6	-0.088755460260437
40	851	23.7	0.19332710149698
40	852	23.8	0.0211061609164
40	853	23.9	-0.064390121921907
40	854	24	-0.21858878537081
40	855	24.1	-0.059090918479487
40	856	24.2	0.22825954829344
40	857	24.3	-0.23037276084535
40	858	24.4	0.31712131552398
40	859	24.5	-0.025107733765619
40	860	24.6	-0.21934771716595
40	861	24.7	-0.14018879655749
40	862	24.8	0.22976572553628
40	863	24.9	-0.037875015418969
40	864	25	0.26466310106217
39	8	0.7	5.242668705292
39	9	0.8	5.464883644904
39	10	0.9	5.6816374844937
39	11	1	5.9035140108801
39	12	1.1	6.1567228871416
39	13	1.2	6.4136872673277
39	14	1.3	6.6476301929764
39	15	1.4	6.8943226191942
39	16	1.5	7.1507528560832
39	17	1.6	7.3670250299284
39	19	1.7	7.5932582175182
39	20	1.8	7.8052304926179
39	21	1.9	8.0250574374059
39	22	2	8.2598515298469
39	24	2.1	8.4995004071006
39	65	2.2	8.7352625765176
39	105	2.3	8.9827574488372
39	145	2.4	9.236047380846
39	185	2.5	9.4523492156686
39	186	2.6	9.6781269355798
39	187	2.7	9.9350345077366
39	189	2.8	10.169505623624
39	190	2.9	10.393690548573
39	191	3	10.636540397492
39	192	3.1	10.892561910906
39	193	3.2	11.136569964015
39	194	3.3	11.369810267203
39	195	3.4	11.579343477532
39	196	3.5	11.787676272923
39	197	3.6	12.035374649888
39	198	3.7	12.26045259811
39	199	3.8	12.511976348935
39	200	3.9	12.721253562756
39	201	4	12.935578700522
39	202	4.1	13.170254558434
39	203	4.2	13.396267411641
39	204	4.3	13.615062534982
39	206	4.4	13.868621841585
39	207	4.5	13.847514823603
39	208	4.6	13.86525482785
39	209	4.7	13.842326671382
39	210	4.8	13.839250003655
39	211	4.9	13.858922028386
39	212	5	13.870026495654
39	213	5.1	13.86850697603
39	214	5.2	13.849352857384
39	215	5.3	13.852888079483
39	217	5.4	13.8567176099
39	218	5.5	13.871160962105
39	219	5.6	13.876000588445
39	220	5.7	13.855098186255
39	221	5.8	13.861905733644
39	222	5.9	13.839994687184
39	223	6	13.843627227425
39	224	6.1	13.889870153401
39	225	6.2	13.839283716098
39	226	6.3	13.85726683244
39	227	6.4	13.844814199613
39	228	6.5	13.862459277387
39	229	6.6	13.888268625653
39	230	6.7	13.862462065359
39	231	6.8	13.855339570653
39	232	6.9	13.846217389993
39	233	7	13.856156603949
39	235	7.1	13.864705754168
39	274	7.2	13.850736352314
39	275	7.3	13.868615497672
39	276	7.4	13.850624107686
39	277	7.5	13.876758825554
39	278	7.6	13.842154768401
39	279	7.7	13.856963192261
39	280	7.8	13.870406877788
39	281	7.9	13.86105554343
39	282	8	13.888408201012
39	283	8.1	13.87018336132
39	284	8.2	13.856155602164
39	285	8.3	13.865422347386
39	286	8.4	13.865717697201
39	287	8.5	13.882245146906
39	288	8.6	13.864496310218
39	289	8.7	13.854739121947
39	290	8.8	13.862194304436
39	291	8.9	13.853541918502
39	292	9	13.856147761557
39	293	9.1	13.843806122565
39	294	9.2	13.843669652072
39	295	9.3	13.850050349543
39	296	9.4	13.88794041901
39	297	9.5	13.883807313332
39	298	9.6	13.845789699231
39	299	9.7	13.839709053331
39	300	9.8	13.872998329046
39	301	9.9	13.853472652498
39	302	10	13.860078662793
39	303	10.1	13.858851312594
39	304	10.2	13.854106432597
39	305	10.3	13.869166615073
39	306	10.4	13.86146169788
39	307	10.5	13.859172079948
39	308	10.6	13.852810153021
39	309	10.7	13.846098181307
39	310	10.8	13.85865630474
39	311	10.9	13.845386827768
39	312	11	13.861666074776
39	313	11.1	13.845942909663
39	314	11.2	13.867969950567
39	315	11.3	13.857574687787
39	316	11.4	13.856413506015
39	317	11.5	13.877077473398
39	319	11.6	13.854136506115
39	358	11.7	13.866601278074
39	359	11.8	13.855197380697
39	360	11.9	13.868631078383
39	361	12	13.842124052475
39	362	12.1	13.876464415814
39	363	12.2	13.884283015751
39	364	12.3	13.844739424424
39	365	12.4	13.850951970316
39	366	12.5	13.880377923795
39	368	12.6	13.858126268337
39	445	12.7	13.888977605868
39	485	12.8	13.84577597913
39	704	12.9	13.840430894545
39	705	13	13.844249741369
39	706	13.1	13.854616558152
39	707	13.2	13.888607869408
39	708	13.3	13.864697417361
39	709	13.4	13.847495806519
39	710	13.5	13.839818605138
39	711	13.6	13.878483371322
39	712	13.7	13.869543265793
39	713	13.8	13.839925541864
39	714	13.9	13.885863006206
39	715	14	13.865907100901
39	716	14.1	13.884428123383
39	717	14.2	13.851220144155
39	718	14.3	13.839864077505
39	719	14.4	13.884896971278
39	720	14.5	13.880757806023
39	721	14.6	13.871096628898
39	722	14.7	13.846796723281
39	723	14.8	13.849752356195
39	724	14.9	13.879207270941
39	725	15	13.87670706873
39	726	15.1	13.868069092766
39	727	15.2	13.86083493528
39	728	15.3	13.883764053507
39	729	15.4	13.883748191848
39	730	15.5	13.842470777955
39	731	15.6	13.855550100097
39	732	15.7	13.873660625691
39	733	15.8	13.856984991057
39	734	15.9	13.839661186622
39	735	16	13.854864337194
39	736	16.1	13.871592925665
39	737	16.2	13.86514466779
39	738	16.3	13.881378687796
39	739	16.4	13.843098272581
39	740	16.5	13.871146775331
39	741	16.6	13.851845723846
39	742	16.7	13.88835119681
39	743	16.8	13.884007666826
39	744	16.9	13.849792779644
39	745	17	13.843358119467
39	746	17.1	13.882894218851
39	747	17.2	13.848910640302
39	748	17.3	13.848278984797
39	749	17.4	13.839635500351
39	750	17.5	13.869622979579
39	751	17.6	13.851038315066
39	752	17.7	13.867749799475
39	753	17.8	13.875515478507
39	754	17.9	13.86954843364
39	755	18	13.842689802848
39	756	18.1	13.889096654921
39	757	18.2	13.852721287214
39	758	18.3	13.881598650633
39	759	18.4	13.863730605586
39	760	18.5	13.850025908388
39	762	18.6	13.889198061395
39	801	18.7	13.839465104328
39	802	18.8	13.869377774467
39	803	18.9	13.873033571137
39	804	19	13.849002204609
39	805	19.1	13.863469891607
39	806	19.2	13.868323636291
39	807	19.3	13.866472832059
39	808	19.4	13.863029453592
39	809	19.5	13.87512955979
39	810	19.6	13.870097872403
39	811	19.7	13.839683157691
39	812	19.8	13.878438975394
39	813	19.9	13.881108482588
39	814	20	13.878182154107
39	815	20.1	13.856027623075
39	816	20.2	13.882122624517
39	817	20.3	13.870852255961
39	818	20.4	13.867469625942
39	819	20.5	13.869787920453
39	820	20.6	13.847842119422
39	821	20.7	13.858335110281
39	822	20.8	13.844628487082
39	823	20.9	13.870590062313
39	824	21	13.838886772305
39	825	21.1	13.853732072134
39	826	21.2	13.839095445402
39	827	21.3	13.873437936628
39	828	21.4	13.863088715447
39	829	21.5	13.844615739079
39	830	21.6	13.844867490576
39	831	21.7	13.863109831833
39	832	21.8	13.846878263873
39	833	21.9	13.838326636171
39	834	22	13.876389677818
39	835	22.1	13.850705088018
39	836	22.2	13.838337663609
39	837	22.3	13.867521739044
39	838	22.4	13.856294494289
39	839	22.5	13.850096288642
39	840	22.6	13.878663358398
39	841	22.7	13.852420703326
39	842	22.8	13.873000678931
39	843	22.9	13.879532218594
39	844	23	13.854793533975
39	845	23.1	13.876020720359
39	846	23.2	13.872765230061
39	847	23.3	13.858383525688
39	848	23.4	13.886409063405
39	849	23.5	13.869888714775
39	850	23.6	13.861013168749
39	851	23.7	13.880345878899
39	852	23.8	13.882456494991
39	853	23.9	13.876017482799
39	854	24	13.854158604261
39	855	24.1	13.848249512414
39	856	24.2	13.871075467243
39	857	24.3	13.848038191158
39	858	24.4	13.879750322711
39	859	24.5	13.877239549334
39	860	24.6	13.855304777618
39	861	24.7	13.841285897962
39	862	24.8	13.864262470515
39	863	24.9	13.860474968974
39	864	25	13.88694127908
33	7	0.6	429.8
33	8	0.7	429.8
33	9	0.8	429.8
33	10	0.9	429.8
33	11	1	429.8
33	12	1.1	429.8
33	13	1.2	429.8
33	14	1.3	429.8
33	15	1.4	429.8
33	16	1.5	429.8
33	17	1.6	429.8
33	19	1.7	429.8
33	20	1.8	429.8
33	21	1.9	429.8
33	22	2	429.8
33	24	2.1	429.8
33	65	2.2	429.8
33	105	2.3	429.8
33	145	2.4	429.8
33	185	2.5	429.8
33	186	2.6	429.8
33	187	2.7	429.8
33	189	2.8	429.8
33	190	2.9	429.8
33	191	3	429.8
33	192	3.1	429.8
33	193	3.2	429.8
33	194	3.3	429.8
33	195	3.4	429.8
33	196	3.5	429.8
33	197	3.6	429.8
33	198	3.7	429.8
33	199	3.8	429.8
33	200	3.9	429.8
33	201	4	429.8
33	202	4.1	429.8
33	203	4.2	429.8
33	204	4.3	429.8
33	206	4.4	429.8
33	207	4.5	429.8
33	208	4.6	429.8
33	209	4.7	429.8
33	210	4.8	429.8
33	211	4.9	429.8
33	212	5	429.8
33	213	5.1	429.8
33	214	5.2	429.8
33	215	5.3	429.8
33	217	5.4	429.8
33	218	5.5	429.8
33	219	5.6	429.8
33	220	5.7	429.8
33	221	5.8	429.8
33	222	5.9	429.8
33	223	6	429.8
33	224	6.1	429.8
33	225	6.2	429.8
33	226	6.3	429.8
33	227	6.4	429.8
33	228	6.5	429.8
33	229	6.6	429.8
33	230	6.7	429.8
33	231	6.8	429.8
33	232	6.9	429.8
33	233	7	429.8
33	235	7.1	429.8
33	274	7.2	429.8
33	275	7.3	429.8
33	276	7.4	429.8
33	277	7.5	429.8
33	278	7.6	429.8
33	279	7.7	429.8
33	280	7.8	429.8
33	281	7.9	429.8
33	282	8	429.8
33	283	8.1	429.8
33	284	8.2	429.8
33	285	8.3	429.8
33	286	8.4	429.8
33	287	8.5	429.8
33	288	8.6	429.8
33	289	8.7	429.8
33	290	8.8	429.8
33	291	8.9	429.8
33	292	9	429.8
33	293	9.1	429.8
33	294	9.2	429.8
33	295	9.3	429.8
33	296	9.4	429.8
33	297	9.5	429.8
33	298	9.6	429.8
33	299	9.7	429.8
33	300	9.8	429.8
33	301	9.9	429.8
33	302	10	429.8
33	303	10.1	429.8
33	304	10.2	429.8
33	305	10.3	429.8
33	306	10.4	429.8
33	307	10.5	429.8
33	308	10.6	429.8
33	309	10.7	429.8
33	310	10.8	429.8
33	311	10.9	429.8
33	312	11	429.8
33	313	11.1	429.8
33	314	11.2	429.8
33	315	11.3	429.8
33	316	11.4	429.8
33	317	11.5	429.8
33	319	11.6	429.8
33	358	11.7	429.8
33	359	11.8	429.8
33	360	11.9	429.8
33	361	12	429.8
33	362	12.1	429.8
33	363	12.2	429.8
33	364	12.3	429.8
33	365	12.4	429.8
33	366	12.5	429.8
33	368	12.6	429.8
33	445	12.7	429.8
33	485	12.8	429.8
33	704	12.9	429.8
33	705	13	429.8
33	706	13.1	429.8
33	707	13.2	429.8
33	708	13.3	429.8
33	709	13.4	429.8
33	710	13.5	429.8
33	711	13.6	429.8
33	712	13.7	429.8
33	713	13.8	429.8
33	714	13.9	429.8
33	715	14	429.8
33	716	14.1	429.8
33	717	14.2	429.8
33	718	14.3	429.8
33	719	14.4	429.8
33	720	14.5	429.8
33	721	14.6	429.8
33	722	14.7	429.8
33	723	14.8	429.8
33	724	14.9	429.8
33	725	15	429.8
33	726	15.1	429.8
33	727	15.2	429.8
33	728	15.3	429.8
33	729	15.4	429.8
33	730	15.5	429.8
33	731	15.6	429.8
33	732	15.7	429.8
33	733	15.8	429.8
33	734	15.9	429.8
33	735	16	429.8
33	736	16.1	429.8
33	737	16.2	429.8
33	738	16.3	429.8
33	739	16.4	429.8
33	740	16.5	429.8
33	741	16.6	429.8
33	742	16.7	429.8
33	743	16.8	429.8
33	744	16.9	429.8
33	745	17	429.8
33	746	17.1	429.8
33	747	17.2	429.8
33	748	17.3	429.8
33	749	17.4	429.8
33	750	17.5	429.8
33	751	17.6	429.8
33	752	17.7	429.8
33	753	17.8	429.8
33	754	17.9	429.8
33	755	18	429.8
33	756	18.1	429.8
33	757	18.2	429.8
33	758	18.3	429.8
33	759	18.4	429.8
33	760	18.5	429.8
33	762	18.6	429.8
33	801	18.7	429.8
33	802	18.8	429.8
33	803	18.9	429.8
33	804	19	429.8
33	805	19.1	429.8
33	806	19.2	429.8
33	807	19.3	429.8
33	808	19.4	429.8
33	809	19.5	429.8
33	810	19.6	429.8
33	811	19.7	429.8
33	812	19.8	429.8
33	813	19.9	429.8
33	814	20	429.8
33	815	20.1	429.8
33	816	20.2	429.8
33	817	20.3	429.8
33	818	20.4	429.8
33	819	20.5	429.8
33	820	20.6	429.8
33	821	20.7	429.8
33	822	20.8	429.8
33	823	20.9	429.8
33	824	21	429.8
33	825	21.1	429.8
33	826	21.2	429.8
33	827	21.3	429.8
33	828	21.4	429.8
33	829	21.5	429.8
33	830	21.6	429.8
33	831	21.7	429.8
33	832	21.8	429.8
33	833	21.9	429.8
33	834	22	429.8
33	835	22.1	429.8
33	836	22.2	429.8
33	837	22.3	429.8
33	838	22.4	429.8
33	839	22.5	429.8
33	840	22.6	429.8
33	841	22.7	429.8
33	842	22.8	429.8
33	843	22.9	429.8
33	844	23	429.8
33	845	23.1	429.8
33	846	23.2	429.8
33	847	23.3	429.8
33	848	23.4	429.8
33	849	23.5	429.8
33	850	23.6	429.8
33	851	23.7	429.8
33	852	23.8	429.8
33	853	23.9	429.8
33	854	24	429.8
33	855	24.1	429.8
33	856	24.2	429.8
33	857	24.3	429.8
33	858	24.4	429.8
33	859	24.5	429.8
33	860	24.6	429.8
33	861	24.7	429.8
33	862	24.8	429.8
33	863	24.9	429.8
33	864	25	429.8
32	7	0.6	102.9
32	8	0.7	103.42426687053
32	9	0.8	103.97075523502
32	10	0.9	104.53891898347
32	11	1	105.12927038456
32	12	1.1	105.74494267327
32	13	1.2	106.3863114
32	14	1.3	107.0510744193
32	15	1.4	107.74050668122
32	16	1.5	108.45558196683
32	17	1.6	109.19228446982
32	19	1.7	109.95161029157
32	20	1.8	110.73213334084
32	21	1.9	111.53463908458
32	22	2	112.36062423756
32	24	2.1	113.21057427827
32	65	2.2	114.08410053592
32	105	2.3	114.98237628081
32	145	2.4	115.90598101889
32	185	2.5	116.85121594046
32	186	2.6	117.81902863402
32	187	2.7	118.81253208479
32	189	2.8	119.82948264715
32	190	2.9	120.86885170201
32	191	3	121.93250574176
32	192	3.1	123.02176193285
32	193	3.2	124.13541892925
32	194	3.3	125.27239995597
32	195	3.4	126.43033430372
32	196	3.5	127.60910193102
32	197	3.6	128.81263939601
32	198	3.7	130.03868465582
32	199	3.8	131.28988229071
32	200	3.9	132.56200764699
32	201	4	133.85556551704
32	202	4.1	135.17259097288
32	203	4.2	136.51221771404
32	204	4.3	137.87372396754
32	206	4.4	139.2605861517
32	207	4.5	140.64533763406
32	208	4.6	142.03186311685
32	209	4.7	143.41609578399
32	210	4.8	144.80002078435
32	211	4.9	146.18591298719
32	212	5	147.57291563675
32	213	5.1	148.95976633436
32	214	5.2	150.3447016201
32	215	5.3	151.72999042804
32	217	5.4	153.11566218903
32	218	5.5	154.50277828524
32	219	5.6	155.89037834409
32	220	5.7	157.27588816271
32	221	5.8	158.66207873608
32	222	5.9	160.0460782048
32	223	6	161.43044092754
32	224	6.1	162.81942794288
32	225	6.2	164.20335631449
32	226	6.3	165.58908299773
32	227	6.4	166.9735644177
32	228	6.5	168.35981034543
32	229	6.6	169.748637208
32	230	6.7	171.13488341454
32	231	6.8	172.5204173716
32	232	6.9	173.9050391106
32	233	7	175.29065477099
32	235	7.1	176.67712534641
32	274	7.2	178.06219898164
32	275	7.3	179.44906053141
32	276	7.4	180.83412294218
32	277	7.5	182.22179882473
32	278	7.6	183.60601430157
32	279	7.7	184.9917106208
32	280	7.8	186.37875130858
32	281	7.9	187.76485686292
32	282	8	189.15369768302
32	283	8.1	190.54071601916
32	284	8.2	191.92633157937
32	285	8.3	193.31287381411
32	286	8.4	194.69944558383
32	287	8.5	196.08767009852
32	288	8.6	197.47411972954
32	289	8.7	198.85959364174
32	290	8.8	200.24581307218
32	291	8.9	201.63116726403
32	292	9	203.01678204019
32	293	9.1	204.40116265244
32	294	9.2	205.78552961765
32	295	9.3	207.1705346526
32	296	9.4	208.55932869451
32	297	9.5	209.94770942584
32	298	9.6	211.33228839576
32	299	9.7	212.7162593011
32	300	9.8	214.103559134
32	301	9.9	215.48890639925
32	302	10	216.87491426553
32	303	10.1	218.26079939679
32	304	10.2	219.64621004005
32	305	10.3	221.03312670156
32	306	10.4	222.41927287134
32	307	10.5	223.80519007934
32	308	10.6	225.19047109464
32	309	10.7	226.57508091277
32	310	10.8	227.96094654325
32	311	10.9	229.34548522602
32	312	11	230.7316518335
32	313	11.1	232.11624612447
32	314	11.2	233.50304311952
32	315	11.3	234.8888005883
32	316	11.4	236.2744419389
32	317	11.5	237.66214968624
32	319	11.6	239.04756333685
32	358	11.7	240.43422346466
32	359	11.8	241.81974320273
32	360	11.9	243.20660631057
32	361	12	244.59081871582
32	362	12.1	245.9784651574
32	363	12.2	247.36689345897
32	364	12.3	248.75136740142
32	365	12.4	250.13646259845
32	366	12.5	251.52450039083
32	368	12.6	252.91031301766
32	445	12.7	254.29921077825
32	485	12.8	255.68378837616
32	704	12.9	257.06783146562
32	705	13	258.45225643975
32	706	13.1	259.83771809557
32	707	13.2	261.22657888251
32	708	13.3	262.61304862424
32	709	13.4	263.9977982049
32	710	13.5	265.38178006541
32	711	13.6	266.76962840254
32	712	13.7	268.15658272912
32	713	13.8	269.54057528331
32	714	13.9	270.92916158393
32	715	14	272.31575229402
32	716	14.1	273.70419510636
32	717	14.2	275.08931712077
32	718	14.3	276.47330352852
32	719	14.4	277.86179322565
32	720	14.5	279.24986900625
32	721	14.6	280.63697866914
32	722	14.7	282.02165834147
32	723	14.8	283.40663357709
32	724	14.9	284.79455430418
32	725	15	286.18222501106
32	726	15.1	287.56903192033
32	727	15.2	288.95511541386
32	728	15.3	290.34349181921
32	729	15.4	291.7318666384
32	730	15.5	293.11611371619
32	731	15.6	294.5016687262
32	732	15.7	295.88903478877
32	733	15.8	297.27473328788
32	734	15.9	298.65869940654
32	735	16	300.04418584026
32	736	16.1	301.43134513283
32	737	16.2	302.8178595996
32	738	16.3	304.20599746838
32	739	16.4	305.59030729564
32	740	16.5	306.97742197318
32	741	16.6	308.36260654556
32	742	16.7	309.75144166524
32	743	16.8	311.13984243192
32	744	16.9	312.52482170989
32	745	17	313.90915752183
32	746	17.1	315.29744694372
32	747	17.2	316.68233800775
32	748	17.3	318.06716590623
32	749	17.4	319.45112945626
32	750	17.5	320.83809175422
32	751	17.6	322.22319558573
32	752	17.7	323.60997056568
32	753	17.8	324.99752211353
32	754	17.9	326.38447695689
32	755	18	327.76874593718
32	756	18.1	329.15765560267
32	757	18.2	330.54292773139
32	758	18.3	331.93108759645
32	759	18.4	333.31746065701
32	760	18.5	334.70246324785
32	762	18.6	336.09138305399
32	801	18.7	337.47532956442
32	802	18.8	338.86226734187
32	803	18.9	340.24957069898
32	804	19	341.63447091944
32	805	19.1	343.0208179086
32	806	19.2	344.40765027223
32	807	19.3	345.79429755544
32	808	19.4	347.1806005008
32	809	19.5	348.56811345678
32	810	19.6	349.95512324402
32	811	19.7	351.33909155979
32	812	19.8	352.72693545733
32	813	19.9	354.11504630559
32	814	20	355.502864521
32	815	20.1	356.8884672833
32	816	20.2	358.27667954576
32	817	20.3	359.66376477135
32	818	20.4	361.05051173395
32	819	20.5	362.43749052599
32	820	20.6	363.82227473793
32	821	20.7	365.20810824896
32	822	20.8	366.59257109767
32	823	20.9	367.9796301039
32	824	21	369.36351878113
32	825	21.1	370.74889198834
32	826	21.2	372.13280153288
32	827	21.3	373.52014532655
32	828	21.4	374.90645419809
32	829	21.5	376.290915772
32	830	21.6	377.67540252106
32	831	21.7	379.06171350424
32	832	21.8	380.44640133063
32	833	21.9	381.83023399425
32	834	22	383.21787296203
32	835	22.1	384.60294347083
32	836	22.2	385.98677723719
32	837	22.3	387.37352941109
32	838	22.4	388.75915886052
32	839	22.5	390.14416848939
32	840	22.6	391.53203482523
32	841	22.7	392.91727689556
32	842	22.8	394.30457696345
32	843	22.9	395.69253018531
32	844	23	397.07800953871
32	845	23.1	398.46561161075
32	846	23.2	399.85288813375
32	847	23.3	401.23872648632
32	848	23.4	402.62736739266
32	849	23.5	404.01435626414
32	850	23.6	405.40045758101
32	851	23.7	406.7884921689
32	852	23.8	408.1767378184
32	853	23.9	409.56433956668
32	854	24	410.94975542711
32	855	24.1	412.33458037835
32	856	24.2	413.72168792507
32	857	24.3	415.10649174419
32	858	24.4	416.49446677646
32	859	24.5	417.88219073139
32	860	24.6	419.26772120916
32	861	24.7	420.65184979895
32	862	24.8	422.038276046
32	863	24.9	423.4243235429
32	864	25	424.81301767081
21	5	0.4	4.5727987858688
21	6	0.5	4.263823365935
21	7	0.6	4.7507706140027
21	8	0.7	4.855286721854
21	9	0.8	4.7398329066402
21	10	0.9	4.9384781427077
21	11	1	5.0039319723881
21	12	1.1	5.2400332549131
21	13	1.2	5.718705890682
21	14	1.3	5.6243410982007
21	15	1.4	6.3512050726609
21	16	1.5	5.8477287804206
21	17	1.6	6.3764909987545
21	19	1.7	6.8800688183677
21	20	1.8	6.5296886982081
21	21	1.9	6.1224429181197
21	22	2	6.5195818765318
21	24	2.1	6.6399124781136
21	65	2.2	6.8446869789454
21	105	2.3	7.2850126982809
21	145	2.4	6.9804338625348
21	185	2.5	7.5267586499274
21	186	2.6	7.280563738817
21	187	2.7	7.5655168883832
21	189	2.8	7.5107443404168
21	190	2.9	8.1807373348785
21	191	3	8.0068594251408
21	192	3.1	7.7532029969091
21	193	3.2	8.818089431124
21	194	3.3	9.274575289173
21	195	3.4	9.4146954227932
21	196	3.5	8.2868625712736
21	197	3.6	8.4350016205354
21	198	3.7	8.7795188487229
21	199	3.8	10.159534950299
21	200	3.9	9.4825177681483
21	201	4	10.554418279721
21	202	4.1	6.1119082929824
21	203	4.2	1.2472410910821
21	204	4.3	1.7542298278081
21	206	4.4	2.4115173092819
21	207	4.5	2.3456333057755
21	208	4.6	2.235356141428
21	209	4.7	2.096733052656
21	210	4.8	1.4907319402513
21	211	4.9	2.9386521845513
21	212	5	1.3491281769077
21	213	5.1	2.3605641594485
21	214	5.2	1.666143727594
21	215	5.3	3.0235160639112
21	217	5.4	1.2454704730529
21	218	5.5	2.3572509646322
21	219	5.6	0.973
21	220	5.7	2.929573791145
21	221	5.8	1.460169845116
21	222	5.9	2.7613797658532
21	223	6	2.4948127810518
21	224	6.1	1.5710642398779
21	225	6.2	1.8526435975079
21	226	6.3	2.5932278035865
21	227	6.4	1.2226183530325
21	228	6.5	1.6035755999435
21	229	6.6	3.1433002035988
21	230	6.7	2.0870799200056
21	231	6.8	1.2819037889713
21	232	6.9	2.9208544094321
21	233	7	1.8649068723391
21	235	7.1	0.973
21	274	7.2	1.636934823115
21	275	7.3	2.6794995617552
21	276	7.4	3.0268778013668
21	277	7.5	1.2043351688476
21	278	7.6	2.7019205245874
21	279	7.7	1.821666370063
21	280	7.8	2.2285674467186
21	281	7.9	1.1797354512229
21	282	8	2.1840119874121
21	283	8.1	1.2807867850828
21	284	8.2	1.9553417323738
21	285	8.3	2.4553311081129
21	286	8.4	2.5919328667492
21	287	8.5	2.0407312450979
21	288	8.6	1.3434190601263
21	289	8.7	3.2340052609518
21	290	8.8	0.973
21	291	8.9	2.8601275074048
21	292	9	1.4520259390974
21	293	9.1	2.8748632706462
21	294	9.2	1.2378686077057
21	295	9.3	2.6122932321143
21	296	9.4	2.285792117029
21	297	9.5	1.3317671534538
21	298	9.6	1.788065177866
21	299	9.7	2.8974811258095
21	300	9.8	1.8001693052846
21	301	9.9	1.6048146281615
21	302	10	2.2839265447745
21	303	10.1	1.6873892038128
21	304	10.2	1.6598191871733
21	305	10.3	2.0315551465254
21	306	10.4	3.4414153477802
21	307	10.5	0.973
21	308	10.6	1.6594309654119
21	309	10.7	2.3746017042469
21	310	10.8	3.2010959782322
21	311	10.9	2.0183234987988
21	312	11	1.6007825427379
21	313	11.1	2.5104323851219
21	314	11.2	0.973
21	315	11.3	3.1815473652007
21	316	11.4	1.4828758434548
21	317	11.5	2.9743827578959
21	319	11.6	0.973
21	358	11.7	2.7032536805324
21	359	11.8	1.2093392814523
21	360	11.9	2.9757824337297
21	361	12	2.3810426811146
21	362	12.1	1.8520270890285
21	363	12.2	2.2271646879192
21	364	12.3	1.5407379654724
21	365	12.4	0.973
21	366	12.5	2.530924117107
21	368	12.6	2.0395586874768
21	445	12.7	2.8704498781988
21	485	12.8	2.3275801023186
21	704	12.9	1.6490969237272
21	705	13	1.7379282616936
21	706	13.1	1.9328378464204
21	707	13.2	2.2695576006633
21	708	13.3	0.973
21	709	13.4	3.4805891172485
21	710	13.5	0.973
21	711	13.6	3.227775327457
21	712	13.7	1.83302012812
21	713	13.8	1.8613678643976
21	714	13.9	1.4783700960075
21	715	14	2.7912059920439
21	716	14.1	2.3534018232743
21	717	14.2	0.973
21	718	14.3	2.2008635774129
21	719	14.4	2.6966491163707
21	720	14.5	2.1873168436813
21	721	14.6	1.937763300286
21	722	14.7	1.5558063573307
21	723	14.8	2.8490769577281
21	724	14.9	1.3730643480602
21	725	15	2.862523860281
21	726	15.1	1.9243998299295
21	727	15.2	2.2359312534147
21	728	15.3	0.973
21	729	15.4	3.5896731203438
21	730	15.5	1.079983756124
21	731	15.6	1.8094681293006
21	732	15.7	1.5935946654377
21	733	15.8	2.2813552307646
21	734	15.9	2.5356112465483
21	735	16	2.3667430535652
21	736	16.1	2.5265735724286
21	737	16.2	1.136570646082
21	738	16.3	2.7783676871966
21	739	16.4	0.973
21	740	16.5	3.2062097694877
21	741	16.6	1.0728721369126
21	742	16.7	2.6170630169564
21	743	16.8	1.3963861962919
21	744	16.9	2.4701756645464
21	745	17	2.3202445067461
21	746	17.1	0.973
21	747	17.2	3.4679719219277
21	748	17.3	0.973
21	749	17.4	3.3537638480636
21	750	17.5	1.8999920160491
21	751	17.6	1.9296469919773
21	752	17.7	0.973
21	753	17.8	2.4325587821009
21	754	17.9	1.7247131320797
21	755	18	2.907771191306
21	756	18.1	1.2375562684657
21	757	18.2	1.9472070524508
21	758	18.3	3.0706354756771
21	759	18.4	2.0564806060791
21	760	18.5	1.2412362014666
21	762	18.6	1.7184888544559
21	801	18.7	2.2741024459168
21	802	18.8	2.1470917968793
21	803	18.9	1.7812745771918
21	804	19	2.7048213273288
21	805	19.1	2.0954995412742
21	806	19.2	2.4100112656792
21	807	19.3	2.0097340645446
21	808	19.4	1.146071985317
21	809	19.5	2.91191109085
21	810	19.6	1.3514519085289
21	811	19.7	1.3437775036869
21	812	19.8	1.9988987711881
21	813	19.9	2.6462192448343
21	814	20	2.1088685603047
21	815	20.1	2.7148857490514
21	816	20.2	0.973
21	817	20.3	2.6419882945519
21	818	20.4	1.4670771848521
21	819	20.5	2.2360582931353
21	820	20.6	2.5202294098404
21	821	20.7	2.2408719453902
21	822	20.8	0.973
21	823	20.9	2.93884585746
21	824	21	1.3892126317774
21	825	21.1	3.0595376547942
21	826	21.2	1.9335303782012
21	827	21.3	2.3283735456469
21	828	21.4	0.973
21	829	21.5	3.2112228119441
21	830	21.6	0.973
21	831	21.7	2.1763759265815
21	832	21.8	2.2146525868071
21	833	21.9	2.5376714625615
21	834	22	1.5972457545476
21	835	22.1	1.8360177994367
21	836	22.2	1.879223003014
21	837	22.3	2.6586248473202
21	838	22.4	1.5166459048709
21	839	22.5	2.9690678904059
21	840	22.6	1.9673697961055
21	841	22.7	1.1737290662972
21	842	22.8	2.6322771849708
21	843	22.9	0.973
21	844	23	2.6404173452038
21	845	23.1	2.8910391213576
21	846	23.2	1.4072049778297
21	847	23.3	1.4981253038172
21	848	23.4	2.482019865611
21	849	23.5	2.095330377665
21	850	23.6	2.6948253561085
21	851	23.7	0.973
21	852	23.8	1.8344759551849
21	853	23.9	2.1173680798651
21	854	24	2.960895002457
21	855	24.1	0.973
21	856	24.2	2.3739649737565
21	857	24.3	2.1759514540622
21	858	24.4	2.8719543717626
21	859	24.5	1.4257350129436
21	860	24.6	1.5198131398682
21	861	24.7	2.9172100502971
21	862	24.8	1.180530000019
21	863	24.9	2.2882117796767
21	864	25	1.9172885728892
21	865	25.1	2.1877540047944
21	866	25.2	2.7239990570113
21	867	25.3	0.973
21	868	25.4	2.5260598035614
21	869	25.5	2.2312293065785
21	870	25.6	1.5863103832915
21	871	25.7	3.1296735905262
21	872	25.8	2.0351214598361
21	873	25.9	0.973
21	874	26	3.2955759787807
21	875	26.1	1.6763144271127
21	876	26.2	1.0803108010058
21	877	26.3	2.5446684210354
21	878	26.4	1.7058757148255
21	879	26.5	3.1602909157007
21	880	26.6	1.1871583145468
21	881	26.7	2.1284955282603
21	882	26.8	2.1937150503997
21	883	26.9	1.4165050429468
21	884	27	2.7184484440875
21	885	27.1	2.5318570921333
21	886	27.2	1.1934195886163
21	887	27.3	1.9868863702717
21	888	27.4	2.7758871040686
21	889	27.5	1.8536443255139
20	5	0.4	2.4198204759415
20	6	0.5	2.0955556272715
20	7	0.6	2.3450530378055
20	8	0.7	2.3180056242552
20	9	0.8	2.1556030851044
20	10	0.9	2.2005360120814
20	11	1	2.1624338543322
20	12	1.1	2.2254394777585
20	13	1.2	2.4165385851823
20	14	1.3	2.2824504173268
20	15	1.4	2.5869471433107
20	16	1.5	2.2440788541827
20	17	1.6	2.4366089266632
20	19	1.7	2.5999669815041
20	20	1.8	2.3548484763689
20	21	1.9	2.1028735492844
20	22	2	2.2248852853849
20	24	2.1	2.2184205375612
20	65	2.2	2.2479359165393
20	105	2.3	2.3722464817856
20	145	2.4	2.1878096270748
20	185	2.5	2.3511052723601
20	186	2.6	2.1977181303594
20	187	2.7	2.2548639692459
20	189	2.8	2.1824037254788
20	190	2.9	2.3775060375594
20	191	3	2.2602126724646
20	192	3.1	2.1218408266455
20	193	3.2	2.4433842272684
20	194	3.3	2.5408545754198
20	195	3.4	2.5283064379636
20	196	3.5	2.1074237391446
20	197	3.6	2.1142827354465
20	198	3.7	2.1821638869401
20	199	3.8	2.5640796479862
20	200	3.9	2.3051115437224
20	201	4	2.577636300493
20	202	4.1	1.2223202027661
20	203	4.2	-0.23255120731891
20	204	4.3	-0.080441379435356
20	206	4.4	0.11616974925621
20	207	4.5	0.096074985386814
20	208	4.6	0.062843898199496
20	209	4.7	0.021297701923171
20	210	4.8	-0.1596985392645
20	211	4.9	0.27260939610191
20	212	5	-0.20222209418192
20	213	5.1	0.10018711023031
20	214	5.2	-0.10730338415129
20	215	5.3	0.29752044088207
20	217	5.4	-0.2333306852635
20	218	5.5	0.098986322414127
20	219	5.6	-0.379969489621
20	220	5.7	0.27067081625573
20	221	5.8	-0.1687584465742
20	222	5.9	0.22009928960353
20	223	6	0.13978973571211
20	224	6.1	-0.13599245213904
20	225	6.2	-0.051622454049074
20	226	6.3	0.16927909487858
20	227	6.4	-0.24006762023083
20	228	6.5	-0.12573865666054
20	229	6.6	0.33386362827383
20	230	6.7	0.018041021851829
20	231	6.8	-0.22232266175561
20	232	6.9	0.26705016924998
20	233	7	-0.048360969964403
20	235	7.1	-0.29052743695676
20	274	7.2	-0.11561416152865
20	275	7.3	0.19607716053724
20	276	7.4	0.29852431827225
20	277	7.5	-0.24562451414763
20	278	7.6	0.20164515662938
20	279	7.7	-0.061243189685047
20	280	7.8	0.06019614445977
20	281	7.9	-0.25292288050055
20	282	8	0.047575266137727
20	283	8.1	-0.22242001436652
20	284	8.2	-0.020159228015686
20	285	8.3	0.12922445217148
20	286	8.4	0.16941733457148
20	287	8.5	0.0045087459683302
20	288	8.6	-0.20376967439427
20	289	8.7	0.36058670064433
20	290	8.8	-0.43634488967246
20	291	8.9	0.2497712775506
20	292	9	-0.17123763670213
20	293	9.1	0.25377846341581
20	294	9.2	-0.23541933873668
20	295	9.3	0.17551945935935
20	296	9.4	0.077564074760303
20	297	9.5	-0.2073634736985
20	298	9.6	-0.070550832450404
20	299	9.7	0.26054048763589
20	300	9.8	-0.067417629286641
20	301	9.9	-0.12559545083903
20	302	10	0.077484069094051
20	303	10.1	-0.10081480912865
20	304	10.2	-0.10882697747087
20	305	10.3	0.0025867575779515
20	306	10.4	0.42258514214307
20	307	10.5	-0.33883805177174
20	308	10.6	-0.10889256092721
20	309	10.7	0.10510362986476
20	310	10.8	0.3507288975641
20	311	10.9	-0.0026732191629719
20	312	11	-0.12716633812524
20	313	11.1	0.14430095009505
20	314	11.2	-0.49570884873159
20	315	11.3	0.34563715124502
20	316	11.4	-0.16211603779345
20	317	11.5	0.28306185876019
20	319	11.6	-0.33473110674882
20	358	11.7	0.20263436772861
20	359	11.8	-0.24390518818983
20	360	11.9	0.28394795809874
20	361	12	0.10570237876847
20	362	12.1	-0.05222862708381
20	363	12.2	0.059697683192788
20	364	12.3	-0.14510677547195
20	365	12.4	-0.32952702359296
20	366	12.5	0.15178878603503
20	368	12.6	0.0046202623005875
20	445	12.7	0.25222151647322
20	485	12.8	0.089613249227405
20	704	12.9	-0.11282136227935
20	705	13	-0.086054888162757
20	706	13.1	-0.027666860911992
20	707	13.2	0.072827354455356
20	708	13.3	-0.3090039661806
20	709	13.4	0.4342312135361
20	710	13.5	-0.47161388993263
20	711	13.6	0.35932336416096
20	712	13.7	-0.057608317937703
20	713	13.8	-0.04899626697414
20	714	13.9	-0.16331115932203
20	715	14	0.22896515516564
20	716	14.1	0.097641579825432
20	717	14.2	-0.4261564627476
20	718	14.3	0.05332008682192
20	719	14.4	0.20101365328765
20	720	14.5	0.048414199966942
20	721	14.6	-0.026172754783182
20	722	14.7	-0.14018439958804
20	723	14.8	0.2460164514836
20	724	14.9	-0.19500606836752
20	725	15	0.24977219333874
20	726	15.1	-0.030538283064967
20	727	15.2	0.062378444168711
20	728	15.3	-0.45357237095944
20	729	15.4	0.46682169470936
20	730	15.5	-0.28277507373131
20	731	15.6	-0.064199796961617
20	732	15.7	-0.12859188533389
20	733	15.8	0.077334537263951
20	734	15.9	0.15288956104779
20	735	16	0.10195865487679
20	736	16.1	0.14915060000494
20	737	16.2	-0.26585817658342
20	738	16.3	0.22457412949763
20	739	16.4	-0.37261506514623
20	740	16.5	0.35255520716309
20	741	16.6	-0.28484770406036
20	742	16.7	0.17691677162423
20	743	16.8	-0.18792770775967
20	744	16.9	0.13319483834319
20	745	17	0.088002546345809
20	746	17.1	-0.35611257943325
20	747	17.2	0.43079923062587
20	748	17.3	-0.3427462553978
20	749	17.4	0.39634501397609
20	750	17.5	-0.037933991253372
20	751	17.6	-0.028988714367149
20	752	17.7	-0.40556977307425
20	753	17.8	0.12246170260944
20	754	17.9	-0.089361770953982
20	755	18	0.2639495356474
20	756	18.1	-0.23542337236925
20	757	18.2	-0.022686832873156
20	758	18.3	0.3123874033615
20	759	18.4	0.0090673502069016
20	760	18.5	-0.23440715920181
20	762	18.6	-0.0912314130459
20	801	18.7	0.075040985401724
20	802	18.8	0.036869263956323
20	803	18.9	-0.072510921815407
20	804	19	0.20332000765949
20	805	19.1	0.020933175394315
20	806	19.2	0.11458361901344
20	807	19.3	-0.0050544389709906
20	808	19.4	-0.2629348274041
20	809	19.5	0.26463109061122
20	810	19.6	-0.20152265725658
20	811	19.7	-0.20350114374422
20	812	19.8	-0.0070694567356178
20	813	19.9	0.18619575666264
20	814	20	0.025220761680966
20	815	20.1	0.2057109282352
20	816	20.2	-0.37168539153411
20	817	20.3	0.18473664904013
20	818	20.4	-0.16663850932382
20	819	20.5	0.063591684354467
20	820	20.6	0.14810606096871
20	821	20.7	0.064289266942072
20	822	20.8	-0.33698533674702
20	823	20.9	0.27336454742589
20	824	21	-0.19001064094715
20	825	21.1	0.30885285133495
20	826	21.2	-0.027711465749896
20	827	21.3	0.090026551885529
20	828	21.4	-0.37553307142108
20	829	21.5	0.35397444603966
20	830	21.6	-0.32232670105063
20	831	21.7	0.045607348624621
20	832	21.8	0.056874264487998
20	833	21.9	0.15293850837274
20	834	22	-0.12800339642911
20	835	22.1	-0.05638987722806
20	836	22.2	-0.043335091499621
20	837	22.3	0.18927607681603
20	838	22.4	-0.15200595082716
20	839	22.5	0.28147636935115
20	840	22.6	-0.017810089122499
20	841	22.7	-0.25469899076969
20	842	22.8	0.18122929630801
20	843	22.9	-0.33944248560816
20	844	23	0.1843404287845
20	845	23.1	0.25810157245024
20	846	23.2	-0.1849611895345
20	847	23.3	-0.15745813955553
20	848	23.4	0.13671135634183
20	849	23.5	0.020928202606729
20	850	23.6	0.19940635083245
20	851	23.7	-0.29957192975097
20	852	23.8	-0.056708249924711
20	853	23.9	0.027939467327673
20	854	24	0.2791493896488
20	855	24.1	-0.43556179966776
20	856	24.2	0.10498085311614
20	857	24.3	0.045504098115483
20	858	24.4	0.25272399188019
20	859	24.5	-0.17931005104444
20	860	24.6	-0.15085517298431
20	861	24.7	0.26656847838312
20	862	24.8	-0.25254263665527
20	863	24.9	0.079069012710828
20	864	25	-0.031918479511521
20	865	25.1	0.048928125752141
20	866	25.2	0.20854508589952
20	867	25.3	-0.36444512687623
20	868	25.4	0.15024843599647
20	869	25.5	0.061750231077902
20	870	25.6	-0.13100209073164
20	871	25.7	0.32958167945965
20	872	25.8	0.0024398045800744
20	873	25.9	-0.3730720264651
20	874	26	0.37911682998763
20	875	26.1	-0.10457178240642
20	876	26.2	-0.28254373202101
20	877	26.3	0.15566503744573
20	878	26.4	-0.095208764728163
20	879	26.5	0.3386204436142
20	880	26.6	-0.25070466177539
20	881	26.7	0.031003880687059
20	882	26.8	0.050353096900508
20	883	26.9	-0.18187139562331
20	884	27	0.2072362750396
20	885	27.1	0.15079675093293
20	886	27.2	-0.24884099809452
20	887	27.3	-0.011281053069983
20	888	27.4	0.22388544400222
20	889	27.5	-0.051630183402445
15	4	0.3	5.218372474947
15	5	0.4	5.4603545225412
15	6	0.5	5.6699100852683
15	7	0.6	5.9044153890489
15	8	0.7	6.1362159514744
15	9	0.8	6.3517762599848
15	10	0.9	6.571829861193
15	11	1	6.7880732466262
15	12	1.1	7.010617194402
15	13	1.2	7.2522710529203
15	14	1.3	7.4805160946529
15	15	1.4	7.739210808984
15	16	1.5	7.9636186944023
15	17	1.6	8.2072795870686
15	19	1.7	8.467276285219
15	20	1.8	8.7027611328559
15	21	1.9	8.9130484877843
15	22	2	9.1355370163228
15	24	2.1	9.357379070079
15	65	2.2	9.5821726617329
15	105	2.3	9.8193973099114
15	145	2.4	10.038178272619
15	185	2.5	10.273288799855
15	186	2.6	10.493060612891
15	187	2.7	10.718547009815
15	189	2.8	10.936787382363
15	190	2.9	11.174537986119
15	191	3	11.400559253366
15	192	3.1	11.61274333603
15	193	3.2	11.857081758757
15	194	3.3	12.111167216299
15	195	3.4	12.363997860095
15	196	3.5	12.57474023401
15	197	3.6	12.786168507555
15	198	3.7	13.004384896249
15	199	3.8	13.260792861047
15	200	3.9	13.491304015419
15	201	4	13.749067645469
15	202	4.1	13.871299665745
15	203	4.2	13.848044545013
15	204	4.3	13.84000040707
15	206	4.4	13.851617381996
15	207	4.5	13.861224880534
15	208	4.6	13.867509270354
15	209	4.7	13.869639040546
15	210	4.8	13.85366918662
15	211	4.9	13.88093012623
15	212	5	13.860707916812
15	213	5.1	13.870726627835
15	214	5.2	13.85999628942
15	215	5.3	13.889748333508
15	217	5.4	13.866415264982
15	218	5.5	13.876313897223
15	219	5.6	13.838316948261
15	220	5.7	13.865384029887
15	221	5.8	13.848508185229
15	222	5.9	13.87051811419
15	223	6	13.884497087761
15	224	6.1	13.870897842547
15	225	6.2	13.865735597142
15	226	6.3	13.88266350663
15	227	6.4	13.858656744607
15	228	6.5	13.846082878941
15	229	6.6	13.879469241768
15	230	6.7	13.881273343953
15	231	6.8	13.859041077778
15	232	6.9	13.885746094703
15	233	7	13.880909997706
15	235	7.1	13.851857254011
15	274	7.2	13.840295837858
15	275	7.3	13.859903553911
15	276	7.4	13.889755985739
15	277	7.5	13.865193534324
15	278	7.6	13.885358049987
15	279	7.7	13.879233731018
15	280	7.8	13.885253345464
15	281	7.9	13.859961057414
15	282	8	13.864718584028
15	283	8.1	13.842476582591
15	284	8.2	13.84046065979
15	285	8.3	13.853383105007
15	286	8.4	13.870324838464
15	287	8.5	13.870775713061
15	288	8.6	13.850398745622
15	289	8.7	13.886457415686
15	290	8.8	13.842822926719
15	291	8.9	13.867800054474
15	292	9	13.850676290804
15	293	9.1	13.876054137145
15	294	9.2	13.852512203272
15	295	9.3	13.870064149207
15	296	9.4	13.877820556683
15	297	9.5	13.857084209314
15	298	9.6	13.850029126069
15	299	9.7	13.876083174832
15	300	9.8	13.869341411904
15	301	9.9	13.85678186682
15	302	10	13.864530273729
15	303	10.1	13.854448792816
15	304	10.2	13.843566095069
15	305	10.3	13.843824770827
15	306	10.4	13.886083285041
15	307	10.5	13.852199479864
15	308	10.6	13.841310223771
15	309	10.7	13.851820586758
15	310	10.8	13.886893476514
15	311	10.9	13.886626154598
15	312	11	13.873909520785
15	313	11.1	13.888339615795
15	314	11.2	13.838768730922
15	315	11.3	13.873332446046
15	316	11.4	13.857120842267
15	317	11.5	13.885427028143
15	319	11.6	13.851953917468
15	358	11.7	13.872217354241
15	359	11.8	13.847826835422
15	360	11.9	13.876221631232
15	361	12	13.886791869109
15	362	12.1	13.8815690064
15	363	12.2	13.887538774719
15	364	12.3	13.873028097172
15	365	12.4	13.840075394813
15	366	12.5	13.855254273416
15	368	12.6	13.855716299647
15	445	12.7	13.880938451294
15	485	12.8	13.889899776217
15	704	12.9	13.878617639989
15	705	13	13.870012151172
15	706	13.1	13.867245465081
15	707	13.2	13.874528200527
15	708	13.3	13.843627803909
15	709	13.4	13.887050925262
15	710	13.5	13.839889536269
15	711	13.6	13.875821872685
15	712	13.7	13.870061040891
15	713	13.8	13.865161414194
15	714	13.9	13.848830298262
15	715	14	13.871726813778
15	716	14.1	13.881490971761
15	717	14.2	13.838875325486
15	718	14.3	13.844207334168
15	719	14.4	13.864308699497
15	720	14.5	13.869150119494
15	721	14.6	13.866532844015
15	722	14.7	13.852514404057
15	723	14.8	13.877116049205
15	724	14.9	13.857615442368
15	725	15	13.882592661702
15	726	15.1	13.879538833396
15	727	15.2	13.885776677812
15	728	15.3	13.840419440717
15	729	15.4	13.887101610187
15	730	15.5	13.858824102814
15	731	15.6	13.852404123118
15	732	15.7	13.839544934585
15	733	15.8	13.847278388311
15	734	15.9	13.862567344416
15	735	16	13.872763209904
15	736	16.1	13.887678269904
15	737	16.2	13.861092452246
15	738	16.3	13.883549865196
15	739	16.4	13.846288358681
15	740	16.5	13.881543879397
15	741	16.6	13.853059108991
15	742	16.7	13.870750786154
15	743	16.8	13.851958015378
15	744	16.9	13.865277499212
15	745	17	13.874077753847
15	746	17.1	13.838466495903
15	747	17.2	13.881546418966
15	748	17.3	13.847271793426
15	749	17.4	13.886906294824
15	750	17.5	13.883112895698
15	751	17.6	13.880214024262
15	752	17.7	13.839657046954
15	753	17.8	13.851903217215
15	754	17.9	13.84296704012
15	755	18	13.869361993684
15	756	18.1	13.845819656448
15	757	18.2	13.84355097316
15	758	18.3	13.874789713496
15	759	18.4	13.875696448517
15	760	18.5	13.852255732597
15	762	18.6	13.843132591292
15	801	18.7	13.850636689832
15	802	18.8	13.854323616228
15	803	18.9	13.847072524047
15	804	19	13.867404524812
15	805	19.1	13.869497842352
15	806	19.2	13.880956204253
15	807	19.3	13.880450760356
15	808	19.4	13.854157277616
15	809	19.5	13.880620386677
15	810	19.6	13.860468120951
15	811	19.7	13.840118006577
15	812	19.8	13.839411060903
15	813	19.9	13.858030636569
15	814	20	13.860552712738
15	815	20.1	13.881123805561
15	816	20.2	13.843955266408
15	817	20.3	13.862428931312
15	818	20.4	13.845765080379
15	819	20.5	13.852124248815
15	820	20.6	13.866934854912
15	821	20.7	13.873363781606
15	822	20.8	13.839665247931
15	823	20.9	13.867001702674
15	824	21	13.848000638579
15	825	21.1	13.878885923713
15	826	21.2	13.876114777138
15	827	21.3	13.885117432326
15	828	21.4	13.847564125184
15	829	21.5	13.882961569788
15	830	21.6	13.850728899683
15	831	21.7	13.855289634545
15	832	21.8	13.860977060994
15	833	21.9	13.876270911831
15	834	22	13.863470572188
15	835	22.1	13.857831584466
15	836	22.2	13.853498075316
15	837	22.3	13.872425682997
15	838	22.4	13.857225087915
15	839	22.5	13.88537272485
15	840	22.6	13.883591715937
15	841	22.7	13.858121816861
15	842	22.8	13.876244746491
15	843	22.9	13.84230049793
15	844	23	13.860734540809
15	845	23.1	13.886544698054
15	846	23.2	13.868048579101
15	847	23.3	13.852302765145
15	848	23.4	13.865973900779
15	849	23.5	13.86806672104
15	850	23.6	13.888007356123
15	851	23.7	13.858050163148
15	852	23.8	13.852379338156
15	853	23.9	13.855173284888
15	854	24	13.883088223853
15	855	24.1	13.839532043886
15	856	24.2	13.850030129198
15	857	24.3	13.85458053901
15	858	24.4	13.879852938198
15	859	24.5	13.861921933093
15	860	24.6	13.846836415795
15	861	24.7	13.873493263633
15	862	24.8	13.848238999967
15	863	24.9	13.856145901239
15	864	25	13.852954053287
15	865	25.1	13.857846865863
15	866	25.2	13.878701374453
15	867	25.3	13.842256861765
15	868	25.4	13.857281705365
15	869	25.5	13.863456728472
15	870	25.6	13.850356519399
15	871	25.7	13.883314687345
15	872	25.8	13.883558667803
15	873	25.9	13.846251465157
15	874	26	13.884163148155
15	875	26.1	13.873705969915
15	876	26.2	13.845451596713
15	877	26.3	13.861018100457
15	878	26.4	13.851497223984
15	879	26.5	13.885359268346
15	880	26.6	13.860288802168
15	881	26.7	13.863389190237
15	882	26.8	13.868424499927
15	883	26.9	13.850237360365
15	884	27	13.870960987869
15	885	27.1	13.886040662962
15	886	27.2	13.861156563153
15	887	27.3	13.860028457846
15	888	27.4	13.882417002246
15	889	27.5	13.877253983906
7	3	0.2	429.8
7	4	0.3	429.8
7	5	0.4	429.8
7	6	0.5	429.8
7	7	0.6	429.8
7	8	0.7	429.8
7	9	0.8	429.8
7	10	0.9	429.8
7	11	1	429.8
7	12	1.1	429.8
7	13	1.2	429.8
7	14	1.3	429.8
7	15	1.4	429.8
7	16	1.5	429.8
7	17	1.6	429.8
7	19	1.7	429.8
7	20	1.8	429.8
7	21	1.9	429.8
7	22	2	429.8
7	24	2.1	429.8
7	65	2.2	429.8
7	105	2.3	429.8
7	145	2.4	429.8
7	185	2.5	429.8
7	186	2.6	429.8
7	187	2.7	429.8
7	189	2.8	429.8
7	190	2.9	429.8
7	191	3	429.8
7	192	3.1	429.8
7	193	3.2	429.8
7	194	3.3	429.8
7	195	3.4	429.8
7	196	3.5	429.8
7	197	3.6	429.8
7	198	3.7	429.8
7	199	3.8	429.8
7	200	3.9	429.8
7	201	4	429.8
7	202	4.1	429.8
7	203	4.2	429.8
7	204	4.3	429.8
7	206	4.4	429.8
7	207	4.5	429.8
7	208	4.6	429.8
7	209	4.7	429.8
7	210	4.8	429.8
7	211	4.9	429.8
7	212	5	429.8
7	213	5.1	429.8
7	214	5.2	429.8
7	215	5.3	429.8
7	217	5.4	429.8
7	218	5.5	429.8
7	219	5.6	429.8
7	220	5.7	429.8
7	221	5.8	429.8
7	222	5.9	429.8
7	223	6	429.8
7	224	6.1	429.8
7	225	6.2	429.8
7	226	6.3	429.8
7	227	6.4	429.8
7	228	6.5	429.8
7	229	6.6	429.8
7	230	6.7	429.8
7	231	6.8	429.8
7	232	6.9	429.8
7	233	7	429.8
7	235	7.1	429.8
7	274	7.2	429.8
7	275	7.3	429.8
7	276	7.4	429.8
7	277	7.5	429.8
7	278	7.6	429.8
7	279	7.7	429.8
7	280	7.8	429.8
7	281	7.9	429.8
7	282	8	429.8
7	283	8.1	429.8
7	284	8.2	429.8
7	285	8.3	429.8
7	286	8.4	429.8
7	287	8.5	429.8
7	288	8.6	429.8
7	289	8.7	429.8
7	290	8.8	429.8
7	291	8.9	429.8
7	292	9	429.8
7	293	9.1	429.8
7	294	9.2	429.8
7	295	9.3	429.8
7	296	9.4	429.8
7	297	9.5	429.8
7	298	9.6	429.8
7	299	9.7	429.8
7	300	9.8	429.8
7	301	9.9	429.8
7	302	10	429.8
7	303	10.1	429.8
7	304	10.2	429.8
7	305	10.3	429.8
7	306	10.4	429.8
7	307	10.5	429.8
7	308	10.6	429.8
7	309	10.7	429.8
7	310	10.8	429.8
7	311	10.9	429.8
7	312	11	429.8
7	313	11.1	429.8
7	314	11.2	429.8
7	315	11.3	429.8
7	316	11.4	429.8
7	317	11.5	429.8
7	319	11.6	429.8
7	358	11.7	429.8
7	359	11.8	429.8
7	360	11.9	429.8
7	361	12	429.8
7	362	12.1	429.8
7	363	12.2	429.8
7	364	12.3	429.8
7	365	12.4	429.8
7	366	12.5	429.8
7	368	12.6	429.8
7	445	12.7	429.8
7	485	12.8	429.8
7	704	12.9	429.8
7	705	13	429.8
7	706	13.1	429.8
7	707	13.2	429.8
7	708	13.3	429.8
7	709	13.4	429.8
7	710	13.5	429.8
7	711	13.6	429.8
7	712	13.7	429.8
7	713	13.8	429.8
7	714	13.9	429.8
7	715	14	429.8
7	716	14.1	429.8
7	717	14.2	429.8
7	718	14.3	429.8
7	719	14.4	429.8
7	720	14.5	429.8
7	721	14.6	429.8
7	722	14.7	429.8
7	723	14.8	429.8
7	724	14.9	429.8
7	725	15	429.8
7	726	15.1	429.8
7	727	15.2	429.8
7	728	15.3	429.8
7	729	15.4	429.8
7	730	15.5	429.8
7	731	15.6	429.8
7	732	15.7	429.8
7	733	15.8	429.8
7	734	15.9	429.8
7	735	16	429.8
7	736	16.1	429.8
7	737	16.2	429.8
7	738	16.3	429.8
7	739	16.4	429.8
7	740	16.5	429.8
7	741	16.6	429.8
7	742	16.7	429.8
7	743	16.8	429.8
7	744	16.9	429.8
7	745	17	429.8
7	746	17.1	429.8
7	747	17.2	429.8
7	748	17.3	429.8
7	749	17.4	429.8
7	750	17.5	429.8
7	751	17.6	429.8
7	752	17.7	429.8
7	753	17.8	429.8
7	754	17.9	429.8
7	755	18	429.8
7	756	18.1	429.8
7	757	18.2	429.8
7	758	18.3	429.8
7	759	18.4	429.8
7	760	18.5	429.8
7	762	18.6	429.8
7	801	18.7	429.8
7	802	18.8	429.8
7	803	18.9	429.8
7	804	19	429.8
7	805	19.1	429.8
7	806	19.2	429.8
7	807	19.3	429.8
7	808	19.4	429.8
7	809	19.5	429.8
7	810	19.6	429.8
7	811	19.7	429.8
7	812	19.8	429.8
7	813	19.9	429.8
7	814	20	429.8
7	815	20.1	429.8
7	816	20.2	429.8
7	817	20.3	429.8
7	818	20.4	429.8
7	819	20.5	429.8
7	820	20.6	429.8
7	821	20.7	429.8
7	822	20.8	429.8
7	823	20.9	429.8
7	824	21	429.8
7	825	21.1	429.8
7	826	21.2	429.8
7	827	21.3	429.8
7	828	21.4	429.8
7	829	21.5	429.8
7	830	21.6	429.8
7	831	21.7	429.8
7	832	21.8	429.8
7	833	21.9	429.8
7	834	22	429.8
7	835	22.1	429.8
7	836	22.2	429.8
7	837	22.3	429.8
7	838	22.4	429.8
7	839	22.5	429.8
7	840	22.6	429.8
7	841	22.7	429.8
7	842	22.8	429.8
7	843	22.9	429.8
7	844	23	429.8
7	845	23.1	429.8
7	846	23.2	429.8
7	847	23.3	429.8
7	848	23.4	429.8
7	849	23.5	429.8
7	850	23.6	429.8
7	851	23.7	429.8
7	852	23.8	429.8
7	853	23.9	429.8
7	854	24	429.8
7	855	24.1	429.8
7	856	24.2	429.8
7	857	24.3	429.8
7	858	24.4	429.8
7	859	24.5	429.8
7	860	24.6	429.8
7	861	24.7	429.8
7	862	24.8	429.8
7	863	24.9	429.8
7	864	25	429.8
7	865	25.1	429.8
7	866	25.2	429.8
7	867	25.3	429.8
7	868	25.4	429.8
7	869	25.5	429.8
7	870	25.6	429.8
7	871	25.7	429.8
7	872	25.8	429.8
7	873	25.9	429.8
7	874	26	429.8
7	875	26.1	429.8
7	876	26.2	429.8
7	877	26.3	429.8
7	878	26.4	429.8
7	879	26.5	429.8
7	880	26.6	429.8
7	881	26.7	429.8
7	882	26.8	429.8
7	883	26.9	429.8
7	884	27	429.8
7	885	27.1	429.8
7	886	27.2	429.8
7	887	27.3	429.8
7	888	27.4	429.8
7	889	27.5	429.8
6	3	0.2	62.9
6	4	0.3	63.421837247495
6	5	0.4	63.967872699749
6	6	0.5	64.534863708276
6	7	0.6	65.125305247181
6	8	0.7	65.738926842328
6	9	0.8	66.374104468326
6	10	0.9	67.031287454446
6	11	1	67.710094779108
6	12	1.1	68.411156498549
6	13	1.2	69.136383603841
6	14	1.3	69.884435213306
6	15	1.4	70.658356294204
6	16	1.5	71.454718163645
6	17	1.6	72.275446122351
6	19	1.7	73.122173750873
6	20	1.8	73.992449864159
6	21	1.9	74.883754712937
6	22	2	75.79730841457
6	24	2.1	76.733046321577
6	65	2.2	77.691263587751
6	105	2.3	78.673203318742
6	145	2.4	79.677021146004
6	185	2.5	80.704350025989
6	186	2.6	81.753656087278
6	187	2.7	82.82551078826
6	189	2.8	83.919189526496
6	190	2.9	85.036643325108
6	191	3	86.176699250445
6	192	3.1	87.337973584048
6	193	3.2	88.523681759924
6	194	3.3	89.734798481553
6	195	3.4	90.971198267563
6	196	3.5	92.228672290964
6	197	3.6	93.507289141719
6	198	3.7	94.807727631344
6	199	3.8	96.133806917449
6	200	3.9	97.482937318991
6	201	4	98.857844083538
6	202	4.1	100.24497405011
6	203	4.2	101.62977850461
6	204	4.3	103.01377854532
6	206	4.4	104.39894028352
6	207	4.5	105.78506277157
6	208	4.6	107.17181369861
6	209	4.7	108.55877760266
6	210	4.8	109.94414452133
6	211	4.9	111.33223753395
6	212	5	112.71830832563
6	213	5.1	114.10538098841
6	214	5.2	115.49138061736
6	215	5.3	116.88035545071
6	217	5.4	118.2669969772
6	218	5.5	119.65462836693
6	219	5.6	121.03846006175
6	220	5.7	122.42499846474
6	221	5.8	123.80984928326
6	222	5.9	125.19690109468
6	223	6	126.58535080346
6	224	6.1	127.97244058771
6	225	6.2	129.35901414743
6	226	6.3	130.74728049809
6	227	6.4	132.13314617255
6	228	6.5	133.51775446045
6	229	6.6	134.90570138462
6	230	6.7	136.29382871902
6	231	6.8	137.6797328268
6	232	6.9	139.06830743627
6	233	7	140.45639843604
6	235	7.1	141.84158416144
6	274	7.2	143.22561374522
6	275	7.3	144.61160410061
6	276	7.4	146.00057969919
6	277	7.5	147.38709905262
6	278	7.6	148.77563485762
6	279	7.7	150.16355823072
6	280	7.8	151.55208356527
6	281	7.9	152.93807967101
6	282	8	154.32455152941
6	283	8.1	155.70879918767
6	284	8.2	157.09284525365
6	285	8.3	158.47818356415
6	286	8.4	159.865216048
6	287	8.5	161.2522936193
6	288	8.6	162.63733349387
6	289	8.7	164.02597923543
6	290	8.8	165.41026152811
6	291	8.9	166.79704153355
6	292	9	168.18210916263
6	293	9.1	169.56971457635
6	294	9.2	170.95496579668
6	295	9.3	172.3419722116
6	296	9.4	173.72975426726
6	297	9.5	175.1154626882
6	298	9.6	176.5004656008
6	299	9.7	177.88807391829
6	300	9.8	179.27500805948
6	301	9.9	180.66068624616
6	302	10	182.04713927353
6	303	10.1	183.43258415281
6	304	10.2	184.81694076232
6	305	10.3	186.2013232394
6	306	10.4	187.58993156791
6	307	10.5	188.97515151589
6	308	10.6	190.35928253827
6	309	10.7	191.74446459695
6	310	10.8	193.1331539446
6	311	10.9	194.52181656006
6	312	11	195.90920751214
6	313	11.1	197.29804147372
6	314	11.2	198.68191834681
6	315	11.3	200.06925159141
6	316	11.4	201.45496367564
6	317	11.5	202.84350637845
6	319	11.6	204.2287017702
6	358	11.7	205.61592350562
6	359	11.8	207.00070618917
6	360	11.9	208.38832835229
6	361	12	209.7770075392
6	362	12.1	211.16516443984
6	363	12.2	212.55391831731
6	364	12.3	213.94122112703
6	365	12.4	215.32522866651
6	366	12.5	216.71075409385
6	368	12.6	218.09632572382
6	445	12.7	219.48441956895
6	485	12.8	220.87340954657
6	704	12.9	222.26127131057
6	705	13	223.64827252568
6	706	13.1	225.03499707219
6	707	13.2	226.42244989224
6	708	13.3	227.80681267264
6	709	13.4	229.19551776516
6	710	13.5	230.57950671879
6	711	13.6	231.96708890606
6	712	13.7	233.35409501015
6	713	13.8	234.74061115157
6	714	13.9	236.12549418139
6	715	14	237.51266686277
6	716	14.1	238.90081595995
6	717	14.2	240.28470349249
6	718	14.3	241.66912422591
6	719	14.4	243.05555509586
6	720	14.5	244.44247010781
6	721	14.6	245.82912339221
6	722	14.7	247.21437483262
6	723	14.8	248.60208643754
6	724	14.9	249.98784798178
6	725	15	251.37610724795
6	726	15.1	252.76406113128
6	727	15.2	254.15263879907
6	728	15.3	255.53668074314
6	729	15.4	256.92539090416
6	730	15.5	258.31127331444
6	731	15.6	259.69651372675
6	732	15.7	261.08046822021
6	733	15.8	262.46519605904
6	734	15.9	263.85145279348
6	735	16	265.23872911447
6	736	16.1	266.62749694146
6	737	16.2	268.01360618669
6	738	16.3	269.40196117321
6	739	16.4	270.78659000907
6	740	16.5	272.17474439701
6	741	16.6	273.56005030791
6	742	16.7	274.94712538653
6	743	16.8	276.33232118807
6	744	16.9	277.71884893799
6	745	17	279.10625671337
6	746	17.1	280.49010336296
6	747	17.2	281.87825800486
6	748	17.3	283.2629851842
6	749	17.4	284.65167581368
6	750	17.5	286.03998710325
6	751	17.6	287.42800850568
6	752	17.7	288.81197421038
6	753	17.8	290.1971645321
6	754	17.9	291.58146123611
6	755	18	292.96839743548
6	756	18.1	294.35297940112
6	757	18.2	295.73733449844
6	758	18.3	297.12481346979
6	759	18.4	298.51238311464
6	760	18.5	299.8976086879
6	762	18.6	301.28192194703
6	801	18.7	302.66698561601
6	802	18.8	304.05241797763
6	803	18.9	305.43712523004
6	804	19	306.82386568252
6	805	19.1	308.21081546676
6	806	19.2	309.59891108718
6	807	19.3	310.98695616322
6	808	19.4	312.37237189098
6	809	19.5	313.76043392965
6	810	19.6	315.14648074174
6	811	19.7	316.5304925424
6	812	19.8	317.91443364849
6	813	19.9	319.30023671215
6	814	20	320.68629198342
6	815	20.1	322.07440436398
6	816	20.2	323.45879989062
6	817	20.3	324.84504278375
6	818	20.4	326.22961929179
6	819	20.5	327.61483171667
6	820	20.6	329.00152520216
6	821	20.7	330.38886158032
6	822	20.8	331.77282810511
6	823	20.9	333.15952827538
6	824	21	334.54432833924
6	825	21.1	335.93221693161
6	826	21.2	337.31982840932
6	827	21.3	338.70834015255
6	828	21.4	340.09309656507
6	829	21.5	341.48139272205
6	830	21.6	342.86646561202
6	831	21.7	344.25199457547
6	832	21.8	345.63809228157
6	833	21.9	347.02571937276
6	834	22	348.41206642998
6	835	22.1	349.79784958842
6	836	22.2	351.18319939595
6	837	22.3	352.57044196425
6	838	22.4	353.95616447305
6	839	22.5	355.34470174553
6	840	22.6	356.73306091712
6	841	22.7	358.11887309881
6	842	22.8	359.50649757346
6	843	22.9	360.89072762325
6	844	23	362.27680107733
6	845	23.1	363.66545554714
6	846	23.2	365.05226040505
6	847	23.3	366.43749068156
6	848	23.4	367.82408807164
6	849	23.5	369.21089474374
6	850	23.6	370.59969547936
6	851	23.7	371.98550049567
6	852	23.8	373.37073842949
6	853	23.9	374.75625575798
6	854	24	376.14456458036
6	855	24.1	377.52851778475
6	856	24.2	378.91352079767
6	857	24.3	380.29897885157
6	858	24.4	381.68696414539
6	859	24.5	383.0731563387
6	860	24.6	384.45783998028
6	861	24.7	385.84518930664
6	862	24.8	387.23001320664
6	863	24.9	388.61562779676
6	864	25	390.00092320209
6	865	25.1	391.38670788868
6	866	25.2	392.77457802612
6	867	25.3	394.1588037123
6	868	25.4	395.54453188284
6	869	25.5	396.93087755568
6	870	25.6	398.31591320762
6	871	25.7	399.70424467636
6	872	25.8	401.09260054314
6	873	25.9	402.47722568965
6	874	26	403.86564200447
6	875	26.1	405.25301260146
6	876	26.2	406.63755776113
6	877	26.3	408.02365957118
6	878	26.4	409.40880929358
6	879	26.5	410.79734522041
6	880	26.6	412.18337410063
6	881	26.7	413.56971301965
6	882	26.8	414.95655546964
6	883	26.9	416.34157920568
6	884	27	417.72867530447
6	885	27.1	419.11727937076
6	886	27.2	420.50339502708
6	887	27.3	421.88939787286
6	888	27.4	423.27763957309
6	889	27.5	424.66536497148
14	4	0.3	4.6148913145574
14	5	0.4	4.9324725493196
14	6	0.5	4.5678550558581
14	7	0.6	4.9474385730064
14	8	0.7	5.1980758453612
14	9	0.8	4.9068704775979
14	10	0.9	5.1903960596457
14	11	1	5.7220074899825
14	12	1.1	5.9506773965987
14	13	1.2	5.8853660966785
14	14	1.3	6.3023455240702
14	15	1.4	6.3296845788762
14	16	1.5	5.7286265540022
14	17	1.6	6.0513948593179
14	19	1.7	6.8055973996819
14	20	1.8	6.3302143209642
14	21	1.9	6.9481184471994
14	22	2	6.7788603077358
14	24	2.1	7.2789167752186
14	65	2.2	6.8848729728069
14	105	2.3	8.045626170836
14	145	2.4	7.3901698911322
14	185	2.5	7.9372779410125
14	186	2.6	8.4641912679012
14	187	2.7	7.8426441619211
14	189	2.8	7.8220052869846
14	190	2.9	9.0695181392441
14	191	3	8.5391075860209
14	192	3.1	8.0347129331455
14	193	3.2	8.0365563850216
14	194	3.3	8.2889467226703
14	195	3.4	8.4680206409726
14	196	3.5	9.1216350207176
14	197	3.6	8.7670867271646
14	198	3.7	10.197234557413
14	199	3.8	10.034156861459
14	200	3.9	9.7547238785517
14	201	4	3.0227724245593
14	202	4.1	0.973
14	203	4.2	2.3537839628699
14	204	4.3	2.798195740536
14	206	4.4	1.8507848663963
14	207	4.5	2.6385923968031
14	208	4.6	1.2353337714392
14	209	4.7	1.4106053042857
14	210	4.8	3.4529603883827
14	211	4.9	1.5763659127141
14	212	5	1.6618960008371
14	213	5.1	2.8340773262499
14	214	5.2	0.973
14	215	5.3	2.1420738046855
14	217	5.4	2.458821580043
14	218	5.5	1.0902549867957
14	219	5.6	3.6965562251604
14	220	5.7	0.973
14	221	5.8	2.2148938160844
14	222	5.9	2.7684466480847
14	223	6	1.8241817000128
14	224	6.1	2.1389795723549
14	225	6.2	2.0864613658692
14	226	6.3	2.3778714001613
14	227	6.4	1.2112861601599
14	228	6.5	3.1476456591139
14	229	6.6	1.4077657910975
14	230	6.7	0.973
14	231	6.8	3.2684314551129
14	232	6.9	1.7005492543913
14	233	7	1.0969963675674
14	235	7.1	3.6116420906167
14	274	7.2	1.2168872329741
14	275	7.3	2.2544258038126
14	276	7.4	1.8870454846965
14	277	7.5	1.6890678328513
14	278	7.6	2.3954660863748
14	279	7.7	2.0205493275497
14	280	7.8	2.6237858876562
14	281	7.9	0.973
14	282	8	2.0537824084043
14	283	8.1	3.4404144872629
14	284	8.2	0.973
14	285	8.3	2.3593957149264
14	286	8.4	1.619257230277
14	287	8.5	1.9888881869741
14	288	8.6	2.1364492998107
14	289	8.7	1.475141114428
14	290	8.8	2.4294716075283
14	291	8.9	1.7358496695594
14	292	9	2.5858844792164
14	293	9.1	2.8130286047076
14	294	9.2	1.9600390690198
14	295	9.3	1.60274433633
14	296	9.4	1.922440752545
14	297	9.5	1.7355543135992
14	298	9.6	2.0947393459782
14	299	9.7	1.930166459684
14	300	9.8	2.9959261247892
14	301	9.9	1.1225194785653
14	302	10	1.8735982228939
14	303	10.1	2.7822498071824
14	304	10.2	0.973
14	305	10.3	2.3863824991665
14	306	10.4	1.703618331102
14	307	10.5	2.4676747493419
14	308	10.6	2.5254709982506
14	309	10.7	0.973
14	310	10.8	2.1799380436293
14	311	10.9	1.8710615012743
14	312	11	2.6778081872561
14	313	11.1	1.8194278087093
14	314	11.2	2.6278467144899
14	315	11.3	1.0716970042693
14	316	11.4	2.228765023948
14	317	11.5	3.0698351886591
14	319	11.6	1.3895253482044
14	358	11.7	1.8992238602098
14	359	11.8	2.4883926406059
14	360	11.9	2.0444533713308
14	361	12	1.7023631771368
14	362	12.1	1.5200766608831
14	363	12.2	2.3219290806938
14	364	12.3	2.3543562943813
14	365	12.4	1.1074105199383
14	366	12.5	3.5133261880171
14	368	12.6	0.973
14	445	12.7	3.4198208771504
14	485	12.8	0.973
14	704	12.9	2.7997226951468
14	705	13	2.3726906273284
14	706	13.1	0.973
14	707	13.2	1.9626239197942
14	708	13.3	2.5739235556582
14	709	13.4	1.2857382861899
14	710	13.5	2.4277315502486
14	711	13.6	1.8392628714523
14	712	13.7	1.9012890839431
14	713	13.8	2.0370862240923
14	714	13.9	2.4552209603456
14	715	14	1.8547029199986
14	716	14.1	1.894195188761
14	717	14.2	3.1757328496225
14	718	14.3	0.973
14	719	14.4	3.2987911408868
14	720	14.5	1.4128494877574
14	721	14.6	1.3500984905275
14	722	14.7	3.2081350891846
14	723	14.8	2.1754056381601
14	724	14.9	1.9855383795036
14	725	15	0.973
14	726	15.1	2.5169355740231
14	727	15.2	2.1100747429771
14	728	15.3	1.8716396123443
14	729	15.4	2.3301624019388
14	730	15.5	1.0984775795192
14	731	15.6	2.1785339321382
14	732	15.7	3.3585890750283
14	733	15.8	1.5627637502547
14	734	15.9	2.4626484012754
14	735	16	1.2654923017838
14	736	16.1	2.8019079110006
14	737	16.2	1.9849713360495
14	738	16.3	1.6921826734188
14	739	16.4	2.5144160393999
14	740	16.5	1.4602866518755
14	741	16.6	2.4880751495054
14	742	16.7	1.3363121849188
14	743	16.8	2.5981139362991
14	744	16.9	1.8572694273408
14	745	17	1.1080185509117
14	746	17.1	2.3249111989053
14	747	17.2	1.4907945045864
14	748	17.3	2.7239433276731
14	749	17.4	2.6079460743728
14	750	17.5	1.2363272876046
14	751	17.6	1.9982167313688
14	752	17.7	2.9768813828517
14	753	17.8	1.3843687290031
14	754	17.9	2.2233183273782
14	755	18	1.7529062967997
14	756	18.1	2.0813673391729
14	757	18.2	1.1822136093036
14	758	18.3	2.2112697142258
14	759	18.4	2.0130009745862
14	760	18.5	2.0514777654161
14	762	18.6	3.4508485546138
14	801	18.7	1.3080144533874
14	802	18.8	1.3920159053228
14	803	18.9	2.0153517663877
14	804	19	1.6980933453437
14	805	19.1	2.4074675260193
14	806	19.2	2.3698588018649
14	807	19.3	1.4441091467567
14	808	19.4	2.8482496216748
14	809	19.5	2.03206917354
14	810	19.6	2.0949110909555
14	811	19.7	1.7124659423911
14	812	19.8	2.8369905737447
14	813	19.9	1.7817983049582
14	814	20	1.2896106797222
14	815	20.1	1.4936122252401
14	816	20.2	2.4514364941558
14	817	20.3	2.6789904389078
14	818	20.4	1.1051733748467
14	819	20.5	2.3790564606952
14	820	20.6	1.7442854577334
14	821	20.7	2.0976529876663
14	822	20.8	3.1164064462155
14	823	20.9	1.1304719322526
14	824	21	3.1450073300308
14	825	21.1	0.973
14	826	21.2	3.2873174049548
14	827	21.3	1.8911005682114
14	828	21.4	1.9229953857789
14	829	21.5	0.973
14	830	21.6	2.2265580081782
14	831	21.7	2.2965043362106
14	832	21.8	1.9985177322787
14	833	21.9	1.2960668254121
14	834	22	3.4098626964706
14	835	22.1	0.973
14	836	22.2	3.2213943365096
14	837	22.3	2.2485318514298
14	838	22.4	1.3782983719983
14	839	22.5	2.4276805917128
14	840	22.6	1.7601050470763
14	841	22.7	2.2812087138661
14	842	22.8	0.973
14	843	22.9	2.1087024304502
14	844	23	2.5201501168872
14	845	23.1	2.1901153837565
14	846	23.2	2.0246507416036
14	847	23.3	1.6056995856446
14	848	23.4	1.9338769996723
14	849	23.5	3.274487078748
14	850	23.6	0.973
14	851	23.7	3.457456824082
14	852	23.8	0.973
14	853	23.9	2.0093501032521
14	854	24	2.2263736499602
14	855	24.1	2.3481006206462
14	856	24.2	1.846031768178
14	857	24.3	2.5866958116658
14	858	24.4	1.1733939866946
14	859	24.5	2.7809657417706
14	860	24.6	1.5186241221313
14	861	24.7	2.2299949569648
14	862	24.8	1.3290450351607
14	863	24.9	3.1095243445564
14	864	25	2.628067941667
14	865	25.1	1.6532855536404
14	866	25.2	1.8215618625157
14	867	25.3	1.9838713124402
14	868	25.4	1.9625666653381
14	869	25.5	2.1420013907351
14	870	25.6	1.8661119554697
14	871	25.7	1.2789416328177
14	872	25.8	3.4328844589103
14	873	25.9	1.857951894899
14	874	26	1.1506740840194
14	875	26.1	1.7742197856258
14	876	26.2	3.1884284747663
14	877	26.3	1.5660462811157
14	878	26.4	1.983183038973
14	879	26.5	2.0014950657547
14	880	26.6	1.7879300900377
14	881	26.7	1.8926973315534
14	882	26.8	2.8823678516299
14	883	26.9	1.9274462016757
14	884	27	2.2968192612513
14	885	27.1	1.8791055150439
14	886	27.2	0.973
14	887	27.3	2.2591449711362
14	888	27.4	2.5689810963671
14	889	27.5	1.8771909629413
14	890	27.6	1.0991117850645
14	891	27.7	2.7667117391099
14	892	27.8	1.370834606762
14	893	27.9	2.7407667060438
14	894	28	2.1303099051213
14	895	28.1	2.3030968727765
14	896	28.2	1.5753344313152
14	897	28.3	1.7897879227276
14	898	28.4	1.7366194457782
14	899	28.5	2.9460454939839
14	900	28.6	0.973
14	901	28.7	2.9606817884947
14	902	28.8	1.7944823073336
14	903	28.9	2.8095306377914
14	904	29	1.2494741104245
14	905	29.1	1.2415998336633
14	906	29.2	2.9367410567908
14	907	29.3	1.9319071683083
14	908	29.4	2.1309288125349
14	909	29.5	2.6698145084579
13	4	0.3	2.4518488979712
13	5	0.4	2.5619066817127
13	6	0.5	2.2031166556478
13	7	0.6	2.3645860892814
13	8	0.7	2.4279008180741
13	9	0.8	2.1585693436302
13	10	0.9	2.2509905545507
13	11	1	2.4741670572385
13	12	1.1	2.5098592752218
13	13	1.2	2.3869721585233
13	14	1.3	2.5221201507468
13	15	1.4	2.4514505979419
13	16	1.5	2.0824849433452
13	17	1.6	2.1792402223684
13	19	1.7	2.4669196168892
13	20	1.8	2.1803781165834
13	21	1.9	2.3941308527812
13	22	2	2.2554615196586
13	24	2.1	2.4060371668451
13	65	2.2	2.1811669366807
13	105	2.3	2.5913242678624
13	145	2.4	2.2660817036312
13	185	2.5	2.4205352835543
13	186	2.6	2.5566564745083
13	187	2.7	2.2656205173861
13	189	2.8	2.2072364378069
13	190	2.9	2.5963317742664
13	191	3	2.3515959886555
13	192	3.1	2.12981021652
13	193	3.2	2.0878419649322
13	194	3.3	2.1297595915012
13	195	3.4	2.1458519379236
13	196	3.5	2.3105465054885
13	197	3.6	2.1540812740847
13	198	3.7	2.5488338665571
13	199	3.8	2.4460664494615
13	200	3.9	2.3145760690793
13	201	4	0.29738733574751
13	202	4.1	-0.46578994982875
13	203	4.2	0.098885661754746
13	204	4.3	0.23092875731178
13	206	4.4	-0.052271008072431
13	207	4.5	0.18262890857645
13	208	4.6	-0.23632956928575
13	209	4.7	-0.18355741783976
13	210	4.8	0.42591368119233
13	211	4.9	-0.13448354048654
13	212	5	-0.10865981223994
13	213	5.1	0.24101839728653
13	214	5.2	-0.36434443812817
13	215	5.3	0.035345496777452
13	217	5.4	0.12969169758261
13	218	5.5	-0.27950776644984
13	219	5.6	0.49857658811845
13	220	5.7	-0.47642605016009
13	221	5.8	0.057396660586821
13	222	5.9	0.22223026486115
13	223	6	-0.060098335286618
13	224	6.1	0.03400535552764
13	225	6.2	0.018233323311421
13	226	6.3	0.10501741926186
13	227	6.4	-0.24342046398669
13	228	6.5	0.33464372077956
13	229	6.6	-0.18483534324915
13	230	6.7	-0.3215134658292
13	231	6.8	0.37149903967046
13	232	6.9	-0.097138643013324
13	233	7	-0.2774666971527
13	235	7.1	0.47349586634898
13	274	7.2	-0.24181663569063
13	275	7.3	0.068530134232709
13	276	7.4	-0.041278329826895
13	277	7.5	-0.10029958218336
13	278	7.6	0.11084782763385
13	279	7.7	-0.001349445385852
13	280	7.8	0.1784109823592
13	281	7.9	-0.38982769163326
13	282	8	0.0092235762253345
13	283	8.1	0.42223862143235
13	284	8.2	-0.30973021557555
13	285	8.3	0.10001926554366
13	286	8.4	-0.12120555235073
13	287	8.5	-0.010465467600138
13	288	8.6	0.033623943580317
13	289	8.7	-0.16410912107677
13	290	8.8	0.12153975605033
13	291	8.9	-0.08602994274348
13	292	9	0.16804519522005
13	293	9.1	0.23493436875754
13	294	9.2	-0.019941397206864
13	295	9.3	-0.12647277900019
13	296	9.4	-0.030737491799506
13	297	9.5	-0.086455046767373
13	298	9.6	0.02103191633708
13	299	9.7	-0.028160347333177
13	300	9.8	0.28950090797618
13	301	9.9	-0.2700351077225
13	302	10	-0.045030612656856
13	303	10.1	0.22606319903396
13	304	10.2	-0.325325910151
13	305	10.3	0.10851793457753
13	306	10.4	-0.095738374413923
13	307	10.5	0.13271635842511
13	308	10.6	0.1494059019722
13	309	10.7	-0.33880037127995
13	310	10.8	0.047045693136756
13	311	10.9	-0.045407061260185
13	312	11	0.19559749423525
13	313	11.1	-0.061236591627818
13	314	11.2	0.18012352695688
13	315	11.3	-0.28509812803939
13	316	11.4	0.061521536847593
13	317	11.5	0.31187148001043
13	319	11.6	-0.19013369749299
13	358	11.7	-0.03744869474323
13	359	11.8	0.1384112828225
13	360	11.9	0.0055948540847695
13	361	12	-0.096507316920906
13	362	12.1	-0.15077813709155
13	363	12.2	0.089176810933278
13	364	12.3	0.098518250687061
13	365	12.4	-0.27434634904377
13	366	12.5	0.44428432235494
13	368	12.6	-0.39211628572083
13	445	12.7	0.4161913417466
13	485	12.8	-0.38830464398488
13	704	12.9	0.23162046524696
13	705	13	0.10347182244994
13	706	13.1	-0.3134582929779
13	707	13.2	-0.018155206488437
13	708	13.3	0.16433659732341
13	709	13.4	-0.22091398906893
13	710	13.5	0.12097032653168
13	711	13.6	-0.055146861216056
13	712	13.7	-0.036459741285082
13	713	13.8	0.0042292162962276
13	714	13.9	0.12903877734207
13	715	14	-0.050643679471687
13	716	14.1	-0.038707123091442
13	717	14.2	0.3433852396533
13	718	14.3	-0.36564563695341
13	719	14.4	0.38008271803147
13	720	14.5	-0.1832329237461
13	721	14.6	-0.20169248292223
13	722	14.7	0.35316662927158
13	723	14.8	0.044307007836188
13	724	14.9	-0.012394803483051
13	725	15	-0.3632444125507
13	726	15.1	0.14730237856508
13	727	15.2	0.025437230067329
13	728	15.3	-0.045795044023542
13	729	15.4	0.091135080708185
13	730	15.5	-0.2770621568337
13	731	15.6	0.046549289487299
13	732	15.7	0.39782220926137
13	733	15.8	-0.13850725351833
13	734	15.9	0.13013876962475
13	735	16	-0.22728797204792
13	736	16.1	0.23149945154787
13	737	16.2	-0.012580208685264
13	738	16.3	-0.099847706733271
13	739	16.4	0.14545625675471
13	740	16.5	-0.16915585333482
13	741	16.6	0.13771364805288
13	742	16.7	-0.20613207199609
13	743	16.8	0.17074604033493
13	744	16.9	-0.050551639739425
13	745	17	-0.27428829880431
13	746	17.1	0.089953016787767
13	747	17.2	-0.1594800167717
13	748	17.3	0.20919673306867
13	749	17.4	0.17373384954407
13	750	17.5	-0.23595125169493
13	751	17.6	-0.0077984660863883
13	752	17.7	0.28381127018481
13	753	17.8	-0.19176323771475
13	754	17.9	0.059082769975056
13	755	18	-0.081425789305936
13	756	18.1	0.016826914669945
13	757	18.2	-0.25194333614781
13	758	18.3	0.056374210156491
13	759	18.4	-0.0030335576925467
13	760	18.5	0.0084711160883444
13	762	18.6	0.42521662054583
13	801	18.7	-0.21463406300171
13	802	18.8	-0.1891835675668
13	803	18.9	-0.002412004526704
13	804	19	-0.097243801252915
13	805	19.1	0.11500728978776
13	806	19.2	0.10334898334927
13	807	19.3	-0.17347760212607
13	808	19.4	0.24621175746432
13	809	19.5	0.0019987362530216
13	810	19.6	0.02073510739951
13	811	19.7	-0.093455549525086
13	812	19.8	0.24202324518933
13	813	19.9	-0.073124578427528
13	814	20	-0.21996729346924
13	815	20.1	-0.15857497318647
13	816	20.2	0.12808550705202
13	817	20.3	0.19537655139342
13	818	20.4	-0.27508487937041
13	819	20.5	0.10630387322047
13	820	20.6	-0.083592915311463
13	821	20.7	0.022225833442064
13	822	20.8	0.3256990886014
13	823	20.9	-0.26761663468555
13	824	21	0.33388733294792
13	825	21.1	-0.40325833961367
13	826	21.2	0.3765581891872
13	827	21.3	-0.040552165545531
13	828	21.4	-0.030931401820844
13	829	21.5	-0.31536715704949
13	830	21.6	0.060711168609568
13	831	21.7	0.081366892289356
13	832	21.8	-0.0078123082406734
13	833	21.9	-0.21778442605399
13	834	22	0.41351953065023
13	835	22.1	-0.38755020274781
13	836	22.2	0.3573472948745
13	837	22.3	0.066218406204133
13	838	22.4	-0.19354859243148
13	839	22.5	0.12004701416009
13	840	22.6	-0.079379840567722
13	841	22.7	0.076259288210423
13	842	22.8	-0.33171667031011
13	843	22.9	0.025659619960923
13	844	23	0.14835806457326
13	845	23.1	0.049386876514195
13	846	23.2	-0.00013074630871301
13	847	23.3	-0.1252417146042
13	848	23.4	-0.026863937387258
13	849	23.5	0.372640447272
13	850	23.6	-0.41454218423926
13	851	23.7	0.42723265204579
13	852	23.8	-0.43521643470973
13	853	23.9	-0.0040901949629202
13	854	24	0.060743192499508
13	855	24.1	0.09684820911847
13	856	24.2	-0.053315440444273
13	857	24.3	0.16779028879478
13	858	24.4	-0.25465733052231
13	859	24.5	0.2260347548779
13	860	24.6	-0.15134596870281
13	861	24.7	0.061504633752634
13	862	24.8	-0.20790256101638
13	863	24.9	0.3241927446425
13	864	25	0.1793977113627
13	865	25.1	-0.11156222735533
13	866	25.2	-0.061091817077248
13	867	25.3	-0.012505834074688
13	868	25.4	-0.01882430629804
13	869	25.5	0.034745076596732
13	870	25.6	-0.047647067122156
13	871	25.7	-0.22301594120451
13	872	25.8	0.41995172719471
13	873	25.9	-0.050480520268898
13	874	26	-0.26158074181527
13	875	26.1	-0.074668109994374
13	876	26.2	0.34713106220588
13	877	26.3	-0.13747037167661
13	878	26.4	-0.01263953393325
13	879	26.5	-0.0071393567696276
13	880	26.6	-0.070861064633352
13	881	26.7	-0.039389203265312
13	882	26.8	0.25571596269497
13	883	26.9	-0.029622851870954
13	884	27	0.080513529470192
13	885	27.1	-0.044173643346888
13	886	27.2	-0.3364260003902
13	887	27.3	0.070355642214412
13	888	27.4	0.16245353489184
13	889	27.5	-0.044343834891922
13	890	27.6	-0.27685809287243
13	891	27.7	0.22205557149835
13	892	27.8	-0.19543909981847
13	893	27.9	0.21420372528025
13	894	28	0.031404642835255
13	895	28.1	0.082803258243942
13	896	28.2	-0.13454296549781
13	897	28.3	-0.070174634344884
13	898	28.4	-0.085889603421094
13	899	28.5	0.27514317659662
13	900	28.6	-0.3331140710786
13	901	28.7	0.27978989444673
13	902	28.8	-0.068939023818828
13	903	28.9	0.23378939788788
13	904	29	-0.23207822467199
13	905	29.1	-0.23411995962263
13	906	29.2	0.27277031353675
13	907	29.3	-0.027839280422768
13	908	29.4	0.031625023540105
13	909	29.5	0.19202814492397
8	3	0.2	5.2150844808063
8	4	0.3	5.4602693706034
8	5	0.4	5.7164600387746
8	6	0.5	5.9367717043394
8	7	0.6	6.1732303132676
8	8	0.7	6.416020395075
8	9	0.8	6.631877329438
8	10	0.9	6.8569763848931
8	11	1	7.1043930906169
8	12	1.1	7.3553790181391
8	13	1.2	7.5940762339914
8	14	1.3	7.8462882490661
8	15	1.4	8.0914333088603
8	16	1.5	8.2996818031948
8	17	1.6	8.5176058254316
8	19	1.7	8.7642977871206
8	20	1.8	8.9823355987789
8	21	1.9	9.221748684057
8	22	2	9.4472948360229
8	24	2.1	9.6878985527074
8	65	2.2	9.9060152463755
8	105	2.3	10.165147673162
8	145	2.4	10.391755843525
8	185	2.5	10.63380937188
8	186	2.6	10.889475019331
8	187	2.7	11.11603707107
8	189	2.8	11.33676071485
8	190	2.9	11.596393892277
8	191	3	11.831553491143
8	192	3.1	12.044534512795
8	193	3.2	12.253318709288
8	194	3.3	12.466294668438
8	195	3.4	12.68087986223
8	196	3.5	12.911934512779
8	197	3.6	13.127342640188
8	198	3.7	13.382226026843
8	199	3.8	13.626832671789
8	200	3.9	13.858290278697
8	201	4	13.888029012272
8	202	4.1	13.841450017289
8	203	4.2	13.851338583465
8	204	4.3	13.874431459196
8	206	4.4	13.869204358389
8	207	4.5	13.887467249246
8	208	4.6	13.863834292318
8	209	4.7	13.845478550534
8	210	4.8	13.888069918653
8	211	4.9	13.874621564604
8	212	5	13.86375558338
8	213	5.1	13.887857423109
8	214	5.2	13.851422979296
8	215	5.3	13.854957528974
8	217	5.4	13.867926698732
8	218	5.5	13.839975922087
8	219	5.6	13.889833580899
8	220	5.7	13.842190975883
8	221	5.8	13.847930641942
8	222	5.9	13.870153668428
8	223	6	13.864143834899
8	224	6.1	13.867544370452
8	225	6.2	13.869367702783
8	226	6.3	13.879869444709
8	227	6.4	13.855527398311
8	228	6.5	13.888991770389
8	229	6.6	13.870508236064
8	230	6.7	13.838356889481
8	231	6.8	13.875506793448
8	232	6.9	13.865792929146
8	233	7	13.838046259431
8	235	7.1	13.885395846066
8	274	7.2	13.861214182497
8	275	7.3	13.86806719592
8	276	7.4	13.863939362938
8	277	7.5	13.853909404719
8	278	7.6	13.864994187483
8	279	7.7	13.864859242944
8	280	7.8	13.88270034118
8	281	7.9	13.843717572017
8	282	8	13.844639929639
8	283	8.1	13.886863791782
8	284	8.2	13.855890770225
8	285	8.3	13.865892696779
8	286	8.4	13.853772141544
8	287	8.5	13.852725594784
8	288	8.6	13.856087989142
8	289	8.7	13.839677077034
8	290	8.8	13.85183105264
8	291	8.9	13.843228058365
8	292	9	13.860032577887
8	293	9.1	13.883526014763
8	294	9.2	13.881531875042
8	295	9.3	13.868884597142
8	296	9.4	13.865810847962
8	297	9.5	13.857165343286
8	298	9.6	13.859268534919
8	299	9.7	13.856452500186
8	300	9.8	13.885402590984
8	301	9.9	13.858399080211
8	302	10	13.853896018946
8	303	10.1	13.876502338849
8	304	10.2	13.843969747834
8	305	10.3	13.854821541292
8	306	10.4	13.84524770385
8	307	10.5	13.858519339693
8	308	10.6	13.87345992989
8	309	10.7	13.839579892762
8	310	10.8	13.844284462076
8	311	10.9	13.83974375595
8	312	11	13.859303505373
8	313	11.1	13.85317984621
8	314	11.2	13.871192198906
8	315	11.3	13.842682386102
8	316	11.4	13.848834539787
8	317	11.5	13.880021687788
8	319	11.6	13.861008318039
8	358	11.7	13.857263448564
8	359	11.8	13.871104576847
8	360	11.9	13.871664062255
8	361	12	13.862013330563
8	362	12.1	13.846935516854
8	363	12.2	13.855853197947
8	364	12.3	13.865705023016
8	365	12.4	13.838270388111
8	366	12.5	13.882698820347
8	368	12.6	13.843487191775
8	445	12.7	13.88510632595
8	485	12.8	13.846275861551
8	704	12.9	13.869437908076
8	705	13	13.879785090321
8	706	13.1	13.848439261023
8	707	13.2	13.846623740374
8	708	13.3	13.863057400106
8	709	13.4	13.8409660012
8	710	13.5	13.853063033853
8	711	13.6	13.847548347731
8	712	13.7	13.843902373603
8	713	13.8	13.844325295232
8	714	13.9	13.857229172966
8	715	14	13.852164805019
8	716	14.1	13.84829409271
8	717	14.2	13.882632616675
8	718	14.3	13.84606805298
8	719	14.4	13.884076324783
8	720	14.5	13.865753032409
8	721	14.6	13.845583784116
8	722	14.7	13.880900447044
8	723	14.8	13.885331147827
8	724	14.9	13.884091667479
8	725	15	13.847767226224
8	726	15.1	13.86249746408
8	727	15.2	13.865041187087
8	728	15.3	13.860461682685
8	729	15.4	13.869575190756
8	730	15.5	13.841868975072
8	731	15.6	13.846523904021
8	732	15.7	13.886306124947
8	733	15.8	13.872455399595
8	734	15.9	13.885469276558
8	735	16	13.862740479353
8	736	16.1	13.885890424508
8	737	16.2	13.884632403639
8	738	16.3	13.874647632966
8	739	16.4	13.889193258641
8	740	16.5	13.872277673308
8	741	16.6	13.886049038113
8	742	16.7	13.865435830913
8	743	16.8	13.882510434947
8	744	16.9	13.877455270973
8	745	17	13.850026441093
8	746	17.1	13.859021742771
8	747	17.2	13.843073741094
8	748	17.3	13.863993414401
8	749	17.4	13.881366799355
8	750	17.5	13.857771674186
8	751	17.6	13.856991827577
8	752	17.7	13.885372954596
8	753	17.8	13.866196630824
8	754	17.9	13.872104907822
8	755	18	13.863962328891
8	756	18.1	13.865645020358
8	757	18.2	13.840450686743
8	758	18.3	13.846088107759
8	759	18.4	13.84578475199
8	760	18.5	13.846631863599
8	762	18.6	13.889153525653
8	801	18.7	13.867690119353
8	802	18.8	13.848771762596
8	803	18.9	13.848530562144
8	804	19	13.838806182018
8	805	19.1	13.850306910997
8	806	19.2	13.860641809332
8	807	19.3	13.84329404912
8	808	19.4	13.867915224866
8	809	19.5	13.868115098491
8	810	19.6	13.870188609231
8	811	19.7	13.860843054279
8	812	19.8	13.885045378798
8	813	19.9	13.877732920955
8	814	20	13.855736191608
8	815	20.1	13.839878694289
8	816	20.2	13.852687244995
8	817	20.3	13.872224900134
8	818	20.4	13.844716412197
8	819	20.5	13.855346799519
8	820	20.6	13.846987507988
8	821	20.7	13.849210091332
8	822	20.8	13.881780000192
8	823	20.9	13.855018336724
8	824	21	13.888407070018
8	825	21.1	13.848081236057
8	826	21.2	13.885737054976
8	827	21.3	13.881681838421
8	828	21.4	13.878588698239
8	829	21.5	13.847051982534
8	830	21.6	13.853123099395
8	831	21.7	13.861259788624
8	832	21.8	13.8604785578
8	833	21.9	13.838700115195
8	834	22	13.88005206826
8	835	22.1	13.841297047985
8	836	22.2	13.877031777472
8	837	22.3	13.883653618093
8	838	22.4	13.86429875885
8	839	22.5	13.876303460266
8	840	22.6	13.868365476209
8	841	22.7	13.87599140503
8	842	22.8	13.842819737999
8	843	22.9	13.845385699995
8	844	23	13.860221506452
8	845	23.1	13.865160194104
8	846	23.2	13.865147119473
8	847	23.3	13.852622948012
8	848	23.4	13.849936554274
8	849	23.5	13.887200599001
8	850	23.6	13.845746380577
8	851	23.7	13.888469645781
8	852	23.8	13.84494800231
8	853	23.9	13.844538982814
8	854	24	13.850613302064
8	855	24.1	13.860298122976
8	856	24.2	13.854966578932
8	857	24.3	13.871745607811
8	858	24.4	13.846279874759
8	859	24.5	13.868883350247
8	860	24.6	13.853748753376
8	861	24.7	13.859899216752
8	862	24.8	13.83910896065
8	863	24.9	13.871528235114
8	864	25	13.88946800625
8	865	25.1	13.878311783515
8	866	25.2	13.872202601807
8	867	25.3	13.8709520184
8	868	25.4	13.86906958777
8	869	25.5	13.87254409543
8	870	25.6	13.867779388717
8	871	25.7	13.845477794597
8	872	25.8	13.887472967316
8	873	25.9	13.88242491529
8	874	26	13.856266841108
8	875	26.1	13.848800030109
8	876	26.2	13.883513136329
8	877	26.3	13.869766099161
8	878	26.4	13.868502145768
8	879	26.5	13.867788210091
8	880	26.6	13.860702103628
8	881	26.7	13.856763183301
8	882	26.8	13.882334779571
8	883	26.9	13.879372494384
8	884	27	13.887423847331
8	885	27.1	13.883006482996
8	886	27.2	13.849363882957
8	887	27.3	13.856399447178
8	888	27.4	13.872644800668
8	889	27.5	13.868210417178
8	890	27.6	13.840524607891
8	891	27.7	13.862730165041
8	892	27.8	13.843186255059
8	893	27.9	13.864606627587
8	894	28	13.867747091871
8	895	28.1	13.876027417695
8	896	28.2	13.862573121145
8	897	28.3	13.855555657711
8	898	28.4	13.846966697369
8	899	28.5	13.874481015028
8	900	28.6	13.841169607921
8	901	28.7	13.869148597365
8	902	28.8	13.862254694983
8	903	28.9	13.885633634772
8	904	29	13.862425812305
8	905	29.1	13.839013816343
8	906	29.2	13.866290847696
8	907	29.3	13.863506919654
8	908	29.4	13.866669422008
8	909	29.5	13.8858722365
3	2	0.1	429.8
3	3	0.2	429.8
3	4	0.3	429.8
3	5	0.4	429.8
3	6	0.5	429.8
3	7	0.6	429.8
3	8	0.7	429.8
3	9	0.8	429.8
3	10	0.9	429.8
3	11	1	429.8
3	12	1.1	429.8
3	13	1.2	429.8
3	14	1.3	429.8
3	15	1.4	429.8
3	16	1.5	429.8
3	17	1.6	429.8
3	19	1.7	429.8
3	20	1.8	429.8
3	21	1.9	429.8
3	22	2	429.8
3	24	2.1	429.8
3	65	2.2	429.8
3	105	2.3	429.8
3	145	2.4	429.8
3	185	2.5	429.8
3	186	2.6	429.8
3	187	2.7	429.8
3	189	2.8	429.8
3	190	2.9	429.8
3	191	3	429.8
3	192	3.1	429.8
3	193	3.2	429.8
3	194	3.3	429.8
3	195	3.4	429.8
3	196	3.5	429.8
3	197	3.6	429.8
3	198	3.7	429.8
3	199	3.8	429.8
3	200	3.9	429.8
3	201	4	429.8
3	202	4.1	429.8
3	203	4.2	429.8
3	204	4.3	429.8
3	206	4.4	429.8
3	207	4.5	429.8
3	208	4.6	429.8
3	209	4.7	429.8
3	210	4.8	429.8
3	211	4.9	429.8
3	212	5	429.8
3	213	5.1	429.8
3	214	5.2	429.8
3	215	5.3	429.8
3	217	5.4	429.8
3	218	5.5	429.8
3	219	5.6	429.8
3	220	5.7	429.8
3	221	5.8	429.8
3	222	5.9	429.8
3	223	6	429.8
3	224	6.1	429.8
3	225	6.2	429.8
3	226	6.3	429.8
3	227	6.4	429.8
3	228	6.5	429.8
3	229	6.6	429.8
3	230	6.7	429.8
3	231	6.8	429.8
3	232	6.9	429.8
3	233	7	429.8
3	235	7.1	429.8
3	274	7.2	429.8
3	275	7.3	429.8
3	276	7.4	429.8
3	277	7.5	429.8
3	278	7.6	429.8
3	279	7.7	429.8
3	280	7.8	429.8
3	281	7.9	429.8
3	282	8	429.8
3	283	8.1	429.8
3	284	8.2	429.8
3	285	8.3	429.8
3	286	8.4	429.8
3	287	8.5	429.8
3	288	8.6	429.8
3	289	8.7	429.8
3	290	8.8	429.8
3	291	8.9	429.8
3	292	9	429.8
3	293	9.1	429.8
3	294	9.2	429.8
3	295	9.3	429.8
3	296	9.4	429.8
3	297	9.5	429.8
3	298	9.6	429.8
3	299	9.7	429.8
3	300	9.8	429.8
3	301	9.9	429.8
3	302	10	429.8
3	303	10.1	429.8
3	304	10.2	429.8
3	305	10.3	429.8
3	306	10.4	429.8
3	307	10.5	429.8
3	308	10.6	429.8
3	309	10.7	429.8
3	310	10.8	429.8
3	311	10.9	429.8
3	312	11	429.8
3	313	11.1	429.8
3	314	11.2	429.8
3	315	11.3	429.8
3	316	11.4	429.8
3	317	11.5	429.8
3	319	11.6	429.8
3	358	11.7	429.8
3	359	11.8	429.8
3	360	11.9	429.8
3	361	12	429.8
3	362	12.1	429.8
3	363	12.2	429.8
3	364	12.3	429.8
3	365	12.4	429.8
3	366	12.5	429.8
3	368	12.6	429.8
3	445	12.7	429.8
3	485	12.8	429.8
3	704	12.9	429.8
3	705	13	429.8
3	706	13.1	429.8
3	707	13.2	429.8
3	708	13.3	429.8
3	709	13.4	429.8
3	710	13.5	429.8
3	711	13.6	429.8
3	712	13.7	429.8
3	713	13.8	429.8
3	714	13.9	429.8
3	715	14	429.8
3	716	14.1	429.8
3	717	14.2	429.8
3	718	14.3	429.8
3	719	14.4	429.8
3	720	14.5	429.8
3	721	14.6	429.8
3	722	14.7	429.8
3	723	14.8	429.8
3	724	14.9	429.8
3	725	15	429.8
3	726	15.1	429.8
3	727	15.2	429.8
3	728	15.3	429.8
3	729	15.4	429.8
3	730	15.5	429.8
3	731	15.6	429.8
3	732	15.7	429.8
3	733	15.8	429.8
3	734	15.9	429.8
3	735	16	429.8
3	736	16.1	429.8
3	737	16.2	429.8
3	738	16.3	429.8
3	739	16.4	429.8
3	740	16.5	429.8
3	741	16.6	429.8
3	742	16.7	429.8
3	743	16.8	429.8
3	744	16.9	429.8
3	745	17	429.8
3	746	17.1	429.8
3	747	17.2	429.8
3	748	17.3	429.8
3	749	17.4	429.8
3	750	17.5	429.8
3	751	17.6	429.8
3	752	17.7	429.8
3	753	17.8	429.8
3	754	17.9	429.8
3	755	18	429.8
3	756	18.1	429.8
3	757	18.2	429.8
3	758	18.3	429.8
3	759	18.4	429.8
3	760	18.5	429.8
3	762	18.6	429.8
3	801	18.7	429.8
3	802	18.8	429.8
3	803	18.9	429.8
3	804	19	429.8
3	805	19.1	429.8
3	806	19.2	429.8
3	807	19.3	429.8
3	808	19.4	429.8
3	809	19.5	429.8
3	810	19.6	429.8
3	811	19.7	429.8
3	812	19.8	429.8
3	813	19.9	429.8
3	814	20	429.8
3	815	20.1	429.8
3	816	20.2	429.8
3	817	20.3	429.8
3	818	20.4	429.8
3	819	20.5	429.8
3	820	20.6	429.8
3	821	20.7	429.8
3	822	20.8	429.8
3	823	20.9	429.8
3	824	21	429.8
3	825	21.1	429.8
3	826	21.2	429.8
3	827	21.3	429.8
3	828	21.4	429.8
3	829	21.5	429.8
3	830	21.6	429.8
3	831	21.7	429.8
3	832	21.8	429.8
3	833	21.9	429.8
3	834	22	429.8
3	835	22.1	429.8
3	836	22.2	429.8
3	837	22.3	429.8
3	838	22.4	429.8
3	839	22.5	429.8
3	840	22.6	429.8
3	841	22.7	429.8
3	842	22.8	429.8
3	843	22.9	429.8
3	844	23	429.8
3	845	23.1	429.8
3	846	23.2	429.8
3	847	23.3	429.8
3	848	23.4	429.8
3	849	23.5	429.8
3	850	23.6	429.8
3	851	23.7	429.8
3	852	23.8	429.8
3	853	23.9	429.8
3	854	24	429.8
3	855	24.1	429.8
3	856	24.2	429.8
3	857	24.3	429.8
3	858	24.4	429.8
3	859	24.5	429.8
3	860	24.6	429.8
3	861	24.7	429.8
3	862	24.8	429.8
3	863	24.9	429.8
3	864	25	429.8
3	865	25.1	429.8
3	866	25.2	429.8
3	867	25.3	429.8
3	868	25.4	429.8
3	869	25.5	429.8
3	870	25.6	429.8
3	871	25.7	429.8
3	872	25.8	429.8
3	873	25.9	429.8
3	874	26	429.8
3	875	26.1	429.8
3	876	26.2	429.8
3	877	26.3	429.8
3	878	26.4	429.8
3	879	26.5	429.8
3	880	26.6	429.8
3	881	26.7	429.8
3	882	26.8	429.8
3	883	26.9	429.8
3	884	27	429.8
3	885	27.1	429.8
3	886	27.2	429.8
3	887	27.3	429.8
3	888	27.4	429.8
3	889	27.5	429.8
3	890	27.6	429.8
3	891	27.7	429.8
3	892	27.8	429.8
3	893	27.9	429.8
3	894	28	429.8
3	895	28.1	429.8
3	896	28.2	429.8
3	897	28.3	429.8
3	898	28.4	429.8
3	899	28.5	429.8
3	900	28.6	429.8
3	901	28.7	429.8
3	902	28.8	429.8
3	903	28.9	429.8
3	904	29	429.8
3	905	29.1	429.8
3	906	29.2	429.8
3	907	29.3	429.8
3	908	29.4	429.8
3	909	29.5	429.8
2	2	0.1	32.9
2	3	0.2	33.421508448081
2	4	0.3	33.967535385141
2	5	0.4	34.539181389018
2	6	0.5	35.132858559452
2	7	0.6	35.750181590779
2	8	0.7	36.391783630287
2	9	0.8	37.05497136323
2	10	0.9	37.74066900172
2	11	1	38.451108310781
2	12	1.1	39.186646212595
2	13	1.2	39.946053835994
2	14	1.3	40.730682660901
2	15	1.4	41.539825991787
2	16	1.5	42.369794172107
2	17	1.6	43.22155475465
2	19	1.7	44.097984533362
2	20	1.8	44.99621809324
2	21	1.9	45.918392961645
2	22	2	46.863122445248
2	24	2.1	47.831912300518
2	65	2.2	48.822513825156
2	105	2.3	49.839028592472
2	145	2.4	50.878204176825
2	185	2.5	51.941585114013
2	186	2.6	53.030532615946
2	187	2.7	54.142136323053
2	189	2.8	55.275812394538
2	190	2.9	56.435451783765
2	191	3	57.61860713288
2	192	3.1	58.823060584159
2	193	3.2	60.048392455088
2	194	3.3	61.295021921932
2	195	3.4	62.563109908155
2	196	3.5	63.854303359433
2	197	3.6	65.167037623451
2	198	3.7	66.505260226136
2	199	3.8	67.867943493315
2	200	3.9	69.253772521184
2	201	4	70.642575422412
2	202	4.1	72.026720424141
2	203	4.2	73.411854282487
2	204	4.3	74.799297428407
2	206	4.4	76.186217864246
2	207	4.5	77.57496458917
2	208	4.6	78.961348018402
2	209	4.7	80.345895873455
2	210	4.8	81.734702865321
2	211	4.9	83.122165021781
2	212	5	84.508540580119
2	213	5.1	85.89732632243
2	214	5.2	87.28246862036
2	215	5.3	88.667964373257
2	217	5.4	90.05475704313
2	218	5.5	91.438754635339
2	219	5.6	92.827737993429
2	220	5.7	94.211957091017
2	221	5.8	95.596750155211
2	222	5.9	96.983765522054
2	223	6	98.370179905544
2	224	6.1	99.756934342589
2	225	6.2	101.14387111287
2	226	6.3	102.53185805734
2	227	6.4	103.91741079717
2	228	6.5	105.30630997421
2	229	6.6	106.69336079781
2	230	6.7	108.07719648676
2	231	6.8	109.46474716611
2	232	6.9	110.85132645902
2	233	7	112.23513108497
2	235	7.1	113.62367066957
2	274	7.2	115.00979208782
2	275	7.3	116.39659880741
2	276	7.4	117.78299274371
2	277	7.5	119.16838368418
2	278	7.6	120.55488310293
2	279	7.7	121.94136902722
2	280	7.8	123.32963906134
2	281	7.9	124.71401081854
2	282	8	126.09847481151
2	283	8.1	127.48716119068
2	284	8.2	128.87275026771
2	285	8.3	130.25933953738
2	286	8.4	131.64471675154
2	287	8.5	133.02998931102
2	288	8.6	134.41559810993
2	289	8.7	135.79956581763
2	290	8.8	137.1847489229
2	291	8.9	138.56907172874
2	292	9	139.95507498652
2	293	9.1	141.343427588
2	294	9.2	142.7315807755
2	295	9.3	144.11846923522
2	296	9.4	145.50505032001
2	297	9.5	146.89076685434
2	298	9.6	148.27669370784
2	299	9.7	149.66233895785
2	300	9.8	151.05087921695
2	301	9.9	152.43671912497
2	302	10	153.82210872687
2	303	10.1	155.20975896075
2	304	10.2	156.59415593554
2	305	10.3	157.97963808967
2	306	10.4	159.36416286005
2	307	10.5	160.75001479402
2	308	10.6	162.13736078701
2	309	10.7	163.52131877628
2	310	10.8	164.90574722249
2	311	10.9	166.28972159809
2	312	11	167.67565194862
2	313	11.1	169.06096993325
2	314	11.2	170.44808915314
2	315	11.3	171.83235739175
2	316	11.4	173.21724084573
2	317	11.5	174.6052430145
2	319	11.6	175.99134384631
2	358	11.7	177.37707019116
2	359	11.8	178.76418064885
2	360	11.9	180.15134705507
2	361	12	181.53754838813
2	362	12.1	182.92224193982
2	363	12.2	184.30782725961
2	364	12.3	185.69439776191
2	365	12.4	187.07822480072
2	366	12.5	188.46649468276
2	368	12.6	189.85084340194
2	445	12.7	191.23935403453
2	485	12.8	192.62398162069
2	704	12.9	194.01092541149
2	705	13	195.39890392053
2	706	13.1	196.78374784663
2	707	13.2	198.16841022067
2	708	13.3	199.55471596068
2	709	13.4	200.9388125608
2	710	13.5	202.32411886418
2	711	13.6	203.70887369895
2	712	13.7	205.09326393631
2	713	13.8	206.47769646584
2	714	13.9	207.86341938313
2	715	14	209.24863586364
2	716	14.1	210.63346527291
2	717	14.2	212.02172853458
2	718	14.3	213.40633533987
2	719	14.4	214.79474297235
2	720	14.5	216.18131827559
2	721	14.6	217.565876654
2	722	14.7	218.95396669871
2	723	14.8	220.34249981349
2	724	14.9	221.73090898024
2	725	15	223.11568570286
2	726	15.1	224.50193544927
2	727	15.2	225.88843956798
2	728	15.3	227.27448573625
2	729	15.4	228.66144325532
2	730	15.5	230.04563015283
2	731	15.6	231.43028254323
2	732	15.7	232.81891315573
2	733	15.8	234.20615869569
2	734	15.9	235.59470562334
2	735	16	236.98097967128
2	736	16.1	238.36956871373
2	737	16.2	239.75803195409
2	738	16.3	241.14549671739
2	739	16.4	242.53441604325
2	740	16.5	243.92164381058
2	741	16.6	245.31024871439
2	742	16.7	246.69679229749
2	743	16.8	248.08504334098
2	744	16.9	249.47278886808
2	745	17	250.85779151219
2	746	17.1	252.24369368646
2	747	17.2	253.62800106057
2	748	17.3	255.01440040201
2	749	17.4	256.40253708195
2	750	17.5	257.78831424937
2	751	17.6	259.17401343213
2	752	17.7	260.56255072758
2	753	17.8	261.94917039067
2	754	17.9	263.33638088145
2	755	18	264.72277711434
2	756	18.1	266.10934161637
2	757	18.2	267.49338668505
2	758	18.3	268.87799549582
2	759	18.4	270.26257397102
2	760	18.5	271.64723715738
2	762	18.6	273.03615250995
2	801	18.7	274.42292152188
2	802	18.8	275.80779869814
2	803	18.9	277.19265175436
2	804	19	278.57653237256
2	805	19.1	279.96156306366
2	806	19.2	281.34762724459
2	807	19.3	282.73195664951
2	808	19.4	284.11874817199
2	809	19.5	285.50555968184
2	810	19.6	286.89257854276
2	811	19.7	288.27866284819
2	812	19.8	289.66716738607
2	813	19.9	291.05494067817
2	814	20	292.44051429733
2	815	20.1	293.82450216676
2	816	20.2	295.20977089126
2	817	20.3	296.59699338127
2	818	20.4	297.98146502249
2	819	20.5	299.36699970244
2	820	20.6	300.75169845324
2	821	20.7	302.13661946237
2	822	20.8	303.52479746239
2	823	20.9	304.91029929606
2	824	21	306.29914000307
2	825	21.1	307.68394812667
2	826	21.2	309.07252183217
2	827	21.3	310.46069001601
2	828	21.4	311.84854888584
2	829	21.5	313.23325408409
2	830	21.6	314.61856639403
2	831	21.7	316.00469237289
2	832	21.8	317.39074022867
2	833	21.9	318.77461024019
2	834	22	320.16261544702
2	835	22.1	321.54674515182
2	836	22.2	322.93444832956
2	837	22.3	324.32281369137
2	838	22.4	325.70924356726
2	839	22.5	327.09687391328
2	840	22.6	328.4837104609
2	841	22.7	329.87130960141
2	842	22.8	331.25559157521
2	843	22.9	332.64013014521
2	844	23	334.02615229585
2	845	23.1	335.41266831526
2	846	23.2	336.79918302721
2	847	23.3	338.18444532201
2	848	23.4	339.56943897744
2	849	23.5	340.95815903734
2	850	23.6	342.3427336754
2	851	23.7	343.73158063997
2	852	23.8	345.1160754402
2	853	23.9	346.50052933849
2	854	24	347.88559066869
2	855	24.1	349.27162048099
2	856	24.2	350.65711713888
2	857	24.3	352.04429169966
2	858	24.4	353.42891968714
2	859	24.5	354.81580802216
2	860	24.6	356.2011828975
2	861	24.7	357.58717281918
2	862	24.8	358.97108371524
2	863	24.9	360.35823653875
2	864	25	361.74718333938
2	865	25.1	363.13501451773
2	866	25.2	364.52223477791
2	867	25.3	365.90932997975
2	868	25.4	367.29623693853
2	869	25.5	368.68349134807
2	870	25.6	370.07026928694
2	871	25.7	371.4548170664
2	872	25.8	372.84356436313
2	873	25.9	374.23180685466
2	874	26	375.61743353877
2	875	26.1	377.00231354178
2	876	26.2	378.39066485542
2	877	26.3	379.77764146533
2	878	26.4	381.16449167991
2	879	26.5	382.55127050092
2	880	26.6	383.93734071128
2	881	26.7	385.32301702961
2	882	26.8	386.71125050757
2	883	26.9	388.09918775701
2	884	27	389.48793014174
2	885	27.1	390.87623079004
2	886	27.2	392.26116717834
2	887	27.3	393.64680712305
2	888	27.4	395.03407160312
2	889	27.5	396.42089264484
2	890	27.6	397.80494510563
2	891	27.7	399.19121812213
2	892	27.8	400.57553674764
2	893	27.9	401.9619974104
2	894	28	403.34877211958
2	895	28.1	404.73637486135
2	896	28.2	406.12263217347
2	897	28.3	407.50818773924
2	898	28.4	408.89288440898
2	899	28.5	410.28033251048
2	900	28.6	411.66444947127
2	901	28.7	413.05136433101
2	902	28.8	414.43758980051
2	903	28.9	415.82615316398
2	904	29	417.21239574521
2	905	29.1	418.59629712685
2	906	29.2	419.98292621162
2	907	29.3	421.36927690358
2	908	29.4	422.75594384578
2	909	29.5	424.14453106943
38	8	0.7	3.8845613199054
38	9	0.8	4.1204840152269
38	10	0.9	4.0369655840324
38	11	1	4.4744725296107
38	12	1.1	4.6260966547575
38	13	1.2	4.7640480469558
38	14	1.3	5.117556322591
38	15	1.4	4.6567689765979
38	16	1.5	4.8842165667453
38	17	1.6	5.5228858926973
38	19	1.7	5.3308732070245
38	20	1.8	5.3751645210729
38	21	1.9	5.5345619205427
38	22	2	5.996739854153
38	24	2.1	6.1524336118088
38	65	2.2	5.896947696388
38	105	2.3	5.8345068880741
38	145	2.4	6.1676977470547
38	185	2.5	5.9507940779908
38	186	2.6	6.2969321875113
38	187	2.7	6.4461504281819
38	189	2.8	7.4653792640284
38	190	2.9	7.4633003979685
38	191	3	6.7171217460466
38	192	3.1	6.7704619524391
38	193	3.2	7.8894878757921
38	194	3.3	7.1346041044859
38	195	3.4	8.0789593984701
38	196	3.5	7.6648393136116
38	197	3.6	7.4065648978096
38	198	3.7	8.4100255427943
38	199	3.8	8.8705267206964
38	200	3.9	7.8017627684663
38	201	4	7.940760435135
38	202	4.1	6.7056040947816
38	203	4.2	0.973
38	204	4.3	2.4949053587337
38	206	4.4	2.0569831487271
38	207	4.5	0.973
38	208	4.6	2.7414226480586
38	209	4.7	1.270896531671
38	210	4.8	1.9043914976874
38	211	4.9	1.3564200251538
38	212	5	2.5697057104561
38	213	5.1	1.3020738135822
38	214	5.2	2.9386297923684
38	215	5.3	0.973
38	217	5.4	2.3642752258938
38	218	5.5	1.7347982054528
38	219	5.6	2.5107660492704
38	220	5.7	0.973
38	221	5.8	1.8647547954539
38	222	5.9	2.6107226115504
38	223	6	0.973
38	224	6.1	1.7047247006345
38	225	6.2	2.5561477341351
38	226	6.3	2.0751362981745
38	227	6.4	2.3569993613247
38	228	6.5	1.3000461564848
38	229	6.6	1.3040855831926
38	230	6.7	2.8155838034307
38	231	6.8	1.417169423286
38	232	6.9	1.7449187363562
38	233	7	1.4150900902324
38	235	7.1	3.128199742738
38	274	7.2	1.7025917372346
38	275	7.3	0.973
38	276	7.4	2.655179981402
38	277	7.5	0.973
38	278	7.6	2.1023935540842
38	279	7.7	2.9104949963203
38	280	7.8	0.973
38	281	7.9	2.696964690126
38	282	8	1.594326643523
38	283	8.1	2.7568572267659
38	284	8.2	0.973
38	285	8.3	1.8248871463314
38	286	8.4	2.8679784553386
38	287	8.5	2.1306359493937
38	288	8.6	0.973
38	289	8.7	1.3589185694459
38	290	8.8	2.9069734599845
38	291	8.9	0.973
38	292	9	2.7583304711465
38	293	9.1	0.973
38	294	9.2	2.4585465685298
38	295	9.3	2.3845214319091
38	296	9.4	2.0130863950663
38	297	9.5	1.8420768310602
38	298	9.6	1.5572668439996
38	299	9.7	1.9393175415847
38	300	9.8	1.3582815422921
38	301	9.9	2.7933761502809
38	302	10	0.973
38	303	10.1	2.1853671853255
38	304	10.2	2.2849847594534
38	305	10.3	1.5830603320402
38	306	10.4	2.3423603322527
38	307	10.5	1.8708461570589
38	308	10.6	0.973
38	309	10.7	2.834357673351
38	310	10.8	1.2122735258958
38	311	10.9	1.7253165564988
38	312	11	2.1825467951675
38	313	11.1	1.5029027313774
38	314	11.2	1.5606361953752
38	315	11.3	2.7816531062252
38	316	11.4	1.3884923287363
38	317	11.5	2.0569535386125
38	319	11.6	1.6424987816932
38	358	11.7	2.1861113636132
38	359	11.8	2.1181454566702
38	360	11.9	1.7032294669509
38	361	12	2.3331441249814
38	362	12.1	1.8298970799944
38	363	12.2	1.8597029283121
38	364	12.3	1.6075292483074
38	365	12.4	1.1948329947724
38	366	12.5	2.1186759451871
38	368	12.6	2.0094533536488
38	445	12.7	1.9341268022415
38	485	12.8	1.8840401954441
38	704	12.9	1.6807979050215
38	705	13	1.6112680261638
38	706	13.1	1.6969178104676
38	707	13.2	1.7351605445815
38	708	13.3	1.8417110694978
38	709	13.4	3.1484732520128
38	710	13.5	1.9284941916539
38	711	13.6	0.973
38	712	13.7	2.8246235137262
38	713	13.8	2.1978280548412
38	714	13.9	1.4532439421353
38	715	14	0.973
38	716	14.1	2.4756738102779
38	717	14.2	2.1076338800238
38	718	14.3	1.5519271507878
38	719	14.4	2.6472860355532
38	720	14.5	0.973
38	721	14.6	1.9199153942137
38	722	14.7	1.4797973660351
38	723	14.8	2.8857625079817
38	724	14.9	0.973
38	725	15	2.5033936664771
38	726	15.1	1.7454431284441
38	727	15.2	2.7022615822938
38	728	15.3	0.973
38	729	15.4	1.6899805826686
38	730	15.5	3.1019495584937
38	731	15.6	1.9585458404865
38	732	15.7	1.5857704635741
38	733	15.8	1.3398086277696
38	734	15.9	2.5969795220467
38	735	16	1.2673560486292
38	736	16.1	2.00468244388
38	737	16.2	1.7322637192282
38	738	16.3	2.5262803163872
38	739	16.4	0.973
38	740	16.5	2.2509415072446
38	741	16.6	2.5105247229361
38	742	16.7	1.5621118856224
38	743	16.8	1.9023246158281
38	744	16.9	2.0261965826934
38	745	17	1.7802723271224
38	746	17.1	2.043959211144
38	747	17.2	1.9471853701323
38	748	17.3	0.973
38	749	17.4	2.179195740825
38	750	17.5	2.2846374540752
38	751	17.6	0.973
38	752	17.7	1.5595943044045
38	753	17.8	2.6468179615958
38	754	17.9	2.3557747510357
38	755	18	1.2866269489313
38	756	18.1	0.973
38	757	18.2	2.9216168206049
38	758	18.3	1.4938998259429
38	759	18.4	1.6821763332375
38	760	18.5	2.4697481493647
38	762	18.6	1.6574376049903
38	801	18.7	2.3987142140425
38	802	18.8	0.973
38	803	18.9	2.6569100286225
38	804	19	1.148000290392
38	805	19.1	2.5478362234673
38	806	19.2	1.8575976675743
38	807	19.3	2.5364694390102
38	808	19.4	0.973
38	809	19.5	2.7260921181786
38	810	19.6	1.56041014621
38	811	19.7	2.2548926915679
38	812	19.8	1.9621830289527
38	813	19.9	0.973
38	814	20	2.4988806480836
38	815	20.1	0.973
38	816	20.2	2.6986269132607
38	817	20.3	1.3583772710876
38	818	20.4	1.4459538346495
38	819	20.5	1.7680169015615
38	820	20.6	2.4553770774338
38	821	20.7	2.081998347185
38	822	20.8	1.3422015595173
38	823	20.9	2.1691604522469
38	824	21	1.5604109844701
38	825	21.1	2.6948923823152
38	826	21.2	1.9355087324366
38	827	21.3	0.973
38	828	21.4	2.4929339962069
38	829	21.5	1.7103186980839
38	830	21.6	1.9307515495688
38	831	21.7	2.1654100258627
38	832	21.8	2.5414657677696
38	833	21.9	1.4339932399056
38	834	22	1.3337234732068
38	835	22.1	2.0681675681602
38	836	22.2	1.7999608916769
38	837	22.3	2.5518349361125
38	838	22.4	0.973
38	839	22.5	2.9394537443723
38	840	22.6	1.9369668610518
38	841	22.7	1.4184814051664
38	842	22.8	2.5138533031577
38	843	22.9	1.5917506525121
38	844	23	1.8499265942411
38	845	23.1	1.6686133815382
38	846	23.2	2.4424459664733
38	847	23.3	0.973
38	848	23.4	1.6403267115292
38	849	23.5	3.2439420486162
38	850	23.6	0.973
38	851	23.7	1.7217861841776
38	852	23.8	2.1608921538101
38	853	23.9	2.6507787664459
38	854	24	1.9659040230822
38	855	24.1	0.973
38	856	24.2	1.7433669604094
38	857	24.3	2.9126817317337
38	858	24.4	1.4211266616648
38	859	24.5	1.5662555728038
38	860	24.6	1.2906676897206
38	861	24.7	2.7467347288638
38	862	24.8	2.1433167109275
38	863	24.9	0.973
38	864	25	2.2933982651384
38	865	25.1	2.3477679879287
38	866	25.2	0.973
38	867	25.3	2.6346544604947
38	868	25.4	2.2160542692732
38	869	25.5	1.3722737981677
38	870	25.6	1.3942225245105
38	871	25.7	2.8153175784024
38	872	25.8	1.6659683444817
38	873	25.9	2.2941256960601
38	874	26	0.973
38	875	26.1	1.9907870229754
38	876	26.2	2.1116769742301
38	877	26.3	2.2678897686133
38	878	26.4	1.7239761708418
38	879	26.5	1.2245167050736
38	880	26.6	2.9312270649253
38	881	26.7	1.3858308062984
38	882	26.8	2.5353950001211
38	883	26.9	1.7580900808161
38	884	27	1.7391505654937
38	885	27.1	0.973
38	886	27.2	1.9617456667442
38	887	27.3	1.9982179762628
38	888	27.4	1.7953908175127
38	889	27.5	2.8972991825477
38	890	27.6	0.973
38	891	27.7	2.0563982260432
38	892	27.8	2.7753977431457
38	893	27.9	2.1791175029561
38	894	28	0.973
38	895	28.1	2.6258399241164
38	896	28.2	1.2270596793364
38	897	28.3	2.5330347310107
38	898	28.4	2.05070200111
38	899	28.5	0.973
38	900	28.6	2.1806707349392
38	901	28.7	1.9495570935198
38	902	28.8	2.3095172077819
38	903	28.9	2.0632493969764
38	904	29	1.9368039357528
38	905	29.1	1.8112198563026
38	906	29.2	1.5416479862799
38	907	29.3	0.973
38	908	29.4	3.3409903743136
38	909	29.5	0.973
38	910	29.6	1.4989080473252
38	911	29.7	2.6643633719268
38	912	29.8	1.6509674692611
38	913	29.9	2.6108105319268
38	914	30	0.973
38	915	30.1	2.363025097716
38	916	30.2	1.4443020616984
38	917	30.3	2.6603916012521
38	918	30.4	0.973
38	919	30.5	2.6570646799254
38	920	30.6	1.3456967850926
38	921	30.7	1.8915136305804
38	922	30.8	1.9131514455634
38	923	30.9	1.7108119709514
38	924	31	2.271970159471
38	925	31.1	1.8603827436907
38	926	31.2	1.4509039524184
38	927	31.3	2.721154412989
38	928	31.4	2.0464779424102
38	929	31.5	1.5295963251042
38	930	31.6	0.973
38	931	31.7	3.0327238788797
38	932	31.8	0.973
38	933	31.9	3.1873041145955
38	934	32	1.7083525344601
38	935	32.1	1.4236572261367
38	936	32.2	1.6251571501031
38	937	32.3	1.3473933197264
38	938	32.4	2.6255865343297
38	939	32.5	1.2835807672477
38	940	32.6	2.3130074417443
38	941	32.7	2.5308891478488
38	942	32.8	0.973
38	943	32.9	2.7717165672738
38	944	33	0.973
38	945	33.1	2.1520063782898
37	8	0.7	2.3661065631825
37	9	0.8	2.4396582055464
37	10	0.9	2.2482078163791
37	11	1	2.4796267374139
37	12	1.1	2.4720244336501
37	13	1.2	2.4557392294425
37	14	1.3	2.5853746730089
37	15	1.4	2.1750378974806
37	16	1.5	2.2380364661664
37	17	1.6	2.5420997499023
37	19	1.7	2.3312754891906
37	20	1.8	2.2742526403815
37	21	1.9	2.28547509633
37	22	2	2.4560702970158
37	24	2.1	2.4532172458339
37	65	2.2	2.2452691691555
37	105	2.3	2.1482655507699
37	145	2.4	2.2469351925887
37	185	2.5	2.082662982652
37	186	2.6	2.185706942575
37	187	2.7	2.1939466527849
37	189	2.8	2.5761828762293
37	190	2.9	2.5005302457046
37	191	3	2.1254488996044
37	192	3.1	2.0965982923564
37	193	3.2	2.4888156883977
37	194	3.3	2.1339551266748
37	195	3.4	2.4421086035576
37	196	3.5	2.2293187102023
37	197	3.6	2.0856869150046
37	198	3.7	2.3987849665526
37	199	3.8	2.503341621263
37	200	3.9	2.0803643648978
37	201	4	2.0858630824182
37	202	4.1	1.6352389296743
37	203	4.2	-0.37649258139544
37	204	4.3	0.21149062151089
37	206	4.4	0.062912434721376
37	207	4.5	-0.25571854939685
37	208	4.6	0.29444926081226
37	209	4.7	-0.20302512594499
37	210	4.8	0.011724214730791
37	211	4.9	-0.17376572972164
37	212	5	0.23696234896779
37	213	5.1	-0.19228191629983
37	214	5.2	0.36095857478678
37	215	5.3	-0.30676514149643
37	217	5.4	0.16722540710122
37	218	5.5	-0.045894714919843
37	219	5.6	0.2160327592399
37	220	5.7	-0.39205854857341
37	221	5.8	-0.0013165819831151
37	222	5.9	0.25057317353784
37	223	6	-0.30631419345736
37	224	6.1	-0.055339978700495
37	225	6.2	0.23272643678821
37	226	6.3	0.069392488459119
37	227	6.4	0.16418192792685
37	228	6.5	-0.19320470261388
37	229	6.6	-0.19155288854614
37	230	6.7	0.31973278461024
37	231	6.8	-0.15346278241834
37	232	6.9	-0.04224154557102
37	233	7	-0.15381791957655
37	235	7.1	0.42508508509025
37	274	7.2	-0.057147467304013
37	275	7.3	-0.38498224739916
37	276	7.4	0.26594821523874
37	277	7.5	-0.30262499818578
37	278	7.6	0.079457295611505
37	279	7.7	0.35170241192914
37	280	7.8	-0.42790109637194
37	281	7.9	0.28020927842707
37	282	8	-0.093270471217117
37	283	8.1	0.29937571609393
37	284	8.2	-0.4297687749192
37	285	8.3	-0.014648444829515
37	286	8.4	0.33759119366296
37	287	8.5	0.087573560876759
37	288	8.6	-0.29253522805869
37	289	8.7	-0.1728112760745
37	290	8.8	0.35095459102653
37	291	8.9	-0.27180386408231
37	292	9	0.30045072118751
37	293	9.1	-0.35601052281447
37	294	9.2	0.19966568994336
37	295	9.3	0.17379070674069
37	296	9.4	0.047865970749399
37	297	9.5	-0.0099822399672078
37	298	9.6	-0.10615240799263
37	299	9.7	0.023199326014147
37	300	9.8	-0.17331826201641
37	301	9.9	0.31169929223136
37	302	10	-0.4155770656094
37	303	10.1	0.10720305607654
37	304	10.2	0.14040223681368
37	305	10.3	-0.097181544853378
37	306	10.4	0.15956913055852
37	307	10.5	-9.1725187374436e-05
37	308	10.6	-0.29455252996646
37	309	10.7	0.32598738787696
37	310	10.8	-0.22285969993099
37	311	10.9	-0.048735532267017
37	312	11	0.10597854760475
37	313	11.1	-0.12415897265075
37	314	11.2	-0.1043399571348
37	315	11.3	0.3086207708437
37	316	11.4	-0.16305227943697
37	317	11.5	0.063473595632253
37	319	11.6	-0.0768571879156
37	358	11.7	0.10714444624259
37	359	11.8	0.083794642947623
37	360	11.9	-0.05660101663322
37	361	12	0.15618958148174
37	362	12.1	-0.014092169776561
37	363	12.2	-0.0039912640582784
37	364	12.3	-0.089145249174898
37	365	12.4	-0.22867549310439
37	366	12.5	0.084540614718573
37	368	12.6	0.04733610778116
37	445	12.7	0.021729499045762
37	485	12.8	0.0047379382885993
37	704	12.9	-0.063987584253784
37	705	13	-0.087362917261196
37	706	13.1	-0.058147674398494
37	707	13.2	-0.045043050013476
37	708	13.3	-0.0088274530693866
37	709	13.4	0.43219354224391
37	710	13.5	0.019203091952953
37	711	13.6	-0.44157043367624
37	712	13.7	0.32314273412339
37	713	13.8	0.11038256223314
37	714	13.9	-0.14134867089801
37	715	14	-0.31354278411717
37	716	14.1	0.20559289859609
37	717	14.2	0.080481236679475
37	718	14.3	-0.10761952198111
37	719	14.4	0.26256964163855
37	720	14.5	-0.29317962519825
37	721	14.6	0.017246928950776
37	722	14.7	-0.13180130812339
37	723	14.8	0.34366358790546
37	724	14.9	-0.37516028960235
37	725	15	0.21494008757175
37	726	15.1	-0.041967737516391
37	727	15.2	0.28109856462105
37	728	15.3	-0.32740997088142
37	729	15.4	-0.0605094603449
37	730	15.5	0.41618648651987
37	731	15.6	0.02920776146464
37	732	15.7	-0.096676921024912
37	733	15.8	-0.17966365119443
37	734	15.9	0.24533353942447
37	735	16	-0.20428466936574
37	736	16.1	0.045462337499487
37	737	16.2	-0.046710058487953
37	738	16.3	0.22133475242184
37	739	16.4	-0.34942222071813
37	740	16.5	0.12908326486126
37	741	16.6	0.21602501039393
37	742	16.7	-0.10462634407915
37	743	16.8	0.010544472606853
37	744	16.9	0.052305242978026
37	745	17	-0.030841575404619
37	746	17.1	0.058220679927619
37	747	17.2	0.025392436115066
37	748	17.3	-0.33552744044922
37	749	17.4	0.10478093029931
37	750	17.5	0.13993351178243
37	751	17.6	-0.27602551786229
37	752	17.7	-0.10470149802975
37	753	17.8	0.2631612650957
37	754	17.9	0.16381479399278
37	755	18	-0.19773101224564
37	756	18.1	-0.26186389480719
37	757	18.2	0.35592703887263
37	758	18.3	-0.12740430743435
37	759	18.4	-0.063406173335387
37	760	18.5	0.20281683366747
37	762	18.6	-0.072119424818098
37	801	18.7	0.17828144604341
37	802	18.8	-0.45758069090544
37	803	18.9	0.26664713034405
37	804	19	-0.24448895734734
37	805	19.1	0.22975294663571
37	806	19.2	-0.0041943191271265
37	807	19.3	0.22482302506454
37	808	19.4	-0.3490006555058
37	809	19.5	0.28930338165722
37	810	19.6	-0.10506225462072
37	811	19.7	0.12969659518451
37	812	19.8	0.030530824428432
37	813	19.9	-0.29648012677207
37	814	20	0.21252749499864
37	815	20.1	-0.33149848560802
37	816	20.2	0.28043170912191
37	817	20.3	-0.17327030130662
37	818	20.4	-0.14329545239917
37	819	20.5	-0.033826563637707
37	820	20.6	0.19874270422385
37	821	20.7	0.071850180812163
37	822	20.8	-0.1786225805059
37	823	20.9	0.10169183908962
37	824	21	-0.10454583124258
37	825	21.1	0.27907201463355
37	826	21.2	0.021812516134236
37	827	21.3	-0.38234729483724
37	828	21.4	0.21138333410025
37	829	21.5	-0.053856968451296
37	830	21.6	0.020856457073251
37	831	21.7	0.10006283957511
37	832	21.8	0.22640322459862
37	833	21.9	-0.14796457945369
37	834	22	-0.18164212654344
37	835	22.1	0.067235710714009
37	836	22.2	-0.023621249357237
37	837	22.3	0.23018541764467
37	838	22.4	-0.4212635729648
37	839	22.5	0.36172674691304
37	840	22.6	0.022211575647813
37	841	22.7	-0.15304228348658
37	842	22.8	0.21720183456317
37	843	22.9	-0.094588876785711
37	844	23	-0.0071429377142351
37	845	23.1	-0.06837373048068
37	846	23.2	0.19293485264294
37	847	23.3	-0.41699812274425
37	848	23.4	-0.077232478465898
37	849	23.5	0.46428545221687
37	850	23.6	-0.3916526282765
37	851	23.7	-0.049623926524074
37	852	23.8	0.099116392293954
37	853	23.9	0.2639754042402
37	854	24	0.031972185205653
37	855	24.1	-0.28233939189462
37	856	24.2	-0.042484386572621
37	857	24.3	0.35230351907201
37	858	24.4	-0.1522160790395
37	859	24.5	-0.10281202447601
37	860	24.6	-0.19599284325725
37	861	24.7	0.29698286296799
37	862	24.8	0.092158705294132
37	863	24.9	-0.31577789491974
37	864	25	0.14370211329311
37	865	25.1	0.16143337938004
37	866	25.2	-0.3671479323879
37	867	25.3	0.25913999735378
37	868	25.4	0.11679543569684
37	869	25.5	-0.16863668440841
37	870	25.6	-0.16091661724262
37	871	25.7	0.31976751603187
37	872	25.8	-0.069273580927405
37	873	25.9	0.14296219996176
37	874	26	-0.36191018094309
37	875	26.1	0.041384323947131
37	876	26.2	0.082099784296013
37	877	26.3	0.1345131092798
37	878	26.4	-0.049591042781252
37	879	26.5	-0.21856256978586
37	880	26.6	0.35865890346466
37	881	26.7	-0.16413343861698
37	882	26.8	0.22438761539757
37	883	26.9	-0.03847326441667
37	884	27	-0.044762775143621
37	885	27.1	-0.36763066289947
37	886	27.2	0.031700990730901
37	887	27.3	0.043932546749712
37	888	27.4	-0.02482488793321
37	889	27.5	0.34713225415908
37	890	27.6	-0.44553427336737
37	891	27.7	0.063887135107059
37	892	27.8	0.30629209492357
37	893	27.9	0.10395192315801
37	894	28	-0.31626911971719
37	895	28.1	0.25542198684066
37	896	28.2	-0.21784561217762
37	897	28.3	0.22397389794699
37	898	28.4	0.060479378812026
37	899	28.5	-0.45053717928008
37	900	28.6	0.10579995475711
37	901	28.7	0.02729170777835
37	902	28.8	0.14876850496977
37	903	28.9	0.06509486555121
37	904	29	0.022203550636775
37	905	29.1	-0.020258487993843
37	906	29.2	-0.11130794868805
37	907	29.3	-0.2697066140175
37	908	29.4	0.49695451319218
37	909	29.5	-0.3382290927507
37	910	29.6	-0.12531792527064
37	911	29.7	0.26905845069326
37	912	29.8	-0.074153859009964
37	913	29.9	0.25001733579673
37	914	30	-0.36448890842497
37	915	30.1	0.16704395695589
37	916	30.2	-0.14405504355208
37	917	30.3	0.26718194006943
37	918	30.4	-0.32642789140343
37	919	30.5	0.26636876465753
37	920	30.6	-0.17756011289546
37	921	30.7	0.0075741921924077
37	922	30.8	0.014866898916672
37	923	30.9	-0.053620636882261
37	924	31	0.1362234748248
37	925	31.1	-0.0032699414435733
37	926	31.2	-0.14179524012842
37	927	31.3	0.28770036006346
37	928	31.4	0.059083611788235
37	929	31.5	-0.11557729851454
37	930	31.6	-0.3118044343684
37	931	31.7	0.39302615910769
37	932	31.8	-0.42157083380035
37	933	31.9	0.44519035025498
37	934	32	-0.055161159932613
37	935	32.1	-0.15127545628696
37	936	32.2	-0.082774709118532
37	937	32.3	-0.17671337719076
37	938	32.4	0.25617444576696
37	939	32.5	-0.19847255072557
37	940	32.6	0.15041801540182
37	941	32.7	0.22322003180161
37	942	32.8	-0.37984488686547
37	943	32.9	0.30515495837667
37	944	33	-0.25178551875987
37	945	33.1	0.095846921941263
36	7	0.6	4.2361811427576
36	8	0.7	4.4727917990759
36	9	0.8	4.7167576196305
36	10	0.9	4.9415784012685
36	11	1	5.1895410750099
36	12	1.1	5.4367435183749
36	13	1.2	5.6823174413191
36	14	1.3	5.94085490862
36	15	1.4	6.1583586983681
36	16	1.5	6.3821623449847
36	17	1.6	6.6363723199749
36	19	1.7	6.869499868894
36	20	1.8	7.0969251329321
36	21	1.9	7.3254726425651
36	22	2	7.5710796722667
36	24	2.1	7.8164013968501
36	65	2.2	8.0409283137657
36	105	2.3	8.2557548688427
36	145	2.4	8.4804483881015
36	185	2.5	8.6887146863667
36	186	2.6	8.9072853806242
36	187	2.7	9.1266800459027
36	189	2.8	9.3842983335257
36	190	2.9	9.6343513580961
36	191	3	9.8468962480565
36	192	3.1	10.056556077292
36	193	3.2	10.305437646132
36	194	3.3	10.518833158799
36	195	3.4	10.763044019155
36	196	3.5	10.985975890175
36	197	3.6	11.194544581676
36	198	3.7	11.434423078331
36	199	3.8	11.684757240457
36	200	3.9	11.892793676947
36	201	4	12.101379985189
36	202	4.1	12.264903878156
36	203	4.2	12.227254620017
36	204	4.3	12.248403682168
36	206	4.4	12.25469492564
36	207	4.5	12.2291230707
36	208	4.6	12.258567996782
36	209	4.7	12.238265484187
36	210	4.8	12.23943790566
36	211	4.9	12.222061332688
36	212	5	12.245757567585
36	213	5.1	12.226529375955
36	214	5.2	12.262625233434
36	215	5.3	12.231948719284
36	217	5.4	12.248671259994
36	218	5.5	12.244081788502
36	219	5.6	12.265685064426
36	220	5.7	12.226479209569
36	221	5.8	12.22634755137
36	222	5.9	12.251404868724
36	223	6	12.220773449378
36	224	6.1	12.215239451508
36	225	6.2	12.238512095187
36	226	6.3	12.245451344033
36	227	6.4	12.261869536826
36	228	6.5	12.242549066564
36	229	6.6	12.22339377771
36	230	6.7	12.255367056171
36	231	6.8	12.240020777929
36	232	6.9	12.235796623372
36	233	7	12.220414831414
36	235	7.1	12.262923339923
36	274	7.2	12.257208593193
36	275	7.3	12.218710368453
36	276	7.4	12.245305189977
36	277	7.5	12.215042690158
36	278	7.6	12.222988419719
36	279	7.7	12.258158660912
36	280	7.8	12.215368551275
36	281	7.9	12.243389479118
36	282	8	12.234062431996
36	283	8.1	12.264000003606
36	284	8.2	12.221023126114
36	285	8.3	12.219558281631
36	286	8.4	12.253317400997
36	287	8.5	12.262074757085
36	288	8.6	12.232821234279
36	289	8.7	12.215540106671
36	290	8.8	12.250635565774
36	291	8.9	12.223455179366
36	292	9	12.253500251484
36	293	9.1	12.217899199203
36	294	9.2	12.237865768197
36	295	9.3	12.255244838871
36	296	9.4	12.260031435946
36	297	9.5	12.25903321195
36	298	9.6	12.24841797115
36	299	9.7	12.250737903752
36	300	9.8	12.23340607755
36	301	9.9	12.264576006773
36	302	10	12.223018300212
36	303	10.1	12.23373860582
36	304	10.2	12.247778829501
36	305	10.3	12.238060675016
36	306	10.4	12.254017588072
36	307	10.5	12.254008415553
36	308	10.6	12.224553162557
36	309	10.7	12.257151901344
36	310	10.8	12.234865931351
36	311	10.9	12.229992378124
36	312	11	12.240590232885
36	313	11.1	12.22817433562
36	314	11.2	12.217740339906
36	315	11.3	12.248602416991
36	316	11.4	12.232297189047
36	317	11.5	12.23864454861
36	319	11.6	12.230958829819
36	358	11.7	12.241673274443
36	359	11.8	12.250052738738
36	360	11.9	12.244392637074
36	361	12	12.260011595223
36	362	12.1	12.258602378245
36	363	12.2	12.258203251839
36	364	12.3	12.249288726922
36	365	12.4	12.226421177611
36	366	12.5	12.234875239083
36	368	12.6	12.239608849861
36	445	12.7	12.241781799766
36	485	12.8	12.242255593595
36	704	12.9	12.235856835169
36	705	13	12.227120543443
36	706	13.1	12.221305776003
36	707	13.2	12.216801471002
36	708	13.3	12.215918725695
36	709	13.4	12.259138079919
36	710	13.5	12.261058389115
36	711	13.6	12.216901345747
36	712	13.7	12.249215619159
36	713	13.8	12.260253875383
36	714	13.9	12.246119008293
36	715	14	12.214764729881
36	716	14.1	12.235324019741
36	717	14.2	12.243372143409
36	718	14.3	12.232610191211
36	719	14.4	12.258867155374
36	720	14.5	12.229549192855
36	721	14.6	12.23127388575
36	722	14.7	12.218093754937
36	723	14.8	12.252460113728
36	724	14.9	12.214944084768
36	725	15	12.236438093525
36	726	15.1	12.232241319773
36	727	15.2	12.260351176235
36	728	15.3	12.227610179147
36	729	15.4	12.221559233113
36	730	15.5	12.263177881765
36	731	15.6	12.266098657911
36	732	15.7	12.256430965809
36	733	15.8	12.238464600689
36	734	15.9	12.262997954632
36	735	16	12.242569487695
36	736	16.1	12.247115721445
36	737	16.2	12.242444715596
36	738	16.3	12.264578190838
36	739	16.4	12.229635968767
36	740	16.5	12.242544295253
36	741	16.6	12.264146796292
36	742	16.7	12.253684161884
36	743	16.8	12.254738609145
36	744	16.9	12.259969133443
36	745	17	12.256884975902
36	746	17.1	12.262707043895
36	747	17.2	12.265246287506
36	748	17.3	12.231693543462
36	749	17.4	12.242171636491
36	750	17.5	12.25616498767
36	751	17.6	12.228562435883
36	752	17.7	12.218092286081
36	753	17.8	12.24440841259
36	754	17.9	12.260789891989
36	755	18	12.241016790765
36	756	18.1	12.214830401284
36	757	18.2	12.250423105171
36	758	18.3	12.237682674428
36	759	18.4	12.231342057094
36	760	18.5	12.251623740461
36	762	18.6	12.244411797979
36	801	18.7	12.262239942584
36	802	18.8	12.216481873493
36	803	18.9	12.243146586528
36	804	19	12.218697690793
36	805	19.1	12.241672985456
36	806	19.2	12.241253553544
36	807	19.3	12.26373585605
36	808	19.4	12.2288357905
36	809	19.5	12.257766128665
36	810	19.6	12.247259903203
36	811	19.7	12.260229562722
36	812	19.8	12.263282645164
36	813	19.9	12.233634632487
36	814	20	12.254887381987
36	815	20.1	12.221737533426
36	816	20.2	12.249780704338
36	817	20.3	12.232453674208
36	818	20.4	12.218124128968
36	819	20.5	12.214741472604
36	820	20.6	12.234615743027
36	821	20.7	12.241800761108
36	822	20.8	12.223938503057
36	823	20.9	12.234107686966
36	824	21	12.223653103842
36	825	21.1	12.251560305305
36	826	21.2	12.253741556919
36	827	21.3	12.215506827435
36	828	21.4	12.236645160845
36	829	21.5	12.231259464
36	830	21.6	12.233345109707
36	831	21.7	12.243351393665
36	832	21.8	12.265991716125
36	833	21.9	12.251195258179
36	834	22	12.233031045525
36	835	22.1	12.239754616596
36	836	22.2	12.23739249166
36	837	22.3	12.260411033425
36	838	22.4	12.218284676128
36	839	22.5	12.25445735082
36	840	22.6	12.256678508385
36	841	22.7	12.241374280036
36	842	22.8	12.263094463492
36	843	22.9	12.253635575814
36	844	23	12.252921282042
36	845	23.1	12.246083908994
36	846	23.2	12.265377394258
36	847	23.3	12.223677581984
36	848	23.4	12.215954334137
36	849	23.5	12.262382879359
36	850	23.6	12.223217616531
36	851	23.7	12.218255223879
36	852	23.8	12.228166863108
36	853	23.9	12.254564403532
36	854	24	12.257761622053
36	855	24.1	12.229527682864
36	856	24.2	12.225279244206
36	857	24.3	12.260509596114
36	858	24.4	12.24528798821
36	859	24.5	12.235006785762
36	860	24.6	12.215407501436
36	861	24.7	12.245105787733
36	862	24.8	12.254321658262
36	863	24.9	12.22274386877
36	864	25	12.2371140801
36	865	25.1	12.253257418038
36	866	25.2	12.216542624799
36	867	25.3	12.242456624534
36	868	25.4	12.254136168104
36	869	25.5	12.237272499663
36	870	25.6	12.221180837939
36	871	25.7	12.253157589542
36	872	25.8	12.246230231449
36	873	25.9	12.260526451446
36	874	26	12.224335433351
36	875	26.1	12.228473865746
36	876	26.2	12.236683844176
36	877	26.3	12.250135155104
36	878	26.4	12.245176050825
36	879	26.5	12.223319793847
36	880	26.6	12.259185684193
36	881	26.7	12.242772340332
36	882	26.8	12.265211101871
36	883	26.9	12.26136377543
36	884	27	12.256887497915
36	885	27.1	12.220124431625
36	886	27.2	12.223294530698
36	887	27.3	12.227687785373
36	888	27.4	12.22520529658
36	889	27.5	12.259918521996
36	890	27.6	12.215365094659
36	891	27.7	12.22175380817
36	892	27.8	12.252383017662
36	893	27.9	12.262778209978
36	894	28	12.231151298006
36	895	28.1	12.256693496691
36	896	28.2	12.234908935473
36	897	28.3	12.257306325267
36	898	28.4	12.263354263149
36	899	28.5	12.218300545221
36	900	28.6	12.228880540696
36	901	28.7	12.231609711474
36	902	28.8	12.246486561971
36	903	28.9	12.252996048526
36	904	29	12.25521640359
36	905	29.1	12.253190554791
36	906	29.2	12.242059759922
36	907	29.3	12.21508909852
36	908	29.4	12.264784549839
36	909	29.5	12.230961640564
36	910	29.6	12.218429848037
36	911	29.7	12.245335693106
36	912	29.8	12.237920307205
36	913	29.9	12.262922040785
36	914	30	12.226473149943
36	915	30.1	12.243177545638
36	916	30.2	12.228772041283
36	917	30.3	12.25549023529
36	918	30.4	12.22284744615
36	919	30.5	12.249484322615
36	920	30.6	12.231728311326
36	921	30.7	12.232485730545
36	922	30.8	12.233972420437
36	923	30.9	12.228610356748
36	924	31	12.242232704231
36	925	31.1	12.241905710087
36	926	31.2	12.227726186074
36	927	31.3	12.25649622208
36	928	31.4	12.262404583259
36	929	31.5	12.250846853407
36	930	31.6	12.219666409971
36	931	31.7	12.258969025881
36	932	31.8	12.216811942501
36	933	31.9	12.261330977527
36	934	32	12.255814861534
36	935	32.1	12.240687315905
36	936	32.2	12.232409844993
36	937	32.3	12.214738507274
36	938	32.4	12.240355951851
36	939	32.5	12.220508696778
36	940	32.6	12.235550498318
36	941	32.7	12.257872501498
36	942	32.8	12.219888012812
36	943	32.9	12.25040350865
36	944	33	12.225224956774
36	945	33.1	12.234809648968
26	6	0.5	421
26	7	0.6	420.57638188572
26	8	0.7	420.12910270582
26	9	0.8	419.65742694385
26	10	0.9	419.16326910373
26	11	1	418.64431499623
26	12	1.1	418.10064064439
26	13	1.2	417.53240890026
26	14	1.3	416.93832340939
26	15	1.4	416.32248753956
26	16	1.5	415.68427130506
26	17	1.6	415.02063407306
26	19	1.7	414.33368408617
26	20	1.8	413.62399157288
26	21	1.9	412.89144430862
26	22	2	412.1343363414
26	24	2.1	411.35269620171
26	65	2.2	410.54860337033
26	105	2.3	409.72302788345
26	145	2.4	408.87498304464
26	185	2.5	408.006111576
26	186	2.6	407.11538303794
26	187	2.7	406.20271503335
26	189	2.8	405.2642852
26	190	2.9	404.30085006419
26	191	3	403.31616043938
26	192	3.1	402.31050483165
26	193	3.2	401.27996106704
26	194	3.3	400.22807775116
26	195	3.4	399.15177334924
26	196	3.5	398.05317576023
26	197	3.6	396.93372130206
26	198	3.7	395.79027899423
26	199	3.8	394.62180327018
26	200	3.9	393.43252390249
26	201	4	392.22238590397
26	202	4.1	390.99589551615
26	203	4.2	389.77317005415
26	204	4.3	388.54832968593
26	206	4.4	387.32286019337
26	207	4.5	386.0999478863
26	208	4.6	384.87409108662
26	209	4.7	383.6502645382
26	210	4.8	382.42632074764
26	211	4.9	381.20411461437
26	212	5	379.97953885761
26	213	5.1	378.75688592001
26	214	5.2	377.53062339667
26	215	5.3	376.30742852474
26	217	5.4	375.08256139874
26	218	5.5	373.85815321989
26	219	5.6	372.63158471345
26	220	5.7	371.40893679249
26	221	5.8	370.18630203736
26	222	5.9	368.96116155048
26	223	6	367.73908420554
26	224	6.1	366.51756026039
26	225	6.2	365.29370905088
26	226	6.3	364.06916391647
26	227	6.4	362.84297696279
26	228	6.5	361.61872205613
26	229	6.6	360.39638267836
26	230	6.7	359.17084597275
26	231	6.8	357.94684389495
26	232	6.9	356.72326423261
26	233	7	355.50122274947
26	235	7.1	354.27493041548
26	274	7.2	353.04920955616
26	275	7.3	351.82733851932
26	276	7.4	350.60280800032
26	277	7.5	349.3813037313
26	278	7.6	348.15900488933
26	279	7.7	346.93318902324
26	280	7.8	345.71165216811
26	281	7.9	344.4873132202
26	282	8	343.263906977
26	283	8.1	342.03750697664
26	284	8.2	340.81540466403
26	285	8.3	339.59344883587
26	286	8.4	338.36811709577
26	287	8.5	337.14190962006
26	288	8.6	335.91862749663
26	289	8.7	334.69707348596
26	290	8.8	333.47200992939
26	291	8.9	332.24966441145
26	292	9	331.0243143863
26	293	9.1	329.80252446638
26	294	9.2	328.57873788956
26	295	9.3	327.35321340567
26	296	9.4	326.12721026208
26	297	9.5	324.90130694088
26	298	9.6	323.67646514377
26	299	9.7	322.45139135339
26	300	9.8	321.22805074564
26	301	9.9	320.00159314496
26	302	10	318.77929131494
26	303	10.1	317.55591745436
26	304	10.2	316.33113957141
26	305	10.3	315.10733350391
26	306	10.4	313.8819317451
26	307	10.5	312.65653090354
26	308	10.6	311.43407558729
26	309	10.7	310.20836039715
26	310	10.8	308.98487380402
26	311	10.9	307.76187456621
26	312	11	306.53781554292
26	313	11.1	305.31499810936
26	314	11.2	304.09322407536
26	315	11.3	302.86836383367
26	316	11.4	301.64513411476
26	317	11.5	300.4212696599
26	319	11.6	299.19817377692
26	358	11.7	297.97400644947
26	359	11.8	296.7490011756
26	360	11.9	295.52456191189
26	361	12	294.29856075237
26	362	12.1	293.07270051455
26	363	12.2	291.84688018936
26	364	12.3	290.62195131667
26	365	12.4	289.39930919891
26	366	12.5	288.175821675
26	368	12.6	286.95186079001
26	445	12.7	285.72768261004
26	485	12.8	284.50345705068
26	704	12.9	283.27987136716
26	705	13	282.05715931282
26	706	13.1	280.83502873522
26	707	13.2	279.61334858812
26	708	13.3	278.39175671555
26	709	13.4	277.16584290756
26	710	13.5	275.93973706864
26	711	13.6	274.71804693407
26	712	13.7	273.49312537215
26	713	13.8	272.26709998461
26	714	13.9	271.04248808379
26	715	14	269.8210116108
26	716	14.1	268.59747920882
26	717	14.2	267.37314199448
26	718	14.3	266.14988097536
26	719	14.4	264.92399425982
26	720	14.5	263.70103934054
26	721	14.6	262.47791195196
26	722	14.7	261.25610257647
26	723	14.8	260.0308565651
26	724	14.9	258.80936215662
26	725	15	257.58571834727
26	726	15.1	256.36249421529
26	727	15.2	255.13645909767
26	728	15.3	253.91369807975
26	729	15.4	252.69154215644
26	730	15.5	251.46522436826
26	731	15.6	250.23861450247
26	732	15.7	249.01297140589
26	733	15.8	247.78912494582
26	734	15.9	246.56282515036
26	735	16	245.33856820159
26	736	16.1	244.11385662945
26	737	16.2	242.88961215789
26	738	16.3	241.6631543388
26	739	16.4	240.44019074193
26	740	16.5	239.2159363124
26	741	16.6	237.98952163277
26	742	16.7	236.76415321658
26	743	16.8	235.53867935567
26	744	16.9	234.31268244232
26	745	17	233.08699394473
26	746	17.1	231.86072324035
26	747	17.2	230.63419861159
26	748	17.3	229.41102925725
26	749	17.4	228.1868120936
26	750	17.5	226.96119559483
26	751	17.6	225.73833935124
26	752	17.7	224.51653012264
26	753	17.8	223.29208928138
26	754	17.9	222.06601029218
26	755	18	220.8419086131
26	756	18.1	219.62042557297
26	757	18.2	218.39538326246
26	758	18.3	217.17161499501
26	759	18.4	215.9484807893
26	760	18.5	214.72331841526
26	762	18.6	213.49887723546
26	801	18.7	212.2726532412
26	802	18.8	211.05100505385
26	803	18.9	209.8266903952
26	804	19	208.60482062612
26	805	19.1	207.38065332757
26	806	19.2	206.15652797222
26	807	19.3	204.93015438661
26	808	19.4	203.70727080756
26	809	19.5	202.4814941947
26	810	19.6	201.25676820438
26	811	19.7	200.03074524811
26	812	19.8	198.80441698359
26	813	19.9	197.58105352034
26	814	20	196.35556478214
26	815	20.1	195.1333910288
26	816	20.2	193.90841295837
26	817	20.3	192.68516759094
26	818	20.4	191.46335517805
26	819	20.5	190.24188103079
26	820	20.6	189.01841945648
26	821	20.7	187.79423938037
26	822	20.8	186.57184553007
26	823	20.9	185.34843476137
26	824	21	184.12606945099
26	825	21.1	182.90091342046
26	826	21.2	181.67553926477
26	827	21.3	180.45398858202
26	828	21.4	179.23032406594
26	829	21.5	178.00719811954
26	830	21.6	176.78386360857
26	831	21.7	175.5595284692
26	832	21.8	174.33292929759
26	833	21.9	173.10780977177
26	834	22	171.88450666722
26	835	22.1	170.66053120556
26	836	22.2	169.43679195639
26	837	22.3	168.21075085305
26	838	22.4	166.98892238544
26	839	22.5	165.76347665035
26	840	22.6	164.53780879952
26	841	22.7	163.31367137151
26	842	22.8	162.08736192516
26	843	22.9	160.86199836758
26	844	23	159.63670623938
26	845	23.1	158.41209784848
26	846	23.2	157.18556010905
26	847	23.3	155.96319235085
26	848	23.4	154.74159691744
26	849	23.5	153.5153586295
26	850	23.6	152.29303686785
26	851	23.7	151.07121134546
26	852	23.8	149.84839465915
26	853	23.9	148.6229382188
26	854	24	147.39716205659
26	855	24.1	146.17420928831
26	856	24.2	144.95168136389
26	857	24.3	143.72563040428
26	858	24.4	142.50110160545
26	859	24.5	141.27760092688
26	860	24.6	140.05606017673
26	861	24.7	138.83154959796
26	862	24.8	137.60611743213
26	863	24.9	136.38384304526
26	864	25	135.16013163725
26	865	25.1	133.93480589544
26	866	25.2	132.71315163296
26	867	25.3	131.48890597051
26	868	25.4	130.2634923537
26	869	25.5	129.03976510373
26	870	25.6	127.81764701994
26	871	25.7	126.59233126099
26	872	25.8	125.36770823784
26	873	25.9	124.1416555927
26	874	26	122.91922204936
26	875	26.1	121.69637466279
26	876	26.2	120.47270627837
26	877	26.3	119.24769276286
26	878	26.4	118.02317515778
26	879	26.5	116.80084317839
26	880	26.6	115.57492460997
26	881	26.7	114.35064737594
26	882	26.8	113.12412626575
26	883	26.9	111.89798988821
26	884	27	110.67230113842
26	885	27.1	109.45028869525
26	886	27.2	108.22795924218
26	887	27.3	107.00519046365
26	888	27.4	105.78266993399
26	889	27.5	104.55667808179
26	890	27.6	103.33514157232
26	891	27.7	102.11296619151
26	892	27.8	100.88772788974
26	893	27.9	99.661450068743
26	894	28	98.438334938942
26	895	28.1	97.212665589273
26	896	28.2	95.989174695726
26	897	28.3	94.763444063199
26	898	28.4	93.537108636884
26	899	28.5	92.315278582362
26	900	28.6	91.092390528293
26	901	28.7	89.869229557145
26	902	28.8	88.644580900948
26	903	28.9	87.419281296096
26	904	29	86.193759655737
26	905	29.1	84.968440600258
26	906	29.2	83.744234624265
26	907	29.3	82.522725714413
26	908	29.4	81.296247259429
26	909	29.5	80.073151095373
26	910	29.6	78.851308110569
26	911	29.7	77.626774541259
26	912	29.8	76.402982510538
26	913	29.9	75.17669030646
26	914	30	73.954042991465
26	915	30.1	72.729725236901
26	916	30.2	71.506848032773
26	917	30.3	70.281299009244
26	918	30.4	69.059014264629
26	919	30.5	67.834065832368
26	920	30.6	66.610893001235
26	921	30.7	65.387644428181
26	922	30.8	64.164247186137
26	923	30.9	62.941386150462
26	924	31	61.717162880039
26	925	31.1	60.49297230903
26	926	31.2	59.270199690423
26	927	31.3	58.044550068215
26	928	31.4	56.818309609889
26	929	31.5	55.593224924548
26	930	31.6	54.371258283551
26	931	31.7	53.145361380963
26	932	31.8	51.923680186713
26	933	31.9	50.69754708896
26	934	32	49.471965602807
26	935	32.1	48.247896871216
26	936	32.2	47.024655886717
26	937	32.3	45.80318203599
26	938	32.4	44.579146440805
26	939	32.5	43.357095571127
26	940	32.6	42.133540521295
26	941	32.7	40.907753271145
26	942	32.8	39.685764469864
26	943	32.9	38.460724118999
26	944	33	37.238201623322
26	945	33.1	36.014720658425
25	6	0.5	229.8
25	7	0.6	229.8
25	8	0.7	229.8
25	9	0.8	229.8
25	10	0.9	229.8
25	11	1	229.8
25	12	1.1	229.8
25	13	1.2	229.8
25	14	1.3	229.8
25	15	1.4	229.8
25	16	1.5	229.8
25	17	1.6	229.8
25	19	1.7	229.8
25	20	1.8	229.8
25	21	1.9	229.8
25	22	2	229.8
25	24	2.1	229.8
25	65	2.2	229.8
25	105	2.3	229.8
25	145	2.4	229.8
25	185	2.5	229.8
25	186	2.6	229.8
25	187	2.7	229.8
25	189	2.8	229.8
25	190	2.9	229.8
25	191	3	229.8
25	192	3.1	229.8
25	193	3.2	229.8
25	194	3.3	229.8
25	195	3.4	229.8
25	196	3.5	229.8
25	197	3.6	229.8
25	198	3.7	229.8
25	199	3.8	229.8
25	200	3.9	229.8
25	201	4	229.8
25	202	4.1	229.8
25	203	4.2	229.8
25	204	4.3	229.8
25	206	4.4	229.8
25	207	4.5	229.8
25	208	4.6	229.8
25	209	4.7	229.8
25	210	4.8	229.8
25	211	4.9	229.8
25	212	5	229.8
25	213	5.1	229.8
25	214	5.2	229.8
25	215	5.3	229.8
25	217	5.4	229.8
25	218	5.5	229.8
25	219	5.6	229.8
25	220	5.7	229.8
25	221	5.8	229.8
25	222	5.9	229.8
25	223	6	229.8
25	224	6.1	229.8
25	225	6.2	229.8
25	226	6.3	229.8
25	227	6.4	229.8
25	228	6.5	229.8
25	229	6.6	229.8
25	230	6.7	229.8
25	231	6.8	229.8
25	232	6.9	229.8
25	233	7	229.8
25	235	7.1	229.8
25	274	7.2	229.8
25	275	7.3	229.8
25	276	7.4	229.8
25	277	7.5	229.8
25	278	7.6	229.8
25	279	7.7	229.8
25	280	7.8	229.8
25	281	7.9	229.8
25	282	8	229.8
25	283	8.1	229.8
25	284	8.2	229.8
25	285	8.3	229.8
25	286	8.4	229.8
25	287	8.5	229.8
25	288	8.6	229.8
25	289	8.7	229.8
25	290	8.8	229.8
25	291	8.9	229.8
25	292	9	229.8
25	293	9.1	229.8
25	294	9.2	229.8
25	295	9.3	229.8
25	296	9.4	229.8
25	297	9.5	229.8
25	298	9.6	229.8
25	299	9.7	229.8
25	300	9.8	229.8
25	301	9.9	229.8
25	302	10	229.8
25	303	10.1	229.8
25	304	10.2	229.8
25	305	10.3	229.8
25	306	10.4	229.8
25	307	10.5	229.8
25	308	10.6	229.8
25	309	10.7	229.8
25	310	10.8	229.8
25	311	10.9	229.8
25	312	11	229.8
25	313	11.1	229.8
25	314	11.2	229.8
25	315	11.3	229.8
25	316	11.4	229.8
25	317	11.5	229.8
25	319	11.6	229.8
25	358	11.7	229.8
25	359	11.8	229.8
25	360	11.9	229.8
25	361	12	229.8
25	362	12.1	229.8
25	363	12.2	229.8
25	364	12.3	229.8
25	365	12.4	229.8
25	366	12.5	229.8
25	368	12.6	229.8
25	445	12.7	229.8
25	485	12.8	229.8
25	704	12.9	229.8
25	705	13	229.8
25	706	13.1	229.8
25	707	13.2	229.8
25	708	13.3	229.8
25	709	13.4	229.8
25	710	13.5	229.8
25	711	13.6	229.8
25	712	13.7	229.8
25	713	13.8	229.8
25	714	13.9	229.8
25	715	14	229.8
25	716	14.1	229.8
25	717	14.2	229.8
25	718	14.3	229.8
25	719	14.4	229.8
25	720	14.5	229.8
25	721	14.6	229.8
25	722	14.7	229.8
25	723	14.8	229.8
25	724	14.9	229.8
25	725	15	229.8
25	726	15.1	229.8
25	727	15.2	229.8
25	728	15.3	229.8
25	729	15.4	229.8
25	730	15.5	229.8
25	731	15.6	229.8
25	732	15.7	229.8
25	733	15.8	229.8
25	734	15.9	229.8
25	735	16	229.8
25	736	16.1	229.8
25	737	16.2	229.8
25	738	16.3	229.8
25	739	16.4	229.8
25	740	16.5	229.8
25	741	16.6	229.8
25	742	16.7	229.8
25	743	16.8	229.8
25	744	16.9	229.8
25	745	17	229.8
25	746	17.1	229.8
25	747	17.2	229.8
25	748	17.3	229.8
25	749	17.4	229.8
25	750	17.5	229.8
25	751	17.6	229.8
25	752	17.7	229.8
25	753	17.8	229.8
25	754	17.9	229.8
25	755	18	229.8
25	756	18.1	229.8
25	757	18.2	229.8
25	758	18.3	229.8
25	759	18.4	229.8
25	760	18.5	229.8
25	762	18.6	229.8
25	801	18.7	229.8
25	802	18.8	229.8
25	803	18.9	229.8
25	804	19	229.8
25	805	19.1	229.8
25	806	19.2	229.8
25	807	19.3	229.8
25	808	19.4	229.8
25	809	19.5	229.8
25	810	19.6	229.8
25	811	19.7	229.8
25	812	19.8	229.8
25	813	19.9	229.8
25	814	20	229.8
25	815	20.1	229.8
25	816	20.2	229.8
25	817	20.3	229.8
25	818	20.4	229.8
25	819	20.5	229.8
25	820	20.6	229.8
25	821	20.7	229.8
25	822	20.8	229.8
25	823	20.9	229.8
25	824	21	229.8
25	825	21.1	229.8
25	826	21.2	229.8
25	827	21.3	229.8
25	828	21.4	229.8
25	829	21.5	229.8
25	830	21.6	229.8
25	831	21.7	229.8
25	832	21.8	229.8
25	833	21.9	229.8
25	834	22	229.8
25	835	22.1	229.8
25	836	22.2	229.8
25	837	22.3	229.8
25	838	22.4	229.8
25	839	22.5	229.8
25	840	22.6	229.8
25	841	22.7	229.8
25	842	22.8	229.8
25	843	22.9	229.8
25	844	23	229.8
25	845	23.1	229.8
25	846	23.2	229.8
25	847	23.3	229.8
25	848	23.4	229.8
25	849	23.5	229.8
25	850	23.6	229.8
25	851	23.7	229.8
25	852	23.8	229.8
25	853	23.9	229.8
25	854	24	229.8
25	855	24.1	229.8
25	856	24.2	229.8
25	857	24.3	229.8
25	858	24.4	229.8
25	859	24.5	229.8
25	860	24.6	229.8
25	861	24.7	229.8
25	862	24.8	229.8
25	863	24.9	229.8
25	864	25	229.8
25	865	25.1	229.8
25	866	25.2	229.8
25	867	25.3	229.8
25	868	25.4	229.8
25	869	25.5	229.8
25	870	25.6	229.8
25	871	25.7	229.8
25	872	25.8	229.8
25	873	25.9	229.8
25	874	26	229.8
25	875	26.1	229.8
25	876	26.2	229.8
25	877	26.3	229.8
25	878	26.4	229.8
25	879	26.5	229.8
25	880	26.6	229.8
25	881	26.7	229.8
25	882	26.8	229.8
25	883	26.9	229.8
25	884	27	229.8
25	885	27.1	229.8
25	886	27.2	229.8
25	887	27.3	229.8
25	888	27.4	229.8
25	889	27.5	229.8
25	890	27.6	229.8
25	891	27.7	229.8
25	892	27.8	229.8
25	893	27.9	229.8
25	894	28	229.8
25	895	28.1	229.8
25	896	28.2	229.8
25	897	28.3	229.8
25	898	28.4	229.8
25	899	28.5	229.8
25	900	28.6	229.8
25	901	28.7	229.8
25	902	28.8	229.8
25	903	28.9	229.8
25	904	29	229.8
25	905	29.1	229.8
25	906	29.2	229.8
25	907	29.3	229.8
25	908	29.4	229.8
25	909	29.5	229.8
25	910	29.6	229.8
25	911	29.7	229.8
25	912	29.8	229.8
25	913	29.9	229.8
25	914	30	229.8
25	915	30.1	229.8
25	916	30.2	229.8
25	917	30.3	229.8
25	918	30.4	229.8
25	919	30.5	229.8
25	920	30.6	229.8
25	921	30.7	229.8
25	922	30.8	229.8
25	923	30.9	229.8
25	924	31	229.8
25	925	31.1	229.8
25	926	31.2	229.8
25	927	31.3	229.8
25	928	31.4	229.8
25	929	31.5	229.8
25	930	31.6	229.8
25	931	31.7	229.8
25	932	31.8	229.8
25	933	31.9	229.8
25	934	32	229.8
25	935	32.1	229.8
25	936	32.2	229.8
25	937	32.3	229.8
25	938	32.4	229.8
25	939	32.5	229.8
25	940	32.6	229.8
25	941	32.7	229.8
25	942	32.8	229.8
25	943	32.9	229.8
25	944	33	229.8
25	945	33.1	229.8
28	6	0.5	3.6762522066766
28	7	0.6	3.7892786284199
28	8	0.7	4.3666704657125
28	9	0.8	4.2093672500917
28	10	0.9	4.4022122051557
28	11	1	4.5912111224062
28	12	1.1	4.73305350108
28	13	1.2	4.7522381956049
28	14	1.3	4.6496383360702
28	15	1.4	4.8635868657214
28	16	1.5	4.8783029348269
28	17	1.6	5.0207172938148
28	19	1.7	5.6110897922449
28	20	1.8	5.3689140483866
28	21	1.9	5.3779183894676
28	22	2	5.8202585579304
28	24	2.1	6.3519779783122
28	65	2.2	6.1497925783942
28	105	2.3	5.9971460105869
28	145	2.4	7.0414542062514
28	185	2.5	6.2817279001077
28	186	2.6	6.5685872416947
28	187	2.7	7.2203639215891
28	189	2.8	7.1459300473316
28	190	2.9	6.8387080628065
28	191	3	7.2823860342074
28	192	3.1	8.0205376397416
28	193	3.2	7.6889072330682
28	194	3.3	8.310535640427
28	195	3.4	7.793158590036
28	196	3.5	8.1107661924976
28	197	3.6	8.8419796439625
28	198	3.7	7.8416420376955
28	199	3.8	8.5670816046563
28	200	3.9	8.5452192204718
28	201	4	8.6588686026996
28	202	4.1	8.5620553192868
28	203	4.2	10.029544282514
28	204	4.3	8.8083045354422
28	206	4.4	9.6483485629392
28	207	4.5	9.7336930207679
28	208	4.6	9.0987718130078
28	209	4.7	1.8064002761942
28	210	4.8	3.2918554955982
28	211	4.9	1.157573117431
28	212	5	2.706498841979
28	213	5.1	2.3435257050826
28	214	5.2	1.6071779800729
28	215	5.3	2.0034635406374
28	217	5.4	2.3055616887767
28	218	5.5	0.973
28	219	5.6	2.9302505524697
28	220	5.7	0.973
28	221	5.8	2.1417632800525
28	222	5.9	2.6798668412613
28	223	6	2.2480714843655
28	224	6.1	1.999410690498
28	225	6.2	2.2452055190656
28	226	6.3	0.973
28	227	6.4	2.717360071655
28	228	6.5	1.4076255601002
28	229	6.6	2.0389760997512
28	230	6.7	3.5469858633482
28	231	6.8	0.973
28	232	6.9	3.0125992222466
28	233	7	0.973
28	235	7.1	3.6495351769087
28	274	7.2	0.973
28	275	7.3	2.3042612512391
28	276	7.4	2.8887109489876
28	277	7.5	2.0603070824119
28	278	7.6	1.8293100591496
28	279	7.7	2.1497553888609
28	280	7.8	0.973
28	281	7.9	2.915221808108
28	282	8	2.2531540199438
28	283	8.1	1.3589891755005
28	284	8.2	3.0710927468338
28	285	8.3	0.973
28	286	8.4	2.2254087375892
28	287	8.5	2.2234233027214
28	288	8.6	2.0180525280968
28	289	8.7	3.0850438927485
28	290	8.8	1.3881297433098
28	291	8.9	1.8741475090124
28	292	9	2.4760912276568
28	293	9.1	1.176611752676
28	294	9.2	1.8751393209377
28	295	9.3	2.3328315109444
28	296	9.4	1.5890029058492
28	297	9.5	2.9849854349689
28	298	9.6	1.8173065402922
28	299	9.7	1.578506576939
28	300	9.8	3.3610793232803
28	301	9.9	0.973
28	302	10	2.1472094324344
28	303	10.1	1.756302695965
28	304	10.2	1.6358454107914
28	305	10.3	2.5009954532038
28	306	10.4	2.4664003077364
28	307	10.5	2.0516158596901
28	308	10.6	1.1913145756763
28	309	10.7	1.8524621356461
28	310	10.8	2.4685215766463
28	311	10.9	2.6861927218776
28	312	11	2.4401161731478
28	313	11.1	1.9991016192947
28	314	11.2	1.3066837747177
28	315	11.3	2.5384387915309
28	316	11.4	0.973
28	317	11.5	2.6507989895756
28	319	11.6	2.7288143375887
28	358	11.7	1.6779270519982
28	359	11.8	2.571194060368
28	360	11.9	1.4136686267463
28	361	12	1.0819127604903
28	362	12.1	2.3352805716321
28	363	12.2	2.6646589558544
28	364	12.3	0.973
28	365	12.4	0.973
28	366	12.5	0.973
28	368	12.6	0.973
28	445	12.7	0.973
28	485	12.8	0.973
28	704	12.9	0.973
28	705	13	0.973
28	706	13.1	0.973
28	707	13.2	0.973
28	708	13.3	0.973
28	709	13.4	0.973
28	710	13.5	7.5751189769442
28	711	13.6	7.4140828265625
28	712	13.7	8.3634623789732
28	713	13.8	8.4635484925715
28	714	13.9	7.6693729355534
28	715	14	7.9250590092599
28	716	14.1	8.6867410678861
28	717	14.2	9.0695803948656
28	718	14.3	8.7705979014422
28	719	14.4	2.9938447599071
28	720	14.5	0.973
28	721	14.6	0.973
28	722	14.7	0.973
28	723	14.8	0.973
28	724	14.9	0.973
28	725	15	0.973
28	726	15.1	0.973
28	727	15.2	0.973
28	728	15.3	0.973
28	729	15.4	0.973
28	730	15.5	0.973
28	731	15.6	0.973
28	732	15.7	0.973
28	733	15.8	0.973
28	734	15.9	0.973
28	735	16	0.973
28	736	16.1	0.973
28	737	16.2	0.973
28	738	16.3	0.973
28	739	16.4	0.973
28	740	16.5	0.973
28	741	16.6	0.973
28	742	16.7	0.973
28	743	16.8	0.973
28	744	16.9	0.973
28	745	17	1.9278345399838
28	746	17.1	2.0010775488026
28	747	17.2	2.1791545405167
28	748	17.3	2.2362353750787
28	749	17.4	2.3816973999836
28	750	17.5	2.5289036620355
28	751	17.6	2.5729818172895
28	752	17.7	2.8882115159023
28	753	17.8	3.1905355040693
28	754	17.9	3.3023038641959
28	755	18	3.3910412473611
28	756	18.1	3.6027433183418
28	757	18.2	3.3573279688457
28	758	18.3	3.8916644114127
28	759	18.4	3.8789292063424
28	760	18.5	4.1446360136968
28	762	18.6	4.3015073489359
28	801	18.7	4.4261786176648
28	802	18.8	4.453719960447
28	803	18.9	4.5967369593294
28	804	19	4.9873913763575
28	805	19.1	4.7782607957232
28	806	19.2	4.808824319277
28	807	19.3	5.1706053215996
28	808	19.4	5.4869904219061
28	809	19.5	5.7311438595666
28	810	19.6	5.6151821126589
28	811	19.7	5.3404397507147
28	812	19.8	6.4306156236931
28	813	19.9	6.4576276474606
28	814	20	6.0664183819592
28	815	20.1	6.025899835375
28	816	20.2	6.607809284584
28	817	20.3	7.1415509182478
28	818	20.4	7.4033274899578
28	819	20.5	6.7091422988153
28	820	20.6	6.9894285534258
28	821	20.7	7.4734700425161
28	822	20.8	7.863539133047
28	823	20.9	7.7988504783024
28	824	21	8.0448469869852
28	825	21.1	7.7694650050024
28	826	21.2	8.4186448196742
28	827	21.3	8.3853750675059
28	828	21.4	8.1168709667404
28	829	21.5	8.6698634387894
28	830	21.6	9.0247843207003
28	831	21.7	8.8317967277548
28	832	21.8	8.3297900544528
28	833	21.9	8.795920397599
28	834	22	9.7737368476435
28	835	22.1	8.6708208959755
28	836	22.2	9.3636391848705
28	837	22.3	9.8170255508019
28	838	22.4	6.5727164879804
28	839	22.5	2.6700702868271
28	840	22.6	1.8424220642858
28	841	22.7	2.7563494859981
28	842	22.8	1.9200022878754
28	843	22.9	1.9514889481391
28	844	23	2.097020926313
28	845	23.1	0.973
28	846	23.2	2.4120913681643
28	847	23.3	1.6590792433231
28	848	23.4	2.9701680782055
28	849	23.5	1.1867414643191
28	850	23.6	2.6673233165153
28	851	23.7	1.7908983091858
28	852	23.8	3.0810944670442
28	853	23.9	1.7258632782125
28	854	24	1.5726832618002
28	855	24.1	1.7418263420053
28	856	24.2	3.1172099639124
28	857	24.3	1.8036143555626
28	858	24.4	0.973
28	859	24.5	2.6202233062301
28	860	24.6	2.5800590846184
28	861	24.7	0.973
28	862	24.8	3.0333963558276
28	863	24.9	2.0889799769243
28	864	25	0.973
28	865	25.1	2.3531985639979
28	866	25.2	1.7888525583382
28	867	25.3	1.9143012768203
28	868	25.4	2.8527401526406
28	869	25.5	2.4407781290134
28	870	25.6	0.973
28	871	25.7	2.5041378768135
28	872	25.8	2.3753804827019
28	873	25.9	2.3792908417003
28	874	26	0.973
28	875	26.1	3.3058840095767
28	876	26.2	1.9295167486108
28	877	26.3	2.2438343207714
28	878	26.4	1.3649319468799
28	879	26.5	2.5153104679849
28	880	26.6	1.2334925146731
28	881	26.7	2.3781088485512
28	882	26.8	2.4423784814047
28	883	26.9	0.973
28	884	27	1.6974803897927
28	885	27.1	2.0069810288568
28	886	27.2	3.5909721597251
28	887	27.3	0.973
28	888	27.4	2.2710047793261
28	889	27.5	2.5217336767409
28	890	27.6	2.2174125628501
28	891	27.7	1.593541135308
28	892	27.8	2.0322161586675
28	893	27.9	2.8150243485556
28	894	28	1.4183394938736
28	895	28.1	1.4980309339676
28	896	28.2	2.5788278510855
28	897	28.3	2.5845595287575
28	898	28.4	0.973
28	899	28.5	2.185807185369
28	900	28.6	3.1559704970534
28	901	28.7	1.1680466561734
28	902	28.8	1.8869890497906
28	903	28.9	1.9733646454979
28	904	29	2.3845997312541
28	905	29.1	1.8774545038752
28	906	29.2	1.9729038808831
28	907	29.3	2.0969652526938
28	908	29.4	3.1355807529713
28	909	29.5	0.973
28	910	29.6	3.5067341827369
28	911	29.7	0.973
28	912	29.8	3.2277506607011
28	913	29.9	2.1944489329829
28	914	30	0.973
28	915	30.1	2.6598303391256
28	916	30.2	1.1462204592703
28	917	30.3	2.8399255328672
28	918	30.4	1.8220632302722
28	919	30.5	2.8974671914026
28	920	30.6	2.0244312094038
28	921	30.7	1.9515271169926
28	922	30.8	2.2040971060683
28	923	30.9	0.973
28	924	31	2.5923100896067
28	925	31.1	2.6965612050437
28	926	31.2	0.973
28	927	31.3	1.9350873072351
28	928	31.4	2.0289933442633
28	929	31.5	3.2956304440528
28	930	31.6	0.973
28	931	31.7	3.5036301525414
28	932	31.8	1.209189926501
28	933	31.9	2.5204123868135
28	934	32	1.3955101956942
28	935	32.1	2.67264675706
28	936	32.2	1.8967974911446
28	937	32.3	1.9549371846403
28	938	32.4	2.3136529031972
28	939	32.5	1.8968553001248
28	940	32.6	1.6451809070961
28	941	32.7	1.9923100545727
28	942	32.8	1.4709396298844
28	943	32.9	3.4034342033741
28	944	33	0.973
28	945	33.1	2.0060595765074
28	946	33.2	3.395843511938
28	947	33.3	1.5796747353325
28	948	33.4	1.3476023320203
28	949	33.5	1.5836633773078
28	950	33.6	2.0813738441522
28	951	33.7	1.9812396874309
28	952	33.8	3.2674034549698
27	6	0.5	2.1850925109815
27	7	0.6	2.1733910214528
27	8	0.7	2.5365340720955
27	9	0.8	2.2869589568675
27	10	0.9	2.3267324149702
27	11	1	2.3587676261086
27	12	1.1	2.3548482119478
27	13	1.2	2.2709893212095
27	14	1.3	2.1186547828466
27	15	1.4	2.1759384838026
27	16	1.5	2.1088902866375
27	17	1.6	2.1218157262541
27	19	1.7	2.3842879873142
27	20	1.8	2.1705777776334
27	21	1.9	2.1079447361361
27	22	2	2.2734160530474
27	24	2.1	2.4688197066356
27	65	2.2	2.2919775309414
27	105	2.3	2.1525900193211
27	145	2.4	2.5748047346156
27	185	2.5	2.1555047578644
27	186	2.6	2.2254887097236
27	187	2.7	2.4460938101448
27	189	2.8	2.3475886341371
27	190	2.9	2.1609767411277
27	191	3	2.2867046032566
27	192	3.1	2.5182841764577
27	193	3.2	2.3264268323127
27	194	3.3	2.5024494355172
27	195	3.4	2.2513675593585
27	196	3.5	2.3146504280716
27	197	3.6	2.5186585305165
27	198	3.7	2.115101954164
27	199	3.8	2.3176643055212
27	200	3.9	2.2606702412013
27	201	4	2.250899286652
27	202	4.1	2.1741484821029
27	203	4.2	2.5929494599067
27	204	4.3	2.1591207145434
27	206	4.4	2.3737626232486
27	207	4.5	2.3517223802488
27	208	4.6	2.1191794663855
27	209	4.7	-0.064962235121069
27	210	4.8	0.37800795114599
27	211	4.9	-0.25953679209573
27	212	5	0.20332251300102
27	213	5.1	0.094449809081869
27	214	5.2	-0.12528555632569
27	215	5.3	-0.0067579428851694
27	217	5.4	0.083284441819416
27	218	5.5	-0.30652478137984
27	219	5.6	0.27017303178086
27	220	5.7	-0.30547594150528
27	221	5.8	0.035336402701223
27	222	5.9	0.19564984150231
27	223	6	0.066258442271501
27	224	6.1	-0.0080613093823168
27	225	6.2	0.065201100362451
27	226	6.3	-0.43187850907444
27	227	6.4	0.20732319367118
27	228	6.5	-0.18441526153126
27	229	6.6	0.0048087729979329
27	230	6.7	0.45392893034965
27	231	6.8	-0.44472095618024
27	232	6.9	0.29505518940278
27	233	7	-0.33617651108653
27	235	7.1	0.48457346469164
27	274	7.2	-0.49931222688407
27	275	7.3	0.08418479907327
27	276	7.4	0.25804660482333
27	277	7.5	0.010249444758514
27	278	7.6	-0.05868035567925
27	279	7.7	0.037071760157126
27	280	7.8	-0.31746042735874
27	281	7.9	0.26628564272075
27	282	8	0.06794038230554
27	283	8.1	-0.19916401131079
27	284	8.2	0.31196959549561
27	285	8.3	-0.44710237381979
27	286	8.4	0.060592674175268
27	287	8.5	0.059790210602806
27	288	8.6	-0.001720873862503
27	289	8.7	0.31620369982905
27	290	8.8	-0.19061773497612
27	291	8.9	-0.045044952174642
27	292	9	0.1346174310334
27	293	9.1	-0.25372074333951
27	294	9.2	-0.044304138794526
27	295	9.3	0.092532648919139
27	296	9.4	-0.12998655544594
27	297	9.5	0.28706317530014
27	298	9.6	-0.062123648282135
27	299	9.7	-0.13332352994011
27	300	9.8	0.39838349051774
27	301	9.9	-0.28692867297679
27	302	10	0.036572805522006
27	303	10.1	-0.080221953261645
27	304	10.2	-0.11603852556087
27	305	10.3	0.14267308369279
27	306	10.4	0.13178941958584
27	307	10.5	0.0076973918452872
27	308	10.6	-0.24930857645348
27	309	10.7	-0.051068167602644
27	310	10.8	0.13306167798117
27	311	10.9	0.19736420895905
27	312	11	0.12329474423082
27	313	11.1	-0.0084411918278882
27	314	11.2	-0.21500625931658
27	315	11.3	0.15296213519759
27	316	11.4	-0.39246792402118
27	317	11.5	0.18744809303433
27	319	11.6	0.20984718719497
27	358	11.7	-0.10403489399701
27	359	11.8	0.16248695619405
27	360	11.9	-0.18304812971502
27	361	12	-0.28201972481796
27	362	12.1	0.09337752689607
27	363	12.2	0.19120921108872
27	364	12.3	-2.2144282546876
27	365	12.4	-3.2161658146466
27	366	12.5	-3.3437984662498
27	368	12.6	-3.6834365244124
27	445	12.7	-3.4831956659492
27	485	12.8	-3.1243469991516
27	704	12.9	-3.2264064746838
27	705	13	-3.5301646000348
27	706	13.1	-3.5168410674235
27	707	13.2	-3.0206889584864
27	708	13.3	-3.1784822107048
27	709	13.4	-3.4709492933609
27	710	13.5	2.3880027471669
27	711	13.6	2.2651157304738
27	712	13.7	2.5712096587289
27	713	13.8	2.5416712179687
27	714	13.9	2.1899618635327
27	715	14	2.2333842412382
27	716	14.1	2.4506013022922
27	717	14.2	2.5245759968739
27	718	14.3	2.3658176955953
27	719	14.4	0.38596626478359
27	720	14.5	-4.341913318047
27	721	14.6	-4.4056088589504
27	722	14.7	-4.5
27	723	14.8	-4.5
27	724	14.9	-4.5
27	725	15	-4.5
27	726	15.1	-4.5
27	727	15.2	-4.4624040364427
27	728	15.3	-4.5
27	729	15.4	-4.5
27	730	15.5	-4.5
27	731	15.6	-4.5
27	732	15.7	-4.5
27	733	15.8	-4.5
27	734	15.9	-4.5
27	735	16	-4.5
27	736	16.1	-4.5
27	737	16.2	-4.5
27	738	16.3	-4.3964469392101
27	739	16.4	-4.5
27	740	16.5	-4.5
27	741	16.6	-4.5
27	742	16.7	-4.5
27	743	16.8	-4.5
27	744	16.9	-4.4797347965333
27	745	17	2.6
27	746	17.1	2.3541460194568
27	747	17.2	2.4245330535147
27	748	17.3	2.2405503569063
27	749	17.4	2.2638937981024
27	750	17.5	2.2836441544295
27	751	17.6	2.1473776039947
27	752	17.7	2.4095331510436
27	753	17.8	2.5958155866154
27	754	17.9	2.5225173428468
27	755	18	2.4389373161271
27	756	18.1	2.4953314089589
27	757	18.2	2.1020460544527
27	758	18.3	2.4845630905684
27	759	18.4	2.3331793098897
27	760	18.5	2.433898714697
27	762	18.6	2.4344920973294
27	801	18.7	2.410657717539
27	802	18.8	2.3196160318423
27	803	18.9	2.3197134125419
27	804	19	2.4849474312458
27	805	19.1	2.2456591328979
27	806	19.2	2.1806296931673
27	807	19.3	2.3218258352205
27	808	19.4	2.4220275940653
27	809	19.5	2.4713033604436
27	810	19.6	2.3197778010182
27	811	19.7	2.0975099229813
27	812	19.8	2.5969456294365
27	813	19.9	2.5212604134902
27	814	20	2.2499607115891
27	815	20.1	2.1658820819482
27	816	20.2	2.3750783126894
27	817	20.3	2.5455060237925
27	818	20.4	2.5834771042224
27	819	20.5	2.2127869486902
27	820	20.6	2.2735177382175
27	821	20.7	2.4125395658612
27	822	20.8	2.5041022771224
27	823	20.9	2.4131583651248
27	824	21	2.4458845182974
27	825	21.1	2.2831960418634
27	826	21.2	2.4663768623024
27	827	21.3	2.3952346332837
27	828	21.4	2.2464389805961
27	829	21.5	2.3872822413035
27	830	21.6	2.4530686854851
27	831	21.7	2.3348507502023
27	832	21.8	2.1232419583667
27	833	21.9	2.230723043913
27	834	22	2.4917781364266
27	835	22.1	2.1005263646133
27	836	22.2	2.2716090737935
27	837	22.3	2.3625570239034
27	838	22.4	1.3630998307701
27	839	22.5	0.19290603074245
27	840	22.6	-0.054590533860033
27	841	22.7	0.21796820126475
27	842	22.8	-0.031891488218694
27	843	22.9	-0.022414802033452
27	844	23	0.02102856603452
27	845	23.1	-0.40560662531295
27	846	23.2	0.11633289719931
27	847	23.3	-0.10898979924619
27	848	23.4	0.28262497806923
27	849	23.5	-0.25063122668303
27	850	23.6	0.19227829007431
27	851	23.7	-0.069863158632071
27	852	23.8	0.3148209297564
27	853	23.9	-0.089876341205102
27	854	24	-0.13539360008203
27	855	24.1	-0.084570143800224
27	856	24.2	0.32552698000334
27	857	24.3	-0.066730383336537
27	858	24.4	-0.34423115267419
27	859	24.5	0.17806108688935
27	860	24.6	0.16534234140069
27	861	24.7	-0.38122508246452
27	862	24.8	0.30125618673862
27	863	24.9	0.018758513871582
27	864	25	-0.30988536841237
27	865	25.1	0.098556955931706
27	866	25.2	-0.07027372542769
27	867	25.3	-0.032594359954814
27	868	25.4	0.24746026408859
27	869	25.5	0.12372939974069
27	870	25.6	-0.35887684287504
27	871	25.7	0.14354385423474
27	872	25.8	0.10460190873594
27	873	25.9	0.10537133419886
27	874	26	-0.3895247409586
27	875	26.1	0.3823801171966
27	876	26.2	-0.028968195216734
27	877	26.3	0.064781616982081
27	878	26.4	-0.19755761520006
27	879	26.5	0.14612200771458
27	880	26.6	-0.23677344950848
27	881	26.7	0.10560256089084
27	882	26.8	0.1243452288676
27	883	26.9	-0.30082574707455
27	884	27	-0.097430688133464
27	885	27.1	-0.0046181521378408
27	886	27.2	0.46733094505965
27	887	27.3	-0.37071209606715
27	888	27.4	0.073938077343634
27	889	27.5	0.14841485699638
27	890	27.6	0.057178661851225
27	891	27.7	-0.12910611307248
27	892	27.8	0.0021866725850828
27	893	27.9	0.23536935019306
27	894	28	-0.18164221771062
27	895	28.1	-0.15750009981915
27	896	28.2	0.16552859471179
27	897	28.3	0.16653710056097
27	898	28.4	-0.47006485431456
27	899	28.5	0.048810890708122
27	900	28.6	0.33773857368157
27	901	28.7	-0.25633061330765
27	902	28.8	-0.040862592775373
27	903	28.9	-0.014937772005812
27	904	29	0.10788356062026
27	905	29.1	-0.043853085786107
27	906	29.2	-0.015218794131648
27	907	29.3	0.021875190474088
27	908	29.4	0.33115547331981
27	909	29.5	-0.45214537609368
27	910	29.6	0.44211816068739
27	911	29.7	-0.41693452934734
27	912	29.8	0.3590774876438
27	913	29.9	0.050006913859395
27	914	30	-0.3779009455908
27	915	30.1	0.18990824012086
27	916	30.2	-0.26272885232233
27	917	30.3	0.24389077191241
27	918	30.4	-0.06058093104512
27	919	30.5	0.26013092089444
27	920	30.6	-0.00077633007428801
27	921	30.7	-0.022499366179112
27	922	30.8	0.052814053352925
27	923	30.9	-0.48469982964919
27	924	31	0.17014803614469
27	925	31.1	0.2004683822207
27	926	31.2	-0.29899395231157
27	927	31.3	-0.026313750678675
27	928	31.4	0.0018278808705396
27	929	31.5	0.37928908484057
27	930	31.6	-0.42478456251322
27	931	31.7	0.44136026647873
27	932	31.8	-0.24408884450795
27	933	31.9	0.14789138783701
27	934	32	-0.18823572662658
27	935	32.1	0.19339976366609
27	936	32.2	-0.038531391536818
27	937	32.3	-0.02107757522726
27	938	32.4	0.085937193892907
27	939	32.5	-0.03858661716805
27	940	32.6	-0.11361093302257
27	941	32.7	-0.0096701371017716
27	942	32.8	-0.16544690505603
27	943	32.9	0.41129807228224
27	944	33	-0.36020484545269
27	945	33.1	-0.0051954228803552
27	946	33.2	0.40877021426335
27	947	33.3	-0.13352323228492
27	948	33.4	-0.2026010612026
27	949	33.5	-0.13163338171317
27	950	33.6	0.017501971097662
27	951	33.7	-0.012473089322445
27	952	33.8	0.37092345449143
22	5	0.4	4.2315617637737
22	6	0.5	4.4500710148718
22	7	0.6	4.6674101170171
22	8	0.7	4.9210635242267
22	9	0.8	5.1497594199134
22	10	0.9	5.3824326614104
22	11	1	5.6183094240213
22	12	1.1	5.8537942452161
22	13	1.2	6.080893177337
22	14	1.3	6.2927586556217
22	15	1.4	6.5103525040019
22	16	1.5	6.7212415326657
22	17	1.6	6.9334231052911
22	19	1.7	7.1718519040225
22	20	1.8	7.3889096817858
22	21	1.9	7.5997041553995
22	22	2	7.8270457607042
22	24	2.1	8.0739277313678
22	65	2.2	8.3031254844619
22	105	2.3	8.518384486394
22	145	2.4	8.7758649598556
22	185	2.5	8.991415435642
22	186	2.6	9.2139643066144
22	187	2.7	9.4585736876288
22	189	2.8	9.6933325510425
22	190	2.9	9.9094302251553
22	191	3	10.138100685481
22	192	3.1	10.389929103127
22	193	3.2	10.622571786358
22	194	3.3	10.87281672991
22	195	3.4	11.097953485846
22	196	3.5	11.329418528653
22	197	3.6	11.581284381704
22	198	3.7	11.792794577121
22	199	3.8	12.024561007673
22	200	3.9	12.250628031793
22	201	4	12.475717960458
22	202	4.1	12.693132808669
22	203	4.2	12.952427754659
22	204	4.3	13.168339826114
22	206	4.4	13.405716088438
22	207	4.5	13.640888326463
22	208	4.6	13.852806273102
22	209	4.7	13.84631004959
22	210	4.8	13.884110844704
22	211	4.9	13.858157165495
22	212	5	13.878489416795
22	213	5.1	13.887934397703
22	214	5.2	13.87540584207
22	215	5.3	13.874730047782
22	217	5.4	13.883058491964
22	218	5.5	13.852406013826
22	219	5.6	13.879423317004
22	220	5.7	13.848875722853
22	221	5.8	13.852409363124
22	222	5.9	13.871974347274
22	223	6	13.878600191501
22	224	6.1	13.877794060563
22	225	6.2	13.884314170599
22	226	6.3	13.841126319692
22	227	6.4	13.861858639059
22	228	6.5	13.843417112906
22	229	6.6	13.843897990205
22	230	6.7	13.88929088324
22	231	6.8	13.844818787622
22	232	6.9	13.874324306563
22	233	7	13.840706655454
22	235	7.1	13.889164001923
22	274	7.2	13.839232779235
22	275	7.3	13.847651259142
22	276	7.4	13.873455919624
22	277	7.5	13.8744808641
22	278	7.6	13.868612828532
22	279	7.7	13.872320004548
22	280	7.8	13.840573961812
22	281	7.9	13.867202526084
22	282	8	13.873996564315
22	283	8.1	13.854080163184
22	284	8.2	13.885277122733
22	285	8.3	13.840566885351
22	286	8.4	13.846626152769
22	287	8.5	13.852605173829
22	288	8.6	13.852433086443
22	289	8.7	13.884053456426
22	290	8.8	13.864991682928
22	291	8.9	13.860487187711
22	292	9	13.873948930814
22	293	9.1	13.84857685648
22	294	9.2	13.844146442601
22	295	9.3	13.853399707492
22	296	9.4	13.840401051948
22	297	9.5	13.869107369478
22	298	9.6	13.86289500465
22	299	9.7	13.849562651656
22	300	9.8	13.889401000707
22	301	9.9	13.86070813341
22	302	10	13.864365413962
22	303	10.1	13.856343218636
22	304	10.2	13.84473936608
22	305	10.3	13.859006674449
22	306	10.4	13.872185616408
22	307	10.5	13.872955355592
22	308	10.6	13.848024497947
22	309	10.7	13.842917681186
22	310	10.8	13.856223848985
22	311	10.9	13.87596026988
22	312	11	13.888289744304
22	313	11.1	13.887445625121
22	314	11.2	13.865944999189
22	315	11.3	13.881241212709
22	316	11.4	13.841994420307
22	317	11.5	13.86073922961
22	319	11.6	13.88172394833
22	358	11.7	13.87132045893
22	359	11.8	13.887569154549
22	360	11.9	13.869264341578
22	361	12	13.841062369096
22	362	12.1	13.850400121786
22	363	12.2	13.869521042895
22	364	12.3	13.648078217426
22	365	12.4	13.326461635961
22	366	12.5	12.992081789336
22	368	12.6	12.623738136895
22	445	12.7	12.2754185703
22	485	12.8	11.962983870385
22	704	12.9	11.640343222916
22	705	13	11.287326762913
22	706	13.1	10.935642656171
22	707	13.2	10.633573760322
22	708	13.3	10.315725539252
22	709	13.4	9.9686306099154
22	710	13.5	10.207430884632
22	711	13.6	10.43394245768
22	712	13.7	10.691063423552
22	713	13.8	10.945230545349
22	714	13.9	11.164226731703
22	715	14	11.387565155826
22	716	14.1	11.632625286056
22	717	14.2	11.885082885743
22	718	14.3	12.121664655303
22	719	14.4	12.160261281781
22	720	14.5	11.726069949976
22	721	14.6	11.285509064081
22	722	14.7	10.835509064081
22	723	14.8	10.385509064081
22	724	14.9	9.9355090640811
22	725	15	9.4855090640811
22	726	15.1	9.0355090640811
22	727	15.2	8.5892686604369
22	728	15.3	8.1392686604369
22	729	15.4	7.6892686604369
22	730	15.5	7.2392686604369
22	731	15.6	6.7892686604369
22	732	15.7	6.3392686604369
22	733	15.8	5.8892686604369
22	734	15.9	5.4392686604369
22	735	16	4.9892686604369
22	736	16.1	4.5392686604369
22	737	16.2	4.0892686604369
22	738	16.3	3.6496239665158
22	739	16.4	3.1996239665158
22	740	16.5	2.7496239665158
22	741	16.6	2.2996239665158
22	742	16.7	1.8496239665158
22	743	16.8	1.3996239665158
22	744	16.9	0.95165048686251
22	745	17	1.2116504868625
22	746	17.1	1.4470650888082
22	747	17.2	1.6895183941597
22	748	17.3	1.9135734298503
22	749	17.4	2.1399628096605
22	750	17.5	2.3683272251035
22	751	17.6	2.583064985503
22	752	17.7	2.8240183006073
22	753	17.8	3.0835998592689
22	754	17.9	3.3358515935535
22	755	18	3.5797453251663
22	756	18.1	3.8292784660621
22	757	18.2	4.0394830715074
22	758	18.3	4.2879393805642
22	759	18.4	4.5212573115532
22	760	18.5	4.7646471830229
22	762	18.6	5.0080963927558
22	801	18.7	5.2491621645097
22	802	18.8	5.481123767694
22	803	18.9	5.7130951089482
22	804	19	5.9615898520727
22	805	19.1	6.1861557653625
22	806	19.2	6.4042187346793
22	807	19.3	6.6364013182013
22	808	19.4	6.8786040776078
22	809	19.5	7.1257344136522
22	810	19.6	7.357712193754
22	811	19.7	7.5674631860521
22	812	19.8	7.8271577489958
22	813	19.9	8.0792837903448
22	814	20	8.3042798615037
22	815	20.1	8.5208680696986
22	816	20.2	8.7583759009675
22	817	20.3	9.0129265033467
22	818	20.4	9.271274213769
22	819	20.5	9.492552908638
22	820	20.6	9.7199046824598
22	821	20.7	9.9611586390459
22	822	20.8	10.211568866758
22	823	20.9	10.452884703271
22	824	21	10.6974731551
22	825	21.1	10.925792759287
22	826	21.2	11.172430445517
22	827	21.3	11.411953908845
22	828	21.4	11.636597806905
22	829	21.5	11.875326031035
22	830	21.6	12.120632899584
22	831	21.7	12.354117974604
22	832	21.8	12.566442170441
22	833	21.9	12.789514474832
22	834	22	13.038692288475
22	835	22.1	13.248744924936
22	836	22.2	13.475905832315
22	837	22.3	13.712161534706
22	838	22.4	13.848471517783
22	839	22.5	13.867762120857
22	840	22.6	13.862303067471
22	841	22.7	13.884099887597
22	842	22.8	13.880910738776
22	843	22.9	13.878669258572
22	844	23	13.880772115176
22	845	23.1	13.840211452644
22	846	23.2	13.851844742364
22	847	23.3	13.84094576244
22	848	23.4	13.869208260247
22	849	23.5	13.844145137578
22	850	23.6	13.863372966586
22	851	23.7	13.856386650722
22	852	23.8	13.887868743698
22	853	23.9	13.878881109578
22	854	24	13.865341749569
22	855	24.1	13.856884735189
22	856	24.2	13.88943743319
22	857	24.3	13.882764394856
22	858	24.4	13.848341279589
22	859	24.5	13.866147388278
22	860	24.6	13.882681622418
22	861	24.7	13.844559114171
22	862	24.8	13.874684732845
22	863	24.9	13.876560584232
22	864	25	13.845572047391
22	865	25.1	13.855427742984
22	866	25.2	13.848400370441
22	867	25.3	13.845140934446
22	868	25.4	13.869886960855
22	869	25.5	13.882259900829
22	870	25.6	13.846372216541
22	871	25.7	13.860726601965
22	872	25.8	13.871186792838
22	873	25.9	13.881723926258
22	874	26	13.842771452162
22	875	26.1	13.881009463882
22	876	26.2	13.87811264436
22	877	26.3	13.884590806059
22	878	26.4	13.864835044539
22	879	26.5	13.87944724531
22	880	26.6	13.855769900359
22	881	26.7	13.866330156448
22	882	26.8	13.878764679335
22	883	26.9	13.848682104628
22	884	27	13.838939035814
22	885	27.1	13.8384772206
22	886	27.2	13.885210315106
22	887	27.3	13.8481391055
22	888	27.4	13.855532913234
22	889	27.5	13.870374398934
22	890	27.6	13.876092265119
22	891	27.7	13.863181653812
22	892	27.8	13.86340032107
22	893	27.9	13.886937256089
22	894	28	13.868773034318
22	895	28.1	13.853023024336
22	896	28.2	13.869575883808
22	897	28.3	13.886229593864
22	898	28.4	13.839223108432
22	899	28.5	13.844104197503
22	900	28.6	13.877878054871
22	901	28.7	13.85224499354
22	902	28.8	13.848158734263
22	903	28.9	13.846664957062
22	904	29	13.857453313124
22	905	29.1	13.853068004546
22	906	29.2	13.851546125133
22	907	29.3	13.85373364418
22	908	29.4	13.886849191512
22	909	29.5	13.841634653903
22	910	29.6	13.885846469971
22	911	29.7	13.844153017037
22	912	29.8	13.880060765801
22	913	29.9	13.885061457187
22	914	30	13.847271362628
22	915	30.1	13.86626218664
22	916	30.2	13.839989301408
22	917	30.3	13.864378378599
22	918	30.4	13.858320285494
22	919	30.5	13.884333377584
22	920	30.6	13.884255744576
22	921	30.7	13.882005807959
22	922	30.8	13.887287213294
22	923	30.9	13.838817230329
22	924	31	13.855832033943
22	925	31.1	13.875878872165
22	926	31.2	13.845979476934
22	927	31.3	13.843348101866
22	928	31.4	13.843530889953
22	929	31.5	13.881459798438
22	930	31.6	13.838981342186
22	931	31.7	13.883117368834
22	932	31.8	13.858708484383
22	933	31.9	13.873497623167
22	934	32	13.854674050504
22	935	32.1	13.874014026871
22	936	32.2	13.870160887717
22	937	32.3	13.868053130195
22	938	32.4	13.876646849584
22	939	32.5	13.872788187867
22	940	32.6	13.861427094565
22	941	32.7	13.860460080855
22	942	32.8	13.843915390349
22	943	32.9	13.885045197577
22	944	33	13.849024713032
22	945	33.1	13.848505170744
22	946	33.2	13.88938219217
22	947	33.3	13.876029868942
22	948	33.4	13.855769762821
22	949	33.5	13.84260642465
22	950	33.6	13.84435662176
22	951	33.7	13.843109312828
22	952	33.8	13.880201658277
12	4	0.3	229.8
12	5	0.4	229.8
12	6	0.5	229.8
12	7	0.6	229.8
12	8	0.7	229.8
12	9	0.8	229.8
12	10	0.9	229.8
12	11	1	229.8
12	12	1.1	229.8
12	13	1.2	229.8
12	14	1.3	229.8
12	15	1.4	229.8
12	16	1.5	229.8
12	17	1.6	229.8
12	19	1.7	229.8
12	20	1.8	229.8
12	21	1.9	229.8
12	22	2	229.8
12	24	2.1	229.8
12	65	2.2	229.8
12	105	2.3	229.8
12	145	2.4	229.8
12	185	2.5	229.8
12	186	2.6	229.8
12	187	2.7	229.8
12	189	2.8	229.8
12	190	2.9	229.8
12	191	3	229.8
12	192	3.1	229.8
12	193	3.2	229.8
12	194	3.3	229.8
12	195	3.4	229.8
12	196	3.5	229.8
12	197	3.6	229.8
12	198	3.7	229.8
12	199	3.8	229.8
12	200	3.9	229.8
12	201	4	229.8
12	202	4.1	229.8
12	203	4.2	229.8
12	204	4.3	229.8
12	206	4.4	229.8
12	207	4.5	229.8
12	208	4.6	229.8
12	209	4.7	229.8
12	210	4.8	229.8
12	211	4.9	229.8
12	212	5	229.8
12	213	5.1	229.8
12	214	5.2	229.8
12	215	5.3	229.8
12	217	5.4	229.8
12	218	5.5	229.8
12	219	5.6	229.8
12	220	5.7	229.8
12	221	5.8	229.8
12	222	5.9	229.8
12	223	6	229.8
12	224	6.1	229.8
12	225	6.2	229.8
12	226	6.3	229.8
12	227	6.4	229.8
12	228	6.5	229.8
12	229	6.6	229.8
12	230	6.7	229.8
12	231	6.8	229.8
12	232	6.9	229.8
12	233	7	229.8
12	235	7.1	229.8
12	274	7.2	229.8
12	275	7.3	229.8
12	276	7.4	229.8
12	277	7.5	229.8
12	278	7.6	229.8
12	279	7.7	229.8
12	280	7.8	229.8
12	281	7.9	229.8
12	282	8	229.8
12	283	8.1	229.8
12	284	8.2	229.8
12	285	8.3	229.8
12	286	8.4	229.8
12	287	8.5	229.8
12	288	8.6	229.8
12	289	8.7	229.8
12	290	8.8	229.8
12	291	8.9	229.8
12	292	9	229.8
12	293	9.1	229.8
12	294	9.2	229.8
12	295	9.3	229.8
12	296	9.4	229.8
12	297	9.5	229.8
12	298	9.6	229.8
12	299	9.7	229.8
12	300	9.8	229.8
12	301	9.9	229.8
12	302	10	229.8
12	303	10.1	229.8
12	304	10.2	229.8
12	305	10.3	229.8
12	306	10.4	229.8
12	307	10.5	229.8
12	308	10.6	229.8
12	309	10.7	229.8
12	310	10.8	229.8
12	311	10.9	229.8
12	312	11	229.8
12	313	11.1	229.8
12	314	11.2	229.8
12	315	11.3	229.8
12	316	11.4	229.8
12	317	11.5	229.8
12	319	11.6	229.8
12	358	11.7	229.8
12	359	11.8	229.8
12	360	11.9	229.8
12	361	12	229.8
12	362	12.1	229.8
12	363	12.2	229.8
12	364	12.3	229.8
12	365	12.4	229.8
12	366	12.5	229.8
12	368	12.6	229.8
12	445	12.7	229.8
12	485	12.8	229.8
12	704	12.9	229.8
12	705	13	229.8
12	706	13.1	229.8
12	707	13.2	229.8
12	708	13.3	229.8
12	709	13.4	226.6
12	710	13.5	226.6
12	711	13.6	226.6
12	712	13.7	226.6
12	713	13.8	226.6
12	714	13.9	226.6
12	715	14	226.6
12	716	14.1	226.6
12	717	14.2	226.6
12	718	14.3	226.6
12	719	14.4	226.6
12	720	14.5	226.6
12	721	14.6	226.6
12	722	14.7	226.6
12	723	14.8	226.6
12	724	14.9	226.6
12	725	15	226.6
12	726	15.1	226.6
12	727	15.2	226.6
12	728	15.3	226.6
12	729	15.4	226.6
12	730	15.5	226.6
12	731	15.6	226.6
12	732	15.7	226.6
12	733	15.8	226.6
12	734	15.9	226.6
12	735	16	226.6
12	736	16.1	226.6
12	737	16.2	226.6
12	738	16.3	226.6
12	739	16.4	226.6
12	740	16.5	226.6
12	741	16.6	226.6
12	742	16.7	226.6
12	743	16.8	226.6
12	744	16.9	226.6
12	745	17	226.6
12	746	17.1	226.6
12	747	17.2	226.6
12	748	17.3	226.6
12	749	17.4	226.6
12	750	17.5	226.6
12	751	17.6	226.6
12	752	17.7	226.6
12	753	17.8	226.6
12	754	17.9	226.6
12	755	18	226.6
12	756	18.1	226.6
12	757	18.2	226.6
12	758	18.3	226.6
12	759	18.4	226.6
12	760	18.5	226.6
12	762	18.6	226.6
12	801	18.7	226.6
12	802	18.8	226.6
12	803	18.9	226.6
12	804	19	226.6
12	805	19.1	226.6
12	806	19.2	226.6
12	807	19.3	226.6
12	808	19.4	226.6
12	809	19.5	226.6
12	810	19.6	226.6
12	811	19.7	226.6
12	812	19.8	226.6
12	813	19.9	226.6
12	814	20	226.6
12	815	20.1	226.6
12	816	20.2	226.6
12	817	20.3	226.6
12	818	20.4	226.6
12	819	20.5	226.6
12	820	20.6	226.6
12	821	20.7	226.6
12	822	20.8	226.6
12	823	20.9	226.6
12	824	21	226.6
12	825	21.1	226.6
12	826	21.2	226.6
12	827	21.3	226.6
12	828	21.4	226.6
12	829	21.5	226.6
12	830	21.6	226.6
12	831	21.7	226.6
12	832	21.8	226.6
12	833	21.9	226.6
12	834	22	226.6
12	835	22.1	226.6
12	836	22.2	226.6
12	837	22.3	226.6
12	838	22.4	226.6
12	839	22.5	226.6
12	840	22.6	226.6
12	841	22.7	226.6
12	842	22.8	226.6
12	843	22.9	226.6
12	844	23	226.6
12	845	23.1	226.6
12	846	23.2	226.6
12	847	23.3	226.6
12	848	23.4	226.6
12	849	23.5	226.6
12	850	23.6	226.6
12	851	23.7	226.6
12	852	23.8	226.6
12	853	23.9	226.6
12	854	24	226.6
12	855	24.1	226.6
12	856	24.2	226.6
12	857	24.3	226.6
12	858	24.4	226.6
12	859	24.5	226.6
12	860	24.6	226.6
12	861	24.7	226.6
12	862	24.8	226.6
12	863	24.9	226.6
12	864	25	226.6
12	865	25.1	226.6
12	866	25.2	226.6
12	867	25.3	226.6
12	868	25.4	226.6
12	869	25.5	226.6
12	870	25.6	226.6
12	871	25.7	226.6
12	872	25.8	226.6
12	873	25.9	226.6
12	874	26	226.6
12	875	26.1	226.6
12	876	26.2	226.6
12	877	26.3	226.6
12	878	26.4	226.6
12	879	26.5	226.6
12	880	26.6	226.6
12	881	26.7	226.6
12	882	26.8	226.6
12	883	26.9	226.6
12	884	27	226.6
12	885	27.1	226.6
12	886	27.2	226.6
12	887	27.3	226.6
12	888	27.4	226.6
12	889	27.5	226.6
12	890	27.6	226.6
12	891	27.7	226.6
12	892	27.8	226.6
12	893	27.9	226.6
12	894	28	226.6
12	895	28.1	226.6
12	896	28.2	226.6
12	897	28.3	226.6
12	898	28.4	226.6
12	899	28.5	226.6
12	900	28.6	226.6
12	901	28.7	226.6
12	902	28.8	226.6
12	903	28.9	226.6
12	904	29	226.6
12	905	29.1	226.6
12	906	29.2	226.6
12	907	29.3	226.6
12	908	29.4	226.6
12	909	29.5	226.6
12	910	29.6	226.6
12	911	29.7	226.6
12	912	29.8	226.6
12	913	29.9	226.6
12	914	30	226.6
12	915	30.1	226.6
12	916	30.2	226.6
12	917	30.3	226.6
12	918	30.4	226.6
12	919	30.5	226.6
12	920	30.6	226.6
12	921	30.7	226.6
12	922	30.8	226.6
12	923	30.9	226.6
12	924	31	226.6
12	925	31.1	226.6
12	926	31.2	226.6
12	927	31.3	226.6
12	928	31.4	226.6
12	929	31.5	226.6
12	930	31.6	226.6
12	931	31.7	226.6
12	932	31.8	226.6
12	933	31.9	226.6
12	934	32	226.6
12	935	32.1	226.6
12	936	32.2	226.6
12	937	32.3	226.6
12	938	32.4	226.6
12	939	32.5	226.6
12	940	32.6	226.6
12	941	32.7	226.6
12	942	32.8	226.6
12	943	32.9	226.6
12	944	33	226.6
12	945	33.1	226.6
12	946	33.2	226.6
12	947	33.3	226.6
12	948	33.4	226.6
12	949	33.5	226.6
12	950	33.6	226.6
12	951	33.7	226.6
12	952	33.8	226.6
11	4	0.3	35.4
11	5	0.4	35.823156176377
11	6	0.5	36.268163277865
11	7	0.6	36.734904289566
11	8	0.7	37.227010641989
11	9	0.8	37.74198658398
11	10	0.9	38.280229850121
11	11	1	38.842060792523
11	12	1.1	39.427440217045
11	13	1.2	40.035529534779
11	14	1.3	40.664805400341
11	15	1.4	41.315840650741
11	16	1.5	41.987964804008
11	17	1.6	42.681307114537
11	19	1.7	43.398492304939
11	20	1.8	44.137383273118
11	21	1.9	44.897353688658
11	22	2	45.680058264728
11	24	2.1	46.487451037865
11	65	2.2	47.317763586311
11	105	2.3	48.16960203495
11	145	2.4	49.047188530936
11	185	2.5	49.9463300745
11	186	2.6	50.867726505162
11	187	2.7	51.813583873924
11	189	2.8	52.782917129029
11	190	2.9	53.773860151544
11	191	3	54.787670220092
11	192	3.1	55.826663130405
11	193	3.2	56.888920309041
11	194	3.3	57.976201982032
11	195	3.4	59.085997330616
11	196	3.5	60.218939183482
11	197	3.6	61.377067621652
11	198	3.7	62.556347079364
11	199	3.8	63.758803180131
11	200	3.9	64.983865983311
11	201	4	66.231437779357
11	202	4.1	67.500751060223
11	203	4.2	68.795993835689
11	204	4.3	70.112827818301
11	206	4.4	71.453399427144
11	207	4.5	72.817488259791
11	208	4.6	74.202768887101
11	209	4.7	75.58739989206
11	210	4.8	76.97581097653
11	211	4.9	78.36162669308
11	212	5	79.749475634759
11	213	5.1	81.13826907453
11	214	5.2	82.525809658737
11	215	5.3	83.913282663515
11	217	5.4	85.301588512711
11	218	5.5	86.686829114094
11	219	5.6	88.074771445794
11	220	5.7	89.45965901808
11	221	5.8	90.844899954392
11	222	5.9	92.232097389119
11	223	6	93.619957408269
11	224	6.1	95.007736814326
11	225	6.2	96.396168231386
11	226	6.3	97.780280863355
11	227	6.4	99.166466727261
11	228	6.5	100.55080843855
11	229	6.6	101.93519823757
11	230	6.7	103.3241273259
11	231	6.8	104.70860920466
11	232	6.9	106.09604163531
11	233	7	107.48011230086
11	235	7.1	108.86902870105
11	274	7.2	110.25295197898
11	275	7.3	111.63771710489
11	276	7.4	113.02506269685
11	277	7.5	114.41251078326
11	278	7.6	115.79937206612
11	279	7.7	117.18660406657
11	280	7.8	118.57066146275
11	281	7.9	119.95738171536
11	282	8	121.34478137179
11	283	8.1	122.73018938811
11	284	8.2	124.11871710038
11	285	8.3	125.50277378892
11	286	8.4	126.88743640419
11	287	8.5	128.27269692158
11	288	8.6	129.65794023022
11	289	8.7	131.04634557586
11	290	8.8	132.43284474416
11	291	8.9	133.81889346293
11	292	9	135.20628835601
11	293	9.1	136.59114604166
11	294	9.2	137.97556068592
11	295	9.3	139.36090065667
11	296	9.4	140.74494076186
11	297	9.5	142.13185149881
11	298	9.6	143.51814099927
11	299	9.7	144.90309726444
11	300	9.8	146.29203736451
11	301	9.9	147.67810817785
11	302	10	149.06454471925
11	303	10.1	150.45017904111
11	304	10.2	151.83465297772
11	305	10.3	153.22055364516
11	306	10.4	154.60777220681
11	307	10.5	155.99506774236
11	308	10.6	157.37987019216
11	309	10.7	158.76416196028
11	310	10.8	160.14978434518
11	311	10.9	161.53738037216
11	312	11	162.92620934659
11	313	11.1	164.31495390911
11	314	11.2	165.70154840903
11	315	11.3	167.0896725303
11	316	11.4	168.47387197233
11	317	11.5	169.85994589529
11	319	11.6	171.24811829012
11	358	11.7	172.63525033601
11	359	11.8	174.02400725147
11	360	11.9	175.41093368563
11	361	12	176.79503992254
11	362	12.1	178.18007993472
11	363	12.2	179.567032039
11	364	12.3	180.93183986075
11	365	12.4	182.26448602434
11	366	12.5	183.56369420328
11	368	12.6	184.82606801697
11	445	12.7	186.053609874
11	485	12.8	187.24990826103
11	704	12.9	188.41394258333
11	705	13	189.54267525962
11	706	13.1	190.63623952523
11	707	13.2	191.69959690127
11	708	13.3	192.73116945519
11	709	13.4	193.72803251618
11	710	13.5	194.74877560465
11	711	13.6	195.79216985042
11	712	13.7	196.86127619277
11	713	13.8	197.95579924731
11	714	13.9	199.07222192048
11	715	14	200.21097843606
11	716	14.1	201.37424096466
11	717	14.2	202.56274925324
11	718	14.3	203.77491571877
11	719	14.4	204.99094184695
11	720	14.5	206.16354884194
11	721	14.6	207.29209974835
11	722	14.7	208.37565065476
11	723	14.8	209.41420156117
11	724	14.9	210.40775246758
11	725	15	211.35630337398
11	726	15.1	212.25985428039
11	727	15.2	213.11878114644
11	728	15.3	213.93270801248
11	729	15.4	214.70163487852
11	730	15.5	215.42556174457
11	731	15.6	216.10448861061
11	732	15.7	216.73841547665
11	733	15.8	217.3273423427
11	734	15.9	217.87126920874
11	735	16	218.37019607479
11	736	16.1	218.82412294083
11	737	16.2	219.23304980687
11	738	16.3	219.59801220352
11	739	16.4	219.91797460018
11	740	16.5	220.19293699683
11	741	16.6	220.42289939348
11	742	16.7	220.60786179013
11	743	16.8	220.74782418678
11	744	16.9	220.84298923547
11	745	17	220.96415428416
11	746	17.1	221.10886079304
11	747	17.2	221.27781263245
11	748	17.3	221.46916997544
11	749	17.4	221.6831662564
11	750	17.5	221.91999897891
11	751	17.6	222.17830547746
11	752	17.7	222.46070730752
11	753	17.8	222.76906729345
11	754	17.9	223.10265245281
11	755	18	223.46062698532
11	756	18.1	223.84355483193
11	757	18.2	224.24750313908
11	758	18.3	224.67629707714
11	759	18.4	225.12842280829
11	760	18.5	225.60488752659
11	762	18.6	226.10569716587
11	801	18.7	226.63061338232
11	802	18.8	227.17872575909
11	803	18.9	227.75003526999
11	804	19	228.34619425519
11	805	19.1	228.96480983173
11	806	19.2	229.6052317052
11	807	19.3	230.26887183702
11	808	19.4	230.95673224478
11	809	19.5	231.66930568614
11	810	19.6	232.40507690552
11	811	19.7	233.16182322412
11	812	19.8	233.94453899902
11	813	19.9	234.75246737806
11	814	20	235.58289536421
11	815	20.1	236.43498217118
11	816	20.2	237.31081976127
11	817	20.3	238.21211241161
11	818	20.4	239.13923983299
11	819	20.5	240.08849512385
11	820	20.6	241.0604855921
11	821	20.7	242.056601456
11	822	20.8	243.07775834268
11	823	20.9	244.123046813
11	824	21	245.19279412851
11	825	21.1	246.28537340444
11	826	21.2	247.40261644899
11	827	21.3	248.54381183988
11	828	21.4	249.70747162057
11	829	21.5	250.89500422367
11	830	21.6	252.10706751363
11	831	21.7	253.34247931109
11	832	21.8	254.59912352813
11	833	21.9	255.87807497562
11	834	22	257.18194420447
11	835	22.1	258.50681869696
11	836	22.2	259.85440928019
11	837	22.3	261.22562543366
11	838	22.4	262.61047258544
11	839	22.5	263.99724879753
11	840	22.6	265.38347910427
11	841	22.7	266.77188909303
11	842	22.8	268.15998016691
11	843	22.9	269.54784709277
11	844	23	270.93592430428
11	845	23.1	272.31994544955
11	846	23.2	273.70512992379
11	847	23.3	275.08922450003
11	848	23.4	276.47614532605
11	849	23.5	277.86055983981
11	850	23.6	279.24689713647
11	851	23.7	280.63253580154
11	852	23.8	282.02132267591
11	853	23.9	283.40921078687
11	854	24	284.79574496183
11	855	24.1	286.18143343535
11	856	24.2	287.57037717866
11	857	24.3	288.95865361815
11	858	24.4	290.34348774611
11	859	24.5	291.73010248494
11	860	24.6	293.11837064718
11	861	24.7	294.5028265586
11	862	24.8	295.89029503188
11	863	24.9	297.2779510903
11	864	25	298.66250829504
11	865	25.1	300.04805106934
11	866	25.2	301.43289110639
11	867	25.3	302.81740519983
11	868	25.4	304.20439389592
11	869	25.5	305.592619886
11	870	25.6	306.97725710765
11	871	25.7	308.36332976785
11	872	25.8	309.75044844713
11	873	25.9	311.13862083976
11	874	26	312.52289798497
11	875	26.1	313.91099893136
11	876	26.2	315.2988101958
11	877	26.3	316.68726927641
11	878	26.4	318.07375278086
11	879	26.5	319.46169750539
11	880	26.6	320.84727449543
11	881	26.7	322.23390751107
11	882	26.8	323.621783979
11	883	26.9	325.00665218947
11	884	27	326.39054609305
11	885	27.1	327.77439381511
11	886	27.2	329.16291484662
11	887	27.3	330.54772875717
11	888	27.4	331.93328204849
11	889	27.5	333.32031948839
11	890	27.6	334.7079287149
11	891	27.7	336.09424688028
11	892	27.8	337.48058691239
11	893	27.9	338.86928063799
11	894	28	340.25615794143
11	895	28.1	341.64146024386
11	896	28.2	343.02841783224
11	897	28.3	344.41704079163
11	898	28.4	345.80096310247
11	899	28.5	347.18537352222
11	900	28.6	348.57316132771
11	901	28.7	349.95838582706
11	902	28.8	351.34320170049
11	903	28.9	352.72786819619
11	904	29	354.11361352751
11	905	29.1	355.49892032796
11	906	29.2	356.88407494047
11	907	29.3	358.26944830489
11	908	29.4	359.65813322404
11	909	29.5	361.04229668943
11	910	29.6	362.43088133643
11	911	29.7	363.81529663814
11	912	29.8	365.20330271472
11	913	29.9	366.59180886043
11	914	30	367.9765359967
11	915	30.1	369.36316221536
11	916	30.2	370.7471611455
11	917	30.3	372.13359898336
11	918	30.4	373.51943101191
11	919	30.5	374.90786434967
11	920	30.6	376.29628992413
11	921	30.7	377.68449050492
11	922	30.8	379.07321922625
11	923	30.9	380.45710094928
11	924	31	381.84268415268
11	925	31.1	383.2302720399
11	926	31.2	384.61486998759
11	927	31.3	385.99920479778
11	928	31.4	387.38355788677
11	929	31.5	388.77170386661
11	930	31.6	390.15560200083
11	931	31.7	391.54391373772
11	932	31.8	392.92978458616
11	933	31.9	394.31713434847
11	934	32	395.70260175352
11	935	32.1	397.09000315621
11	936	32.2	398.47701924498
11	937	32.3	399.863824558
11	938	32.4	401.25148924296
11	939	32.5	402.63876806175
11	940	32.6	404.0249107712
11	941	32.7	405.41095677929
11	942	32.8	406.79534831832
11	943	32.9	408.18385283808
11	944	33	409.56875530938
11	945	33.1	410.95360582646
11	946	33.2	412.34254404568
11	947	33.3	413.73014703257
11	948	33.4	415.11572400885
11	949	33.5	416.49998465132
11	950	33.6	417.88442031349
11	951	33.7	419.26873124478
11	952	33.8	420.6567514106
35	7	0.6	3.6854452639097
35	8	0.7	4.0869925584367
35	9	0.8	3.9391965882763
35	10	0.9	4.2174085690552
35	11	1	4.4929129487384
35	12	1.1	4.7787019235371
35	13	1.2	4.5839273309063
35	14	1.3	5.0727736197507
35	15	1.4	4.6705845887455
35	16	1.5	5.1316692020511
35	17	1.6	5.5384848825382
35	19	1.7	5.484718683055
35	20	1.8	5.1423115964932
35	21	1.9	5.895342401751
35	22	2	6.14106112987
35	24	2.1	6.203958384894
35	65	2.2	6.3300058340297
35	105	2.3	6.5054933099234
35	145	2.4	6.293139496735
35	185	2.5	6.8853216475513
35	186	2.6	6.3050928555032
35	187	2.7	7.4098599594622
35	189	2.8	7.4145632221341
35	190	2.9	6.8057257224583
35	191	3	7.8488178028873
35	192	3.1	7.5667496936206
35	193	3.2	7.1893577069934
35	194	3.3	8.0818384444536
35	195	3.4	8.2598652975671
35	196	3.5	7.8576494700171
35	197	3.6	8.6915720010032
35	198	3.7	8.5495428103889
35	199	3.8	8.5896613959675
35	200	3.9	9.2429827450968
35	201	4	8.5401477958929
35	202	4.1	8.7866714932627
35	203	4.2	9.4879145068647
35	204	4.3	9.7494602401838
35	206	4.4	10.03181886296
35	207	4.5	9.4438217086524
35	208	4.6	8.3439143784176
35	209	4.7	2.5959950040867
35	210	4.8	2.6759432092418
35	211	4.9	0.973
35	212	5	3.1052312408069
35	213	5.1	2.0887079191744
35	214	5.2	1.0893156428218
35	215	5.3	2.4965848757479
35	217	5.4	2.167004029244
35	218	5.5	1.995040955342
35	219	5.6	1.5093585656199
35	220	5.7	2.4822722751932
35	221	5.8	1.3935102417017
35	222	5.9	2.6510269471187
35	223	6	1.1377259907805
35	224	6.1	3.1581014748886
35	225	6.2	2.5607748780186
35	226	6.3	1.1576040135281
35	227	6.4	2.208124967259
35	228	6.5	2.3953421543602
35	229	6.6	1.7381039092309
35	230	6.7	2.4247658017852
35	231	6.8	1.6339623152926
35	232	6.9	2.302972860956
35	233	7	2.0511049995007
35	235	7.1	0.973
35	274	7.2	2.6476349709129
35	275	7.3	1.9308918735366
35	276	7.4	2.4495729511888
35	277	7.5	2.0481319160047
35	278	7.6	0.973
35	279	7.7	2.3845790086206
35	280	7.8	2.1776323873896
35	281	7.9	1.6044681041238
35	282	8	2.8918691928771
35	283	8.1	2.3787866421024
35	284	8.2	1.2557463559122
35	285	8.3	2.439530413952
35	286	8.4	1.1699793446498
35	287	8.5	2.8973512828815
35	288	8.6	2.335317560586
35	289	8.7	1.2593024465553
35	290	8.8	1.8099665136101
35	291	8.9	2.5485248153261
35	292	9	1.3531178473558
35	293	9.1	1.9376735898444
35	294	9.2	2.8900716179433
35	295	9.3	1.4920801611747
35	296	9.4	2.7320651061379
35	297	9.5	1.5057990784325
35	298	9.6	2.0688309193004
35	299	9.7	1.5469684142362
35	300	9.8	2.3717062475819
35	301	9.9	2.0161344715973
35	302	10	2.2509450808082
35	303	10.1	1.2424765806165
35	304	10.2	3.016935813636
35	305	10.3	1.6535437812627
35	306	10.4	2.3580949185499
35	307	10.5	1.6284212208385
35	308	10.6	2.9919274605178
35	309	10.7	0.973
35	310	10.8	2.7068448779272
35	311	10.9	2.2584080053179
35	312	11	2.1548390752901
35	313	11.1	1.667740123172
35	314	11.2	2.508112457778
35	315	11.3	1.2967687286292
35	316	11.4	2.6303508175084
35	317	11.5	1.5561893334386
35	319	11.6	2.8434459164955
35	358	11.7	1.7062484663115
35	359	11.8	0.973
35	360	11.9	2.5536896727152
35	361	12	0.973
35	362	12.1	0.973
35	363	12.2	0.973
35	364	12.3	0.973
35	365	12.4	0.973
35	366	12.5	0.973
35	368	12.6	0.973
35	445	12.7	0.973
35	485	12.8	0.973
35	704	12.9	0.973
35	705	13	0.973
35	706	13.1	0.973
35	707	13.2	0.973
35	708	13.3	0.973
35	709	13.4	0.973
35	710	13.5	0.973
35	711	13.6	0.973
35	712	13.7	0.973
35	713	13.8	0.973
35	714	13.9	0.973
35	715	14	0.973
35	716	14.1	0.973
35	717	14.2	0.973
35	718	14.3	0.973
35	719	14.4	0.973
35	720	14.5	0.973
35	721	14.6	0.973
35	722	14.7	0.973
35	723	14.8	0.973
35	724	14.9	0.973
35	725	15	0.973
35	726	15.1	0.973
35	727	15.2	0.973
35	728	15.3	0.973
35	729	15.4	0.973
35	730	15.5	0.973
35	731	15.6	0.973
35	732	15.7	0.973
35	733	15.8	0.973
35	734	15.9	0.973
35	735	16	0.973
35	736	16.1	0.973
35	737	16.2	0.973
35	738	16.3	0.973
35	739	16.4	0.973
35	740	16.5	0.973
35	741	16.6	0.973
35	742	16.7	0.973
35	743	16.8	0.973
35	744	16.9	0.973
35	745	17	1.2854600236512
35	746	17.1	1.4609297892096
35	747	17.2	1.6364190385823
35	748	17.3	1.761102957302
35	749	17.4	1.9183771778298
35	750	17.5	2.1101227271678
35	751	17.6	2.1625714528581
35	752	17.7	2.2870936808654
35	753	17.8	2.382195991225
35	754	17.9	2.4618797633679
35	755	18	2.8474067208001
35	756	18.1	2.699108350701
35	757	18.2	2.9044954418069
35	758	18.3	3.169459106448
35	759	18.4	3.1741223621821
35	760	18.5	3.3750397412355
35	762	18.6	3.5135624293648
35	801	18.7	3.5570847841071
35	802	18.8	3.6742641987046
35	803	18.9	3.8951471774286
35	804	19	4.1952376880339
35	805	19.1	4.1213088098303
35	806	19.2	4.5218034113511
35	807	19.3	4.902688891268
35	808	19.4	4.5957960845822
35	809	19.5	5.0208830482553
35	810	19.6	4.6783986905045
35	811	19.7	5.5232478964183
35	812	19.8	5.1112634378178
35	813	19.9	5.1196671447471
35	814	20	5.6066190486944
35	815	20.1	5.8510265415281
35	816	20.2	5.8817346563565
35	817	20.3	5.8411104472482
35	818	20.4	6.2245064805851
35	819	20.5	6.7367361523018
35	820	20.6	6.4812827859242
35	821	20.7	6.500907906361
35	822	20.8	7.2396561912121
35	823	20.9	7.3772847880568
35	824	21	7.5310403958391
35	825	21.1	7.5860233022188
35	826	21.2	7.8420104876616
35	827	21.3	7.8058389426316
35	828	21.4	7.3066908770507
35	829	21.5	7.3716779519609
35	830	21.6	8.6155411768512
35	831	21.7	7.9348538862364
35	832	21.8	8.9972222505039
35	833	21.9	8.4272714555791
35	834	22	8.4677429712681
35	835	22.1	9.5311125544221
35	836	22.2	8.8068806954612
35	837	22.3	8.7280372974134
35	838	22.4	9.6697405919115
35	839	22.5	9.5959443381556
35	840	22.6	10.184470937705
35	841	22.7	9.2150219384293
35	842	22.8	8.4107805796316
35	843	22.9	1.6034473352641
35	844	23	1.6538154713886
35	845	23.1	2.7429858704881
35	846	23.2	0.973
35	847	23.3	2.1758825614299
35	848	23.4	2.5646808588543
35	849	23.5	2.6086591504745
35	850	23.6	1.2797730738872
35	851	23.7	2.4508310144012
35	852	23.8	1.7190431941976
35	853	23.9	2.4862993276198
35	854	24	2.282813858922
35	855	24.1	2.1876869016011
35	856	24.2	1.4358803742202
35	857	24.3	1.2816127941558
35	858	24.4	2.3544675911589
35	859	24.5	1.6831541621276
35	860	24.6	2.4209295238686
35	861	24.7	1.4139078664378
35	862	24.8	3.0121693092771
35	863	24.9	2.0575469819641
35	864	25	1.1756444007525
35	865	25.1	1.8825637281331
35	866	25.2	2.718509881512
35	867	25.3	2.2152091655836
35	868	25.4	2.0546250776806
35	869	25.5	1.6059439323287
35	870	25.6	2.9490164183562
35	871	25.7	2.1267002927316
35	872	25.8	1.7694485871665
35	873	25.9	0.973
35	874	26	3.2440721166302
35	875	26.1	1.8506747513387
35	876	26.2	1.1548027837805
35	877	26.3	2.9586484318772
35	878	26.4	1.9041167687341
35	879	26.5	2.5971299909001
35	880	26.6	1.3024586681483
35	881	26.7	1.8126251258166
35	882	26.8	2.1962288127582
35	883	26.9	1.9716255323403
35	884	27	1.417334007967
35	885	27.1	2.3514067244271
35	886	27.2	2.8508517140736
35	887	27.3	0.973
35	888	27.4	3.0362445753057
35	889	27.5	1.1346664636606
35	890	27.6	2.0826113083437
35	891	27.7	1.9606162240535
35	892	27.8	1.9301325064626
35	893	27.9	2.7860561754728
35	894	28	1.5550675861478
35	895	28.1	3.2295841121786
35	896	28.2	2.0018738999987
35	897	28.3	1.9180022271088
35	898	28.4	0.973
35	899	28.5	1.9957231829827
35	900	28.6	3.4178299778023
35	901	28.7	1.5761697451451
35	902	28.8	1.9191442788695
35	903	28.9	1.3427673131049
35	904	29	2.4690312304976
35	905	29.1	1.9143634052916
35	906	29.2	2.735130477201
35	907	29.3	1.391697117282
35	908	29.4	1.514153493175
35	909	29.5	3.150209769776
35	910	29.6	0.973
35	911	29.7	2.0845257584627
35	912	29.8	3.3525105490892
35	913	29.9	1.9011651652696
35	914	30	0.973
35	915	30.1	2.7208831008451
35	916	30.2	1.1337915829097
35	917	30.3	1.889347584692
35	918	30.4	2.8259016034679
35	919	30.5	1.6708307253169
35	920	30.6	2.7697447005789
35	921	30.7	1.7870011526386
35	922	30.8	1.746928824056
35	923	30.9	2.1013811015945
35	924	31	1.6497385485314
35	925	31.1	2.659400840712
35	926	31.2	2.0925985168394
35	927	31.3	1.4088089463246
35	928	31.4	2.3056099475218
35	929	31.5	2.3140768886856
35	930	31.6	2.6338212577722
35	931	31.7	0.973
35	932	31.8	2.4312778152671
35	933	31.9	1.5583098552366
35	934	32	1.9000258818073
35	935	32.1	2.313219154763
35	936	32.2	3.0880378806253
35	937	32.3	1.0872534071801
35	938	32.4	1.5302126190807
35	939	32.5	3.1015776026101
35	940	32.6	0.973
35	941	32.7	3.0918652481981
35	942	32.8	0.973
35	943	32.9	2.1998868331835
35	944	33	2.5093010820326
35	945	33.1	2.4200490300088
35	946	33.2	1.1452646372708
35	947	33.3	2.267866972295
35	948	33.4	2.4651973956913
35	949	33.5	2.2057389142017
35	950	33.6	0.973
35	951	33.7	3.3752029025557
35	952	33.8	0.973
35	953	33.9	2.5348689188969
35	954	34	2.6388694011074
35	955	34.1	1.5779200245371
35	956	34.2	0.973
34	7	0.6	2.1788130396605
34	8	0.7	2.4092174016126
34	9	0.8	2.1691008704994
34	10	0.9	2.2864465625212
34	11	1	2.3867682699952
34	12	1.1	2.4814767189976
34	13	1.2	2.2401978649851
34	14	1.3	2.4713434631005
34	15	1.4	2.1170736717619
34	16	1.5	2.324712141715
34	17	1.6	2.4787203136086
34	19	1.7	2.3557098869607
34	20	1.8	2.0848543351516
34	21	1.9	2.4255137451645
34	22	2	2.471228997577
34	24	2.1	2.4207972979918
34	65	2.2	2.4055298253149
34	105	2.3	2.4149185141176
34	145	2.4	2.2439318074752
34	185	2.5	2.4493429377489
34	186	2.6	2.1226956876088
34	187	2.7	2.5444491058774
34	189	2.8	2.4734828176256
34	190	2.9	2.1567397458386
34	191	3	2.5226897063013
34	192	3.1	2.3453081510216
34	193	3.2	2.1430368069559
34	194	3.3	2.4298508222681
34	195	3.4	2.4356928192824
34	196	3.5	2.2327573843952
34	197	3.6	2.4773840383068
34	198	3.7	2.3702211695164
34	199	3.8	2.3310083961487
34	200	3.9	2.497264357144
34	201	4	2.2124395153392
34	202	4.1	2.2470873476844
34	203	4.2	2.4226263980567
34	204	4.3	2.4525060399901
34	206	4.4	2.486849439498
34	207	4.5	2.2602492329199
34	208	4.6	1.8940260521137
34	209	4.7	0.17089400161989
34	210	4.8	0.19396042563951
34	211	4.9	-0.40553188143297
34	212	5	0.32270542604849
34	213	5.1	0.018657505977906
34	214	5.2	-0.27988308012485
34	215	5.3	0.14117798077873
34	217	5.4	0.042390549527482
34	218	5.5	-0.0090365053154429
34	219	5.6	-0.15407277333551
34	220	5.7	0.13682927883231
34	221	5.8	-0.18869026965461
34	222	5.9	0.18733869909308
34	223	6	-0.26525619857013
34	224	6.1	0.33869065746666
34	225	6.2	0.15935314984992
34	226	6.3	-0.25957357120701
34	227	6.4	0.054693600460887
34	228	6.5	0.1102887450438
34	229	6.6	-0.086002167146653
34	230	6.7	0.11895734132269
34	231	6.8	-0.11716130794026
34	232	6.9	0.082678044680495
34	233	7	0.007351902667434
34	235	7.1	-0.29501076593062
34	274	7.2	0.18616944022476
34	275	7.3	-0.028199194110936
34	276	7.4	0.12652102895082
34	277	7.5	0.0064755326695654
34	278	7.6	-0.34358872392215
34	279	7.7	0.10796257664451
34	280	7.8	0.045831541763608
34	281	7.9	-0.12549615792929
34	282	8	0.25900597217491
34	283	8.1	0.10514677699657
34	284	8.2	-0.23017634511927
34	285	8.3	0.12371929798276
34	286	8.4	-0.25569460197351
34	287	8.5	0.26062781900167
34	288	8.6	0.092189837368206
34	289	8.7	-0.22910034251399
34	290	8.8	-0.064076628908509
34	291	8.9	0.15648401510902
34	292	9	-0.20084157374688
34	293	9.1	-0.025626184009013
34	294	9.2	0.25851163897663
34	295	9.3	-0.15934508851728
34	296	9.4	0.21101422136649
34	297	9.5	-0.15534361167811
34	298	9.6	0.013151322798812
34	299	9.7	-0.14276003210806
34	300	9.8	0.10395143330097
34	301	9.9	-0.0024964421521823
34	302	10	0.067567025152968
34	303	10.1	-0.2339034652058
34	304	10.2	0.29646716299467
34	305	10.3	-0.11109778960236
34	306	10.4	0.099440599326037
34	307	10.5	-0.11857662941328
34	308	10.6	0.28817848536185
34	309	10.7	-0.41213932379149
34	310	10.8	0.20394030869937
34	311	10.9	0.069510647766293
34	312	11	0.038408406423418
34	313	11.1	-0.10698805786669
34	314	11.2	0.14388411092572
34	315	11.3	-0.21788279203699
34	316	11.4	0.18058456924745
34	317	11.5	-0.14029833263718
34	319	11.6	0.24380215500482
34	358	11.7	-0.095734098274267
34	359	11.8	-0.3218641288951
34	360	11.9	0.15831412467174
34	361	12	-2.6147801712353
34	362	12.1	-4.5
34	363	12.2	-4.4411645287824
34	364	12.3	-4.5
34	365	12.4	-4.5
34	366	12.5	-4.5
34	368	12.6	-4.5
34	445	12.7	-4.5
34	485	12.8	-4.5
34	704	12.9	-4.5
34	705	13	-4.5
34	706	13.1	-4.5
34	707	13.2	-4.5
34	708	13.3	-4.5
34	709	13.4	-4.5
34	710	13.5	-4.5
34	711	13.6	-4.5
34	712	13.7	-4.5
34	713	13.8	-4.5
34	714	13.9	-4.5
34	715	14	-4.5
34	716	14.1	-4.5
34	717	14.2	-4.5
34	718	14.3	-4.5
34	719	14.4	-4.5
34	720	14.5	-4.5
34	721	14.6	-4.5
34	722	14.7	-4.5
34	723	14.8	-4.5
34	724	14.9	-4.5
34	725	15	-4.5
34	726	15.1	-1.0500803134025
34	727	15.2	-0.016470267512518
34	728	15.3	0
34	729	15.4	0
34	730	15.5	0
34	731	15.6	0
34	732	15.7	0
34	733	15.8	0
34	734	15.9	0
34	735	16	0
34	736	16.1	0
34	737	16.2	0
34	738	16.3	0
34	739	16.4	0
34	740	16.5	0
34	741	16.6	0
34	742	16.7	0
34	743	16.8	0
34	744	16.9	0
34	745	17	2.6
34	746	17.1	2.6
34	747	17.2	2.6
34	748	17.3	2.4382378986701
34	749	17.4	2.4440561502673
34	750	17.5	2.5273965057792
34	751	17.6	2.2938749237664
34	752	17.7	2.2685812530361
34	753	17.8	2.2004412070546
34	754	17.9	2.1253808564571
34	755	18	2.5068401914369
34	756	18.1	2.0942474222556
34	757	18.2	2.2055363167636
34	758	18.3	2.3642063938919
34	759	18.4	2.2091360120289
34	760	18.5	2.2832979192957
34	762	18.6	2.2841814603843
34	801	18.7	2.1967262152396
34	802	18.8	2.187108898554
34	803	18.9	2.2663610595651
34	804	19	2.3982176503446
34	805	19.1	2.2245505203959
34	806	19.2	2.4230194622092
34	807	19.3	2.5817810089421
34	808	19.4	2.2558056764398
34	809	19.5	2.4448062762245
34	810	19.6	2.1291151449643
34	811	19.7	2.5695735070109
34	812	19.8	2.2255841291789
34	813	19.9	2.1543283091392
34	814	20	2.3547720135096
34	815	20.1	2.4061159060989
34	816	20.2	2.3415572264977
34	817	20.3	2.2464790643658
34	818	20.4	2.3679415802751
34	819	20.5	2.540171626918
34	820	20.6	2.3416321271658
34	821	20.7	2.2832853962202
34	822	20.8	2.5464843237679
34	823	20.9	2.5306366966572
34	824	21	2.5226381803863
34	825	21.1	2.4748933963478
34	826	21.2	2.5104910669569
34	827	21.3	2.4298876920622
34	828	21.4	2.1782610762212
34	829	21.5	2.1532485017273
34	830	21.6	2.5611344984732
34	831	21.7	2.2536330876686
34	832	21.8	2.5765725111403
34	833	21.9	2.3185956491996
34	834	22	2.2816912835836
34	835	22.1	2.5849128132407
34	836	22.2	2.2906891406793
34	837	22.3	2.2184508847259
34	838	22.4	2.4696825713012
34	839	22.5	2.394625989655
34	840	22.6	2.5233687769901
34	841	22.7	2.1829354982357
34	842	22.8	1.9069502756546
34	843	22.9	-0.12643020889721
34	844	23	-0.11112084169872
34	845	23.1	0.21383966197259
34	846	23.2	-0.46688543242402
34	847	23.3	0.045808302368968
34	848	23.4	0.161652455898
34	849	23.5	0.1740697619319
34	850	23.6	-0.22292019691319
34	851	23.7	0.12726075946354
34	852	23.8	-0.091461647553377
34	853	23.9	0.13768599364907
34	854	24	0.076551614217468
34	855	24.1	0.047953948760391
34	856	24.2	-0.176387154432
34	857	24.3	-0.2222250810452
34	858	24.4	0.098913889434193
34	859	24.5	-0.10188540611416
34	860	24.6	0.11875110859982
34	861	24.7	-0.18246459846385
34	862	24.8	0.29520142504946
34	863	24.9	0.0095644266530748
34	864	25	-0.25396228983997
34	865	25.1	-0.041975541450086
34	866	25.2	0.20770012777298
34	867	25.3	0.056839350974194
34	868	25.4	0.0087605019844972
34	869	25.5	-0.12522297678515
34	870	25.6	0.27561681230553
34	871	25.7	0.029739982793107
34	872	25.8	-0.076824407326068
34	873	25.9	-0.34676682927644
34	874	26	0.3639743949566
34	875	26.1	-0.052444949215289
34	876	26.2	-0.26025411146692
34	877	26.3	0.27881742154248
34	878	26.4	-0.036412773970511
34	879	26.5	0.17014391461387
34	880	26.6	-0.21630252409727
34	881	26.7	-0.063495417153465
34	882	26.8	0.051158187855034
34	883	26.9	-0.016002990491675
34	884	27	-0.18156908541918
34	885	27.1	0.097964881965886
34	886	27.2	0.24633406251668
34	887	27.3	-0.42408589899539
34	888	27.4	0.30238514729776
34	889	27.5	-0.2662236284651
34	890	27.6	0.01786717030221
34	891	27.7	-0.01864213722758
34	892	27.8	-0.027701113009826
34	893	27.9	0.22784776218234
34	894	28	-0.14032753651961
34	895	28.1	0.35937063233927
34	896	28.2	-0.0075052999611991
34	897	28.3	-0.032480434412143
34	898	28.4	-0.39345303925685
34	899	28.5	-0.0080522885546053
34	900	28.6	0.41578255761415
34	901	28.7	-0.13441719355061
34	902	28.8	-0.031712629254912
34	903	28.9	-0.20388072193601
34	904	29	0.13312998894602
34	905	29.1	-0.032853273376823
34	906	29.2	0.21198522494176
34	907	29.3	-0.18942165056243
34	908	29.4	-0.15245861857199
34	909	29.5	0.33613667079248
34	910	29.6	-0.34149598608725
34	911	29.7	0.018477965863415
34	912	29.8	0.39620127991773
34	913	29.9	-0.037476209187872
34	914	30	-0.31076210138389
34	915	30.1	0.20805488730781
34	916	30.2	-0.26648112655616
34	917	30.3	-0.039885845426486
34	918	30.4	0.23979208702222
34	919	30.5	-0.10571247265673
34	920	30.6	0.22244066790677
34	921	30.7	-0.071294521531087
34	922	30.8	-0.083082803292207
34	923	30.9	0.022969890702527
34	924	31	-0.11198406401091
34	925	31.1	0.18967605744489
34	926	31.2	0.020029626926394
34	927	31.3	-0.18421052755787
34	928	31.4	0.084116410017003
34	929	31.5	0.086334963627159
34	930	31.6	0.18120790725575
34	931	31.7	-0.32210101303646
34	932	31.8	0.12147494757549
34	933	31.9	-0.13945157380775
34	934	32	-0.036997776487855
34	935	32.1	0.086478754105048
34	936	32.2	0.3167830894515
34	937	32.3	-0.2806298733689
34	938	32.4	-0.14774489575997
34	939	32.5	0.32140025654808
34	940	32.6	-0.3148788477853
34	941	32.7	0.31847744129598
34	942	32.8	-0.36309659897348
34	943	32.9	0.05287635721265
34	944	33	0.1449917367939
34	945	33.1	0.11781942688859
34	946	33.2	-0.2631132828351
34	947	33.3	0.072985657462841
34	948	33.4	0.13155478326604
34	949	33.5	0.05374516554177
34	950	33.6	-0.32234148962424
34	951	33.7	0.4030134523753
34	952	33.8	-0.28733012136071
34	953	33.9	0.15240140978246
34	954	34	0.18272042309865
34	955	34.1	-0.13400310634635
34	956	34.2	-0.33823208940216
29	6	0.5	4.2597053286238
29	7	0.6	4.4775866325898
29	8	0.7	4.7185083727511
29	9	0.8	4.935418459801
29	10	0.9	5.1640631160531
29	11	1	5.4027399430526
29	12	1.1	5.6508876149524
29	13	1.2	5.8749074014509
29	14	1.3	6.122041747761
29	15	1.4	6.3337491149371
29	16	1.5	6.5662203291086
29	17	1.6	6.8140923604695
29	19	1.7	7.0496633491656
29	20	1.8	7.2581487826807
29	21	1.9	7.5007001571972
29	22	2	7.7478230569549
29	24	2.1	7.9899027867541
29	65	2.2	8.2304557692856
29	105	2.3	8.4719476206973
29	145	2.4	8.6963408014448
29	185	2.5	8.9412750952197
29	186	2.6	9.1535446639806
29	187	2.7	9.4079895745683
29	189	2.8	9.6553378563309
29	190	2.9	9.8710118309148
29	191	3	10.123280801545
29	192	3.1	10.357811616647
29	193	3.2	10.572115297343
29	194	3.3	10.815100379569
29	195	3.4	11.058669661498
29	196	3.5	11.281945399937
29	197	3.6	11.529683803768
29	198	3.7	11.76670592072
29	199	3.8	11.999806760334
29	200	3.9	12.249533196049
29	201	4	12.470777147583
29	202	4.1	12.695485882351
29	203	4.2	12.937748522157
29	204	4.3	13.182999126156
29	206	4.4	13.431684070106
29	207	4.5	13.657708993398
29	208	4.6	13.847111598609
29	209	4.7	13.864200998771
29	210	4.8	13.883597041335
29	211	4.9	13.843043853192
29	212	5	13.875314395797
29	213	5.1	13.877180146394
29	214	5.2	13.849191838382
29	215	5.3	13.86330963646
29	217	5.4	13.867548691412
29	218	5.5	13.866645040881
29	219	5.6	13.851237763547
29	220	5.7	13.864920691431
29	221	5.8	13.846051664465
29	222	5.9	13.864785534374
29	223	6	13.838259914517
29	224	6.1	13.872128980264
29	225	6.2	13.888064295249
29	226	6.3	13.862106938128
29	227	6.4	13.867576298174
29	228	6.5	13.878605172679
29	229	6.6	13.870004955964
29	230	6.7	13.881900690096
29	231	6.8	13.870184559302
29	232	6.9	13.87845236377
29	233	7	13.879187554037
29	235	7.1	13.849686477444
29	274	7.2	13.868303421467
29	275	7.3	13.865483502056
29	276	7.4	13.878135604951
29	277	7.5	13.878783158218
29	278	7.6	13.844424285825
29	279	7.7	13.85522054349
29	280	7.8	13.859803697666
29	281	7.9	13.847254081873
29	282	8	13.873154679091
29	283	8.1	13.88366935679
29	284	8.2	13.860651722278
29	285	8.3	13.873023652077
29	286	8.4	13.847454191879
29	287	8.5	13.87351697378
29	288	8.6	13.882735957516
29	289	8.7	13.859825923265
29	290	8.8	13.853418260374
29	291	8.9	13.869066661885
29	292	9	13.84898250451
29	293	9.1	13.846419886109
29	294	9.2	13.872271050007
29	295	9.3	13.856336541155
29	296	9.4	13.877437963292
29	297	9.5	13.861903602124
29	298	9.6	13.863218734404
29	299	9.7	13.848942731193
29	300	9.8	13.859337874523
29	301	9.9	13.859088230308
29	302	10	13.865844932823
29	303	10.1	13.842454586303
29	304	10.2	13.872101302602
29	305	10.3	13.860991523642
29	306	10.4	13.870935583575
29	307	10.5	13.859077920633
29	308	10.6	13.88789576917
29	309	10.7	13.84668183679
29	310	10.8	13.86707586766
29	311	10.9	13.874026932437
29	312	11	13.877867773079
29	313	11.1	13.867168967293
29	314	11.2	13.881557378385
29	315	11.3	13.859769099182
29	316	11.4	13.877827556106
29	317	11.5	13.863797722843
29	319	11.6	13.888177938343
29	358	11.7	13.878604528516
29	359	11.8	13.846418115626
29	360	11.9	13.862249528093
29	361	12	13.60077151097
29	362	12.1	13.15077151097
29	363	12.2	12.706655058091
29	364	12.3	12.256655058091
29	365	12.4	11.806655058091
29	366	12.5	11.356655058091
29	368	12.6	10.906655058091
29	445	12.7	10.456655058091
29	485	12.8	10.006655058091
29	704	12.9	9.5566550580915
29	705	13	9.1066550580915
29	706	13.1	8.6566550580915
29	707	13.2	8.2066550580915
29	708	13.3	7.7566550580915
29	709	13.4	7.3066550580915
29	710	13.5	6.8566550580915
29	711	13.6	6.4066550580915
29	712	13.7	5.9566550580915
29	713	13.8	5.5066550580915
29	714	13.9	5.0566550580915
29	715	14	4.6066550580915
29	716	14.1	4.1566550580915
29	717	14.2	3.7066550580915
29	718	14.3	3.2566550580915
29	719	14.4	2.8066550580915
29	720	14.5	2.3566550580915
29	721	14.6	1.9066550580915
29	722	14.7	1.4566550580915
29	723	14.8	1.0066550580915
29	724	14.9	0.5566550580915
29	725	15	0.1066550580915
29	726	15.1	0.0016470267512518
29	727	15.2	0
29	728	15.3	0
29	729	15.4	0
29	730	15.5	0
29	731	15.6	0
29	732	15.7	0
29	733	15.8	0
29	734	15.9	0
29	735	16	0
29	736	16.1	0
29	737	16.2	0
29	738	16.3	0
29	739	16.4	0
29	740	16.5	0
29	741	16.6	0
29	742	16.7	0
29	743	16.8	0
29	744	16.9	0
29	745	17	0.26
29	746	17.1	0.52
29	747	17.2	0.78
29	748	17.3	1.023823789867
29	749	17.4	1.2682294048937
29	750	17.5	1.5209690554717
29	751	17.6	1.7503565478483
29	752	17.7	1.9772146731519
29	753	17.8	2.1972587938574
29	754	17.9	2.4097968795031
29	755	18	2.6604808986468
29	756	18.1	2.8699056408723
29	757	18.2	3.0904592725487
29	758	18.3	3.3268799119379
29	759	18.4	3.5477935131408
29	760	18.5	3.7761233050703
29	762	18.6	4.0045414511088
29	801	18.7	4.2242140726327
29	802	18.8	4.4429249624881
29	803	18.9	4.6695610684446
29	804	19	4.9093828334791
29	805	19.1	5.1318378855187
29	806	19.2	5.3741398317396
29	807	19.3	5.6323179326338
29	808	19.4	5.8578985002778
29	809	19.5	6.1023791279003
29	810	19.6	6.3152906423967
29	811	19.7	6.5722479930978
29	812	19.8	6.7948064060157
29	813	19.9	7.0102392369296
29	814	20	7.2457164382806
29	815	20.1	7.4863280288904
29	816	20.2	7.7204837515402
29	817	20.3	7.9451316579768
29	818	20.4	8.1819258160043
29	819	20.5	8.4359429786961
29	820	20.6	8.6701061914127
29	821	20.7	8.8984347310347
29	822	20.8	9.1530831634115
29	823	20.9	9.4061468330772
29	824	21	9.6584106511158
29	825	21.1	9.9058999907506
29	826	21.2	10.156949097446
29	827	21.3	10.399937866653
29	828	21.4	10.617763974275
29	829	21.5	10.833088824447
29	830	21.6	11.089202274295
29	831	21.7	11.314565583062
29	832	21.8	11.572222834176
29	833	21.9	11.804082399096
29	834	22	12.032251527454
29	835	22.1	12.290742808778
29	836	22.2	12.519811722846
29	837	22.3	12.741656811318
29	838	22.4	12.988625068449
29	839	22.5	13.228087667414
29	840	22.6	13.480424545113
29	841	22.7	13.698718094937
29	842	22.8	13.889413122502
29	843	22.9	13.876770101612
29	844	23	13.865658017443
29	845	23.1	13.88704198364
29	846	23.2	13.840353440397
29	847	23.3	13.844934270634
29	848	23.4	13.861099516224
29	849	23.5	13.878506492417
29	850	23.6	13.856214472726
29	851	23.7	13.868940548672
29	852	23.8	13.859794383917
29	853	23.9	13.873562983282
29	854	24	13.881218144704
29	855	24.1	13.88601353958
29	856	24.2	13.868374824136
29	857	24.3	13.846152316032
29	858	24.4	13.856043704975
29	859	24.5	13.845855164364
29	860	24.6	13.857730275224
29	861	24.7	13.839483815378
29	862	24.8	13.869003957883
29	863	24.9	13.869960400548
29	864	25	13.844564171564
29	865	25.1	13.840366617419
29	866	25.2	13.861136630196
29	867	25.3	13.866820565294
29	868	25.4	13.867696615492
29	869	25.5	13.855174317813
29	870	25.6	13.882735999044
29	871	25.7	13.885709997323
29	872	25.8	13.878027556591
29	873	25.9	13.843350873663
29	874	26	13.879748313159
29	875	26.1	13.874503818237
29	876	26.2	13.848478407091
29	877	26.3	13.876360149245
29	878	26.4	13.872718871848
29	879	26.5	13.889733263309
29	880	26.6	13.868103010899
29	881	26.7	13.861753469184
29	882	26.8	13.86686928797
29	883	26.9	13.86526898892
29	884	27	13.847112080378
29	885	27.1	13.856908568575
29	886	27.2	13.881541974827
29	887	27.3	13.839133384927
29	888	27.4	13.869371899657
29	889	27.5	13.84274953681
29	890	27.6	13.844536253841
29	891	27.7	13.842672040118
29	892	27.8	13.839901928817
29	893	27.9	13.862686705035
29	894	28	13.848653951383
29	895	28.1	13.884591014617
29	896	28.2	13.883840484621
29	897	28.3	13.88059244118
29	898	28.4	13.841247137254
29	899	28.5	13.840441908399
29	900	28.6	13.88202016416
29	901	28.7	13.868578444805
29	902	28.8	13.86540718188
29	903	28.9	13.845019109686
29	904	29	13.858332108581
29	905	29.1	13.855046781243
29	906	29.2	13.876245303737
29	907	29.3	13.857303138681
29	908	29.4	13.842057276824
29	909	29.5	13.875670943903
29	910	29.6	13.841521345294
29	911	29.7	13.84336914188
29	912	29.8	13.882989269872
29	913	29.9	13.879241648953
29	914	30	13.848165438815
29	915	30.1	13.868970927546
29	916	30.2	13.84232281489
29	917	30.3	13.838334230348
29	918	30.4	13.86231343905
29	919	30.5	13.851742191784
29	920	30.6	13.873986258575
29	921	30.7	13.866856806422
29	922	30.8	13.858548526092
29	923	30.9	13.860845515163
29	924	31	13.849647108762
29	925	31.1	13.868614714506
29	926	31.2	13.870617677199
29	927	31.3	13.852196624443
29	928	31.4	13.860608265445
29	929	31.5	13.869241761807
29	930	31.6	13.887362552533
29	931	31.7	13.855152451229
29	932	31.8	13.867299945987
29	933	31.9	13.853354788606
29	934	32	13.849655010957
29	935	32.1	13.858302886368
29	936	32.2	13.889981195313
29	937	32.3	13.861918207976
29	938	32.4	13.8471437184
29	939	32.5	13.879283744055
29	940	32.6	13.847795859276
29	941	32.7	13.879643603406
29	942	32.8	13.843333943509
29	943	32.9	13.84862157923
29	944	33	13.863120752909
29	945	33.1	13.874902695598
29	946	33.2	13.848591367315
29	947	33.3	13.855889933061
29	948	33.4	13.869045411387
29	949	33.5	13.874419927942
29	950	33.6	13.842185778979
29	951	33.7	13.882487124217
29	952	33.8	13.853754112081
29	953	33.9	13.868994253059
29	954	34	13.887266295369
29	955	34.1	13.873865984734
29	956	34.2	13.840042775794
19	5	0.4	229.8
19	6	0.5	229.8
19	7	0.6	229.8
19	8	0.7	229.8
19	9	0.8	229.8
19	10	0.9	229.8
19	11	1	229.8
19	12	1.1	229.8
19	13	1.2	229.8
19	14	1.3	229.8
19	15	1.4	229.8
19	16	1.5	229.8
19	17	1.6	229.8
19	19	1.7	229.8
19	20	1.8	229.8
19	21	1.9	229.8
19	22	2	229.8
19	24	2.1	229.8
19	65	2.2	229.8
19	105	2.3	229.8
19	145	2.4	229.8
19	185	2.5	229.8
19	186	2.6	229.8
19	187	2.7	229.8
19	189	2.8	229.8
19	190	2.9	229.8
19	191	3	229.8
19	192	3.1	229.8
19	193	3.2	229.8
19	194	3.3	229.8
19	195	3.4	229.8
19	196	3.5	229.8
19	197	3.6	229.8
19	198	3.7	229.8
19	199	3.8	229.8
19	200	3.9	229.8
19	201	4	229.8
19	202	4.1	229.8
19	203	4.2	229.8
19	204	4.3	229.8
19	206	4.4	229.8
19	207	4.5	229.8
19	208	4.6	229.8
19	209	4.7	229.8
19	210	4.8	229.8
19	211	4.9	229.8
19	212	5	229.8
19	213	5.1	229.8
19	214	5.2	229.8
19	215	5.3	229.8
19	217	5.4	229.8
19	218	5.5	229.8
19	219	5.6	229.8
19	220	5.7	229.8
19	221	5.8	229.8
19	222	5.9	229.8
19	223	6	229.8
19	224	6.1	229.8
19	225	6.2	229.8
19	226	6.3	229.8
19	227	6.4	229.8
19	228	6.5	229.8
19	229	6.6	229.8
19	230	6.7	229.8
19	231	6.8	229.8
19	232	6.9	229.8
19	233	7	229.8
19	235	7.1	229.8
19	274	7.2	229.8
19	275	7.3	229.8
19	276	7.4	229.8
19	277	7.5	229.8
19	278	7.6	229.8
19	279	7.7	229.8
19	280	7.8	229.8
19	281	7.9	229.8
19	282	8	229.8
19	283	8.1	229.8
19	284	8.2	229.8
19	285	8.3	229.8
19	286	8.4	229.8
19	287	8.5	229.8
19	288	8.6	229.8
19	289	8.7	229.8
19	290	8.8	229.8
19	291	8.9	229.8
19	292	9	229.8
19	293	9.1	229.8
19	294	9.2	229.8
19	295	9.3	229.8
19	296	9.4	229.8
19	297	9.5	229.8
19	298	9.6	229.8
19	299	9.7	229.8
19	300	9.8	229.8
19	301	9.9	229.8
19	302	10	229.8
19	303	10.1	229.8
19	304	10.2	229.8
19	305	10.3	229.8
19	306	10.4	229.8
19	307	10.5	229.8
19	308	10.6	229.8
19	309	10.7	229.8
19	310	10.8	229.8
19	311	10.9	229.8
19	312	11	229.8
19	313	11.1	229.8
19	314	11.2	229.8
19	315	11.3	229.8
19	316	11.4	229.8
19	317	11.5	229.8
19	319	11.6	229.8
19	358	11.7	229.8
19	359	11.8	229.8
19	360	11.9	229.8
19	361	12	229.8
19	362	12.1	229.8
19	363	12.2	229.8
19	364	12.3	229.8
19	365	12.4	229.8
19	366	12.5	229.8
19	368	12.6	229.8
19	445	12.7	229.8
19	485	12.8	229.8
19	704	12.9	229.8
19	705	13	229.8
19	706	13.1	229.8
19	707	13.2	229.8
19	708	13.3	229.8
19	709	13.4	229.8
19	710	13.5	229.8
19	711	13.6	229.8
19	712	13.7	229.8
19	713	13.8	229.8
19	714	13.9	229.8
19	715	14	229.8
19	716	14.1	229.8
19	717	14.2	229.8
19	718	14.3	229.8
19	719	14.4	229.8
19	720	14.5	229.8
19	721	14.6	229.8
19	722	14.7	229.8
19	723	14.8	229.8
19	724	14.9	229.8
19	725	15	229.8
19	726	15.1	229.8
19	727	15.2	229.8
19	728	15.3	229.8
19	729	15.4	229.8
19	730	15.5	229.8
19	731	15.6	229.8
19	732	15.7	229.8
19	733	15.8	229.8
19	734	15.9	229.8
19	735	16	229.8
19	736	16.1	229.8
19	737	16.2	229.8
19	738	16.3	229.8
19	739	16.4	229.8
19	740	16.5	229.8
19	741	16.6	229.8
19	742	16.7	229.8
19	743	16.8	229.8
19	744	16.9	229.8
19	745	17	229.8
19	746	17.1	229.8
19	747	17.2	229.8
19	748	17.3	229.8
19	749	17.4	229.8
19	750	17.5	229.8
19	751	17.6	229.8
19	752	17.7	229.8
19	753	17.8	229.8
19	754	17.9	229.8
19	755	18	229.8
19	756	18.1	229.8
19	757	18.2	229.8
19	758	18.3	229.8
19	759	18.4	229.8
19	760	18.5	229.8
19	762	18.6	229.8
19	801	18.7	229.8
19	802	18.8	229.8
19	803	18.9	229.8
19	804	19	229.8
19	805	19.1	229.8
19	806	19.2	229.8
19	807	19.3	229.8
19	808	19.4	229.8
19	809	19.5	229.8
19	810	19.6	229.8
19	811	19.7	229.8
19	812	19.8	229.8
19	813	19.9	229.8
19	814	20	229.8
19	815	20.1	229.8
19	816	20.2	229.8
19	817	20.3	229.8
19	818	20.4	229.8
19	819	20.5	229.8
19	820	20.6	229.8
19	821	20.7	229.8
19	822	20.8	229.8
19	823	20.9	229.8
19	824	21	229.8
19	825	21.1	229.8
19	826	21.2	229.8
19	827	21.3	229.8
19	828	21.4	229.8
19	829	21.5	229.8
19	830	21.6	229.8
19	831	21.7	229.8
19	832	21.8	229.8
19	833	21.9	229.8
19	834	22	229.8
19	835	22.1	229.8
19	836	22.2	229.8
19	837	22.3	229.8
19	838	22.4	229.8
19	839	22.5	229.8
19	840	22.6	229.8
19	841	22.7	229.8
19	842	22.8	229.8
19	843	22.9	229.8
19	844	23	229.8
19	845	23.1	229.8
19	846	23.2	229.8
19	847	23.3	229.8
19	848	23.4	229.8
19	849	23.5	229.8
19	850	23.6	229.8
19	851	23.7	229.8
19	852	23.8	229.8
19	853	23.9	229.8
19	854	24	229.8
19	855	24.1	229.8
19	856	24.2	229.8
19	857	24.3	229.8
19	858	24.4	229.8
19	859	24.5	229.8
19	860	24.6	229.8
19	861	24.7	229.8
19	862	24.8	229.8
19	863	24.9	229.8
19	864	25	229.8
19	865	25.1	229.8
19	866	25.2	229.8
19	867	25.3	229.8
19	868	25.4	229.8
19	869	25.5	229.8
19	870	25.6	229.8
19	871	25.7	229.8
19	872	25.8	229.8
19	873	25.9	229.8
19	874	26	229.8
19	875	26.1	229.8
19	876	26.2	229.8
19	877	26.3	229.8
19	878	26.4	229.8
19	879	26.5	229.8
19	880	26.6	229.8
19	881	26.7	229.8
19	882	26.8	229.8
19	883	26.9	229.8
19	884	27	229.8
19	885	27.1	229.8
19	886	27.2	229.8
19	887	27.3	229.8
19	888	27.4	229.8
19	889	27.5	229.8
19	890	27.6	229.8
19	891	27.7	229.8
19	892	27.8	229.8
19	893	27.9	229.8
19	894	28	229.8
19	895	28.1	229.8
19	896	28.2	229.8
19	897	28.3	229.8
19	898	28.4	229.8
19	899	28.5	229.8
19	900	28.6	229.8
19	901	28.7	229.8
19	902	28.8	229.8
19	903	28.9	229.8
19	904	29	229.8
19	905	29.1	229.8
19	906	29.2	229.8
19	907	29.3	229.8
19	908	29.4	229.8
19	909	29.5	229.8
19	910	29.6	229.8
19	911	29.7	229.8
19	912	29.8	229.8
19	913	29.9	229.8
19	914	30	229.8
19	915	30.1	229.8
19	916	30.2	229.8
19	917	30.3	229.8
19	918	30.4	229.8
19	919	30.5	229.8
19	920	30.6	229.8
19	921	30.7	229.8
19	922	30.8	229.8
19	923	30.9	229.8
19	924	31	229.8
19	925	31.1	229.8
19	926	31.2	229.8
19	927	31.3	229.8
19	928	31.4	229.8
19	929	31.5	229.8
19	930	31.6	229.8
19	931	31.7	229.8
19	932	31.8	229.8
19	933	31.9	229.8
19	934	32	229.8
19	935	32.1	229.8
19	936	32.2	229.8
19	937	32.3	229.8
19	938	32.4	229.8
19	939	32.5	229.8
19	940	32.6	229.8
19	941	32.7	229.8
19	942	32.8	229.8
19	943	32.9	229.8
19	944	33	229.8
19	945	33.1	229.8
19	946	33.2	229.8
19	947	33.3	229.8
19	948	33.4	229.8
19	949	33.5	229.8
19	950	33.6	229.8
19	951	33.7	229.8
19	952	33.8	229.8
19	953	33.9	229.8
19	954	34	229.8
19	955	34.1	229.8
19	956	34.2	229.8
18	5	0.4	60.4
18	6	0.5	60.825970532862
18	7	0.6	61.273729196121
18	8	0.7	61.745580033396
18	9	0.8	62.239121879377
18	10	0.9	62.755528190982
18	11	1	63.295802185287
18	12	1.1	63.860890946782
18	13	1.2	64.448381686927
18	14	1.3	65.060585861704
18	15	1.4	65.693960773197
18	16	1.5	66.350582806108
18	17	1.6	67.031992042155
18	19	1.7	67.736958377072
18	20	1.8	68.46277325534
18	21	1.9	69.212843271059
18	22	2	69.987625576755
18	24	2.1	70.78661585543
18	65	2.2	71.609661432359
18	105	2.3	72.456856194429
18	145	2.4	73.326490274573
18	185	2.5	74.220617784095
18	186	2.6	75.135972250493
18	187	2.7	76.07677120795
18	189	2.8	77.042304993583
18	190	2.9	78.029406176675
18	191	3	79.041734256829
18	192	3.1	80.077515418494
18	193	3.2	81.134726948228
18	194	3.3	82.216236986185
18	195	3.4	83.322103952335
18	196	3.5	84.450298492328
18	197	3.6	85.603266872705
18	198	3.7	86.779937464777
18	199	3.8	87.979918140811
18	200	3.9	89.204871460416
18	201	4	90.451949175174
18	202	4.1	91.721497763409
18	203	4.2	93.015272615625
18	204	4.3	94.33357252824
18	206	4.4	95.676740935251
18	207	4.5	97.042511834591
18	208	4.6	98.427222994451
18	209	4.7	99.813643094329
18	210	4.8	101.20200279846
18	211	4.9	102.58630718378
18	212	5	103.97383862336
18	213	5.1	105.361556638
18	214	5.2	106.74647582184
18	215	5.3	108.13280678548
18	217	5.4	109.51956165463
18	218	5.5	110.90622615871
18	219	5.6	112.29134993507
18	220	5.7	113.67784200421
18	221	5.8	115.06244717066
18	222	5.9	116.4489257241
18	223	6	117.83275171555
18	224	6.1	119.21996461357
18	225	6.2	120.6087710431
18	226	6.3	121.99498173691
18	227	6.4	123.38173936673
18	228	6.5	124.769599884
18	229	6.6	126.15660037959
18	230	6.7	127.5447904486
18	231	6.8	128.93180890453
18	232	6.9	130.31965414091
18	233	7	131.70757289631
18	235	7.1	133.09254154406
18	274	7.2	134.4793718862
18	275	7.3	135.86592023641
18	276	7.4	137.25373379691
18	277	7.5	138.64161211273
18	278	7.6	140.02605454131
18	279	7.7	141.41157659566
18	280	7.8	142.79755696543
18	281	7.9	144.18228237361
18	282	8	145.56959784152
18	283	8.1	146.9579647772
18	284	8.2	148.34402994943
18	285	8.3	149.73133231464
18	286	8.4	151.11607773382
18	287	8.5	152.5034294312
18	288	8.6	153.89170302695
18	289	8.7	155.27768561928
18	290	8.8	156.66302744532
18	291	8.9	158.04993411151
18	292	9	159.43483236196
18	293	9.1	160.81947435057
18	294	9.2	162.20670145557
18	295	9.3	163.59233510968
18	296	9.4	164.98007890601
18	297	9.5	166.36626926623
18	298	9.6	167.75259113967
18	299	9.7	169.13748541279
18	300	9.8	170.52341920024
18	301	9.9	171.90932802327
18	302	10	173.29591251655
18	303	10.1	174.68015797518
18	304	10.2	176.06736810544
18	305	10.3	177.45346725781
18	306	10.4	178.84056081616
18	307	10.5	180.22646860823
18	308	10.6	181.61525818514
18	309	10.7	182.99992636882
18	310	10.8	184.38663395559
18	311	10.9	185.77403664883
18	312	11	187.16182342614
18	313	11.1	188.54854032287
18	314	11.2	189.93669606071
18	315	11.3	191.32267297063
18	316	11.4	192.71045572624
18	317	11.5	194.09683549852
18	319	11.6	195.48565329236
18	358	11.7	196.87351374521
18	359	11.8	198.25815555677
18	360	11.9	199.64438050958
18	361	12	201.00445766068
18	362	12.1	202.31953481177
18	363	12.2	203.59020031758
18	364	12.3	204.81586582339
18	365	12.4	205.9965313292
18	366	12.5	207.13219683501
18	368	12.6	208.22286234082
18	445	12.7	209.26852784663
18	485	12.8	210.26919335244
18	704	12.9	211.22485885825
18	705	13	212.13552436406
18	706	13.1	213.00118986986
18	707	13.2	213.82185537567
18	708	13.3	214.59752088148
18	709	13.4	215.32818638729
18	710	13.5	216.0138518931
18	711	13.6	216.65451739891
18	712	13.7	217.25018290472
18	713	13.8	217.80084841053
18	714	13.9	218.30651391634
18	715	14	218.76717942215
18	716	14.1	219.18284492796
18	717	14.2	219.55351043377
18	718	14.3	219.87917593957
18	719	14.4	220.15984144538
18	720	14.5	220.39550695119
18	721	14.6	220.586172457
18	722	14.7	220.73183796281
18	723	14.8	220.83250346862
18	724	14.9	220.88816897443
18	725	15	220.89883448024
18	726	15.1	220.89899918291
18	727	15.2	220.89899918291
18	728	15.3	220.89899918291
18	729	15.4	220.89899918291
18	730	15.5	220.89899918291
18	731	15.6	220.89899918291
18	732	15.7	220.89899918291
18	733	15.8	220.89899918291
18	734	15.9	220.89899918291
18	735	16	220.89899918291
18	736	16.1	220.89899918291
18	737	16.2	220.89899918291
18	738	16.3	220.89899918291
18	739	16.4	220.89899918291
18	740	16.5	220.89899918291
18	741	16.6	220.89899918291
18	742	16.7	220.89899918291
18	743	16.8	220.89899918291
18	744	16.9	220.89899918291
18	745	17	220.92499918291
18	746	17.1	220.97699918291
18	747	17.2	221.05499918291
18	748	17.3	221.1573815619
18	749	17.4	221.28420450239
18	750	17.5	221.43630140794
18	751	17.6	221.61133706272
18	752	17.7	221.80905853004
18	753	17.8	222.02878440942
18	754	17.9	222.26976409737
18	755	18	222.53581218724
18	756	18.1	222.82280275132
18	757	18.2	223.13184867858
18	758	18.3	223.46453666977
18	759	18.4	223.81931602109
18	760	18.5	224.19692835159
18	762	18.6	224.59738249671
18	801	18.7	225.01980390397
18	802	18.8	225.46409640022
18	803	18.9	225.93105250706
18	804	19	226.42199079041
18	805	19.1	226.93517457896
18	806	19.2	227.47258856214
18	807	19.3	228.0358203554
18	808	19.4	228.62161020543
18	809	19.5	229.23184811822
18	810	19.6	229.86337718246
18	811	19.7	230.52060198177
18	812	19.8	231.20008262237
18	813	19.9	231.90110654606
18	814	20	232.62567818989
18	815	20.1	233.37431099278
18	816	20.2	234.14635936793
18	817	20.3	234.94087253373
18	818	20.4	235.75906511533
18	819	20.5	236.6026594132
18	820	20.6	237.46967003234
18	821	20.7	238.35951350544
18	822	20.8	239.27482182179
18	823	20.9	240.21543650509
18	824	21	241.1812775702
18	825	21.1	242.17186756928
18	826	21.2	243.18756247902
18	827	21.3	244.22755626569
18	828	21.4	245.28933266312
18	829	21.5	246.37264154556
18	830	21.6	247.48156177299
18	831	21.7	248.6130183313
18	832	21.8	249.77024061472
18	833	21.9	250.95064885462
18	834	22	252.15387400737
18	835	22.1	253.38294828825
18	836	22.2	254.63492946053
18	837	22.3	255.90909514166
18	838	22.4	257.20795764851
18	839	22.5	258.53076641525
18	840	22.6	259.87880886976
18	841	22.7	261.24868067926
18	842	22.8	262.63762199151
18	843	22.9	264.02529900167
18	844	23	265.41186480341
18	845	23.1	266.80056900178
18	846	23.2	268.18460434582
18	847	23.3	269.56909777288
18	848	23.4	270.9552077245
18	849	23.5	272.34305837374
18	850	23.6	273.72867982102
18	851	23.7	275.11557387588
18	852	23.8	276.50155331427
18	853	23.9	277.8889096126
18	854	24	279.27703142707
18	855	24.1	280.66563278103
18	856	24.2	282.05247026344
18	857	24.3	283.43708549505
18	858	24.4	284.82268986555
18	859	24.5	286.20727538198
18	860	24.6	287.5930484095
18	861	24.7	288.97699679104
18	862	24.8	290.36389718683
18	863	24.9	291.75089322688
18	864	25	293.13534964404
18	865	25.1	294.51938630578
18	866	25.2	295.9054999688
18	867	25.3	297.29218202533
18	868	25.4	298.67895168688
18	869	25.5	300.06446911866
18	870	25.6	301.45274271857
18	871	25.7	302.8413137183
18	872	25.8	304.22911647396
18	873	25.9	305.61345156132
18	874	26	307.00142639264
18	875	26.1	308.38887677446
18	876	26.2	309.77372461517
18	877	26.3	311.1613606301
18	878	26.4	312.54863251728
18	879	26.5	313.93760584361
18	880	26.6	315.3244161447
18	881	26.7	316.71059149162
18	882	26.8	318.09727842042
18	883	26.9	319.48380531931
18	884	27	320.86851652735
18	885	27.1	322.25420738421
18	886	27.2	323.64236158169
18	887	27.3	325.02627492018
18	888	27.4	326.41321211015
18	889	27.5	327.79748706383
18	890	27.6	329.18194068921
18	891	27.7	330.56620789322
18	892	27.8	331.95019808611
18	893	27.9	333.33646675661
18	894	28	334.72133215175
18	895	28.1	336.10979125321
18	896	28.2	337.49817530167
18	897	28.3	338.88623454579
18	898	28.4	340.27035925951
18	899	28.5	341.65440345035
18	900	28.6	343.04260546677
18	901	28.7	344.42946331125
18	902	28.8	345.81600402944
18	903	28.9	347.20050594041
18	904	29	348.58633915127
18	905	29.1	349.97184382939
18	906	29.2	351.35946835976
18	907	29.3	352.74519867363
18	908	29.4	354.12940440131
18	909	29.5	355.5169714957
18	910	29.6	356.90112363023
18	911	29.7	358.28546054442
18	912	29.8	359.67375947141
18	913	29.9	361.0616836363
18	914	30	362.44650018019
18	915	30.1	363.83339727294
18	916	30.2	365.21762955443
18	917	30.3	366.60146297746
18	918	30.4	367.98769432137
18	919	30.5	369.37286854055
18	920	30.6	370.76026716641
18	921	30.7	372.14695284705
18	922	30.8	373.53280769966
18	923	30.9	374.91889225117
18	924	31	376.30385696205
18	925	31.1	377.6907184335
18	926	31.2	379.07778020122
18	927	31.3	380.46299986366
18	928	31.4	381.84906069021
18	929	31.5	383.23598486639
18	930	31.6	384.62472112164
18	931	31.7	386.01023636677
18	932	31.8	387.39696636136
18	933	31.9	388.78230184022
18	934	32	390.16726734132
18	935	32.1	391.55309762996
18	936	32.2	392.94209574949
18	937	32.3	394.32828757029
18	938	32.4	395.71300194213
18	939	32.5	397.10093031653
18	940	32.6	398.48570990246
18	941	32.7	399.8736742628
18	942	32.8	401.25800765715
18	943	32.9	402.64286981507
18	944	33	404.02918189036
18	945	33.1	405.41667215992
18	946	33.2	406.80153129666
18	947	33.3	408.18712028996
18	948	33.4	409.5740248311
18	949	33.5	410.96146682389
18	950	33.6	412.34568540179
18	951	33.7	413.73393411421
18	952	33.8	415.11930952542
18	953	33.9	416.50620895073
18	954	34	417.89493558026
18	955	34.1	419.28232217874
18	956	34.2	420.66632645632

